ags,name,verwaltungsform,bev_30_06,schulden_gesamt_eur,kredite_eur,kassenkredite_eur
01001000,"Flensburg, kreisfreie Stadt",30,96025,32122291,32122291,-
01002000,"Kiel, kreisfreie Stadt, Landeshauptstadt",30,250601,549867972,549867972,-
01003000,"Lübeck, kreisfreie Stadt, Hansestadt",30,216070,443709923,315718368,3850000
01004000,"Neumünster, kreisfreie Stadt",30,78982,118060727,107739806,-
01051010,"Dithmarschen, Kreisverwaltung",32,133334,44335667,44335667,-
01051100,"Brunsbüttel, Stadt",41,12675,34525709,4819125,-
01051200,Hemmingstedt,50,2855,8056406,8056406,-
01051200,"KLG Heider-Umland, Amtsverwaltung",55,15505,1136528,1136528,-
01051200,Lieth,50,381,-,-,-
01051200,Lohe-Rickelshof,50,2026,3197275,-,-
01051200,Neuenkirchen,50,936,3086000,-,-
01051200,Norderwöhrden,50,249,-,-,-
01051200,Nordhastedt,50,2775,1229645,-,-
01051200,Ostrohe,50,853,566000,566000,-
01051201,Stelle-Wittenwurth,50,473,42000,42000,-
01051201,Weddingstedt,50,2388,1317704,1317704,-
01051201,Wesseln,50,1375,947368,-,-
01051201,Wöhrden,50,1194,2818399,2818399,-
01051300,Averlak,50,590,532868,532868,-
01051300,Brickeln,50,189,186547,186547,-
01051300,Buchholz,50,1000,2379164,2379164,-
01051300,Burg (Dithmarschen),50,4131,6385761,6385761,-
01051300,"Burg-St. Michaelisdonn, Amtsverwaltung",55,15744,758200,758200,-
01051300,Dingen,50,656,617257,617257,-
01051300,Eddelak,50,1344,1698097,1698097,-
01051300,Eggstedt,50,751,739248,739248,-
01051300,Frestedt,50,352,410190,410190,-
01051300,Großenrade,50,487,331995,331995,-
01051300,Hochdonn,50,1110,714220,714220,-
01051300,Kuden,50,640,780309,-,-
01051300,Quickborn,50,185,-,-,-
01051300,Sankt Michaelisdonn,50,3519,568392,568392,-
01051301,Süderhastedt,50,790,812271,812271,-
01051400,"Heide, Stadt",41,21830,26646248,26646248,-
01051500,Albersdorf,50,3742,6207247,6207247,-
01051500,Arkebek,50,226,201880,201880,-
01051500,Bargenstedt,50,949,1246485,-,-
01051500,Barlt,50,734,1095792,1095792,-
01051500,Bunsoh,50,767,836831,836831,-
01051500,Busenwurth,50,305,74700,74700,-
01051500,Elpersbüttel,50,882,1046121,-,-
01051500,Epenwöhrden,50,757,1328736,-,-
01051500,Gudendorf,50,426,756591,756591,-
01051500,Immenstedt,50,108,145552,-,-
01051500,Krumstedt,50,512,1178371,-,-
01051500,"Meldorf, Stadt",50,7163,32064017,31370067,-
01051500,"Mitteldithmarschen, Amtsverwaltung",55,23164,5563914,1944400,-
01051500,Nindorf,50,1117,2199434,500000,-
01051500,Odderade,50,330,859557,-,-
01051500,Offenbüttel,50,247,547892,-,-
01051500,Osterrade,50,410,954302,-,-
01051500,Sarzbüttel,50,706,1182122,1182122,-
01051500,Schafstedt,50,1304,3240709,3118566,122143
01051501,Nordermeldorf,50,591,1004248,-,-
01051501,Schrum,50,80,213755,213755,-
01051501,Tensbüttel-Röst,50,650,1788059,1788059,-
01051501,Wennbüttel,50,88,191999,-,-
01051501,Windbergen,50,755,1342203,-,-
01051501,Wolmersdorf,50,315,524990,-,-
01051600,Diekhusen-Fahrstedt,50,675,358837,-,-
01051600,Friedrichskoog,50,2423,1836294,1598447,231295
01051600,Helse,50,818,296420,-,-
01051600,Kaiser-Wilhelm-Koog,50,356,-,-,-
01051600,Kronprinzenkoog,50,834,-,-,-
01051600,"Marne, Stadt",50,5674,5333626,3795889,-
01051600,"Marne-Nordsee, Amtsverwaltung",55,12813,8313114,8313114,-
01051600,Marnerdeich,50,396,1139668,1000277,139391
01051600,Neufeld,50,608,-,-,-
01051600,Neufelderkoog,50,104,-,-,-
01051600,Ramhusen,50,169,-,-,-
01051601,Schmedeswurth,50,183,-,-,-
01051601,Trennewurth,50,242,-,-,-
01051601,Volsemenhusen,50,331,-,-,-
01051800,Büsum,50,4957,27488674,22771778,1250452
01051800,"Büsum-Wesselburen, Amtsverwaltung",55,12710,221000,221000,-
01051800,Büsumer Deichhausen,50,347,-,-,-
01051800,Friedrichsgabekoog,50,56,-,-,-
01051800,Hedwigenkoog,50,212,207000,207000,-
01051800,Hellschen-Heringsand-Unterschaar,50,163,173481,15492,-
01051800,Hillgroven,50,52,20199,20199,-
01051800,Norddeich,50,437,318517,318517,-
01051800,Oesterdeichstrich,50,251,69413,-,-
01051800,Reinsbüttel,50,380,978252,698252,-
01051801,Oesterwurth,50,234,21840,-,-
01051801,Schülp,50,385,30828,-,-
01051801,Strübbel,50,73,11231,11231,-
01051801,Süderdeich,50,427,69582,-,-
01051801,Warwerort,50,229,-,-,-
01051801,"Wesselburen, Stadt",50,3458,4986713,4530218,-
01051801,Wesselburener Deichhausen,50,104,13130,13130,-
01051801,Wesselburenerkoog,50,160,63983,-,46931
01051801,Westerdeichstrich,50,785,165000,165000,-
01051900,Barkenholm,50,171,50000,50000,-
01051900,Bergewöhrden,50,34,157989,-,-
01051900,Dellstedt,50,729,1215898,1082098,-
01051900,Delve,50,759,400000,400000,-
01051900,Dörpling,50,663,1492126,911872,-
01051900,Fedderingen,50,274,248800,248800,-
01051900,Gaushorn,50,180,-,-,-
01051900,Glüsing,50,112,100000,-,-
01051900,Groven,50,95,160000,-,-
01051900,Hemme,50,521,-,-,-
01051900,Hennstedt,50,2073,3371056,3371056,-
01051900,Hollingstedt,50,307,244000,-,-
01051900,Hövede,50,62,230000,-,-
01051900,"KLG Eider, Amtsverwaltung",55,18893,12414524,1798132,-
01051900,Karolinenkoog,50,137,-,-,-
01051900,Kleve,50,417,329000,329000,-
01051900,Krempel,50,604,383500,-,-
01051900,Lehe,50,1075,847161,-,-
01051900,Linden,50,851,769869,769869,-
01051900,Lunden,50,1696,4652815,-,-
01051900,Norderheistedt,50,120,224243,-,-
01051900,Pahlen,50,1148,4303255,1836331,346449
01051900,Rehm-Flehde-Bargen,50,541,594864,133200,-
01051900,Sankt Annen,50,305,279389,-,-
01051901,Schalkholz,50,569,-,-,-
01051901,Schlichting,50,249,304000,-,-
01051901,Süderdorf,50,360,483000,-,-
01051901,Süderheistedt,50,542,1018545,-,-
01051901,Tellingstedt,50,2718,3701977,927975,-
01051901,Tielenhemme,50,159,495822,215500,-
01051901,Wallen,50,30,275484,56084,-
01051901,Welmbüttel,50,393,156000,-,-
01051901,Westerborstel,50,114,155888,-,-
01051901,Wiemerstedt,50,149,424122,424122,-
01051901,Wrohm,50,736,1411521,-,-
01053000,"Mölln, Stadt",41,19641,6044099,433750,-
01053000,"Ratzeburg, Stadt",41,14835,2436761,2130709,-
01053010,"Herzogtum Lauenburg, Kreisverwaltung",32,204878,5097950,-,-
01053100,Duvensee,50,555,-,-,-
01053100,Grinau,50,290,-,-,-
01053100,Groß Boden,50,231,-,-,-
01053100,Groß Schenkenberg,50,579,-,-,-
01053100,Klinkrade,50,598,-,-,-
01053100,Koberg,50,789,846409,846409,-
01053100,Kühsen,50,348,-,-,-
01053100,Labenz,50,893,517057,517057,-
01053100,Lankau,50,460,-,-,-
01053100,Linau,50,1214,-,-,-
01053100,Lüchow,50,292,-,-,-
01053100,Nusse,50,1162,581923,156923,-
01053100,Panten,50,670,-,-,-
01053100,Poggensee,50,386,65000,65000,-
01053100,"Sandesneben-Nusse, Amtsverwaltung",55,15780,8550281,4078371,1562240
01053101,Ritzerau,50,300,-,-,-
01053101,Sandesneben,50,1894,2448450,2448450,-
01053101,Schiphorst,50,679,194444,194444,-
01053101,Schönberg,50,1435,1055704,393104,-
01053101,Schürensöhlen,50,159,-,-,-
01053101,Siebenbäumen,50,607,299661,-,-
01053101,Sirksfelde,50,349,365000,167500,-
01053101,Steinhorst,50,567,9700,-,-
01053101,Stubben,50,390,-,-,-
01053101,Walksfelde,50,219,470500,470500,-
01053101,Wentorf (Amt Sandesneben),50,714,257848,138800,-
01053200,"Geesthacht, Stadt",41,32859,6215424,5926466,-
01053300,Alt-Mölln,50,851,128500,128500,-
01053300,Aumühle,50,3248,972530,-,-
01053300,Basedow,50,618,-,-,-
01053300,Basthorst,50,433,489764,-,-
01053300,Borstorf,50,318,-,-,-
01053300,Breitenfelde,50,2115,153300,153300,-
01053300,"Breitenfelde, Amtsverwaltung",55,6926,5906130,2695786,3210344
01053300,Brunstorf,50,794,1947253,-,-
01053300,Buchhorst,50,145,-,-,-
01053300,Bälau,50,220,-,-,-
01053300,Börnsen,50,4724,6340881,6229708,-
01053300,Dahmker,50,166,241376,241376,-
01053300,Dalldorf,50,351,20400,-,-
01053300,Dassendorf,50,3422,215407,178985,-
01053300,Elmenhorst,50,895,-,-,-
01053300,Escheburg,50,3821,269621,-,-
01053300,Fuhlenhagen,50,382,370863,370863,-
01053300,Grabau,50,367,2211372,1453642,757730
01053300,Grambek,50,545,-,-,-
01053300,Grove,50,268,115060,115060,-
01053300,Groß Pampau,50,187,139065,-,-
01053300,Gülzow,50,1345,1701288,-,-
01053300,Hamfelde,50,550,-,-,-
01053300,Hamwarde,50,879,3005004,-,-
01053300,Havekost,50,202,-,-,-
01053300,"Hohe Elbgeest, Amtsverwaltung",55,20985,6576985,-,-
01053300,Hohenhorn,50,537,-,-,-
01053300,Hornbek,50,217,-,-,-
01053300,Juliusburg,50,189,12500,12500,-
01053300,Kankelau,50,232,482468,482468,-
01053300,Kasseburg,50,577,584729,584729,-
01053300,Kollow,50,626,587966,587966,-
01053300,Krukow,50,161,-,-,-
01053300,Kröppelshagen-Fahrendorf,50,1375,204550,204550,-
01053300,Krüzen,50,375,115400,115400,-
01053300,Kuddewörde,50,1715,2652446,-,-
01053300,Köthel,50,302,2771938,2771938,-
01053300,Lanze,50,262,-,-,-
01053300,"Lauenburg/Elbe, Stadt",41,11553,24376678,19492090,4622331
01053300,Lehmrade,50,587,1770500,-,-
01053300,Lütau,50,672,-,-,-
01053300,"Lütau, Amtsverwaltung",55,3873,-,-,-
01053300,Möhnsen,50,538,577428,577428,-
01053300,Mühlenrade,50,213,423495,-,-
01053300,Niendorf/Stecknitz,50,674,-,-,-
01053300,"Schwarzenbek-Land, Amtsverwaltung",55,10264,5180210,-,-
01053301,Sahms,50,472,584460,-,-
01053301,Schnakenbek,50,897,-,-,-
01053301,Schretstaken,50,511,-,-,-
01053301,Talkau,50,542,1061375,1061375,-
01053301,Wangelau,50,203,-,-,-
01053301,Wiershop,50,214,1075988,1075988,-
01053301,Wohltorf,50,2599,3266230,-,-
01053301,Woltersdorf,50,346,32250,32250,-
01053301,Worth,50,166,42813,-,-
01053600,"Schwarzenbek, Stadt",41,16988,10596990,9334497,-
01053800,Albsfelde,50,72,-,-,-
01053800,Behlendorf,50,403,-,-,-
01053800,Berkenthin,50,2210,4024405,4024405,-
01053800,"Berkenthin, Amtsverwaltung",55,8463,2246495,2057382,189113
01053800,Besenthal,50,95,-,-,-
01053800,Bliestorf,50,625,430,-,-
01053800,Brunsmark,50,152,82000,-,-
01053800,Bröthen,50,319,345450,-,-
01053800,Buchholz,50,240,515849,515849,-
01053800,Bäk,50,920,374167,374167,-
01053800,Büchen,50,6485,38710498,38710498,-
01053800,"Büchen, Amtsverwaltung",55,15098,4976101,4976101,-
01053800,Düchelsdorf,50,152,-,-,-
01053800,Einhaus,50,451,215514,-,-
01053800,Fitzen,50,377,272500,-,-
01053800,Fredeburg,50,46,-,-,-
01053800,Giesensdorf,50,186,72526,72526,-
01053800,Groß Disnack,50,80,-,-,-
01053800,Groß Grönau,50,3759,2124387,799800,-
01053800,Groß Sarau,50,1101,2802726,2260767,541959
01053800,Gudow,50,1807,1754376,1232629,521747
01053800,Göldenitz,50,238,60447,-,60447
01053800,Göttin,50,64,-,-,-
01053800,Güster,50,1296,1041127,1041127,-
01053800,Harmsdorf,50,310,197471,-,-
01053800,Hollenbek,50,470,836250,-,-
01053800,Horst,50,275,98750,98750,-
01053800,Kastorf,50,1177,1562342,-,-
01053800,Kittlitz,50,294,-,-,-
01053800,Klein Pampau,50,671,338510,-,-
01053800,Klein Zecher,50,238,-,-,-
01053800,Klempau,50,600,538372,333585,-
01053800,Krummesse,50,1625,862539,-,-
01053800,Kulpin,50,212,168416,-,-
01053800,Langenlehsten,50,186,165976,-,-
01053800,"Lauenburgische Seen, Amtsverwaltung",55,14146,9740918,6445018,-
01053800,Mechow,50,131,-,-,-
01053800,Mustin,50,714,60000,-,-
01053800,Müssen,50,1240,913100,913100,-
01053800,Niendorf bei Berkenthin,50,185,17992,-,-
01053800,Pogeez,50,515,1086534,-,-
01053801,Rondeshagen,50,798,-,-,-
01053801,Roseburg,50,551,-,-,-
01053801,Römnitz,50,65,-,-,-
01053801,Salem,50,670,204990,204990,-
01053801,Schmilau,50,560,1383371,-,-
01053801,Schulendorf,50,454,98800,98800,-
01053801,Seedorf,50,584,110830,-,-
01053801,Siebeneichen,50,305,268215,268215,-
01053801,Sierksrade,50,450,-,-,-
01053801,Sterley,50,929,52825,-,-
01053801,Tramm,50,330,-,-,-
01053801,Witzeeze,50,918,-,-,-
01053801,Ziethen,50,1172,-,-,-
01053900,Wentorf bei Hamburg,41,13467,8640489,8640489,-
01054010,"Nordfriesland, Kreisverwaltung",32,170704,8540496,1040100,-
01054200,Arlewatt,50,342,300000,-,-
01054200,Drage,50,666,716432,-,-
01054200,Elisabeth-Sophien-Koog,50,63,-,-,-
01054200,Fresendelf,50,86,190656,-,-
01054200,Hattstedt,50,2614,10901218,-,-
01054200,Hattstedtermarsch,50,300,726248,726248,-
01054200,Horstedt,50,820,-,-,-
01054200,Hude,50,172,232402,232402,-
01054200,Koldenbüttel,50,940,1604417,-,-
01054200,Mildstedt,50,3903,8244224,39942,265806
01054200,"Nordsee-Treene, Amtsverwaltung",55,25159,3801163,3367700,433463
01054200,Nordstrand,50,2289,5208674,-,-
01054200,Oldersbek,50,769,2030585,-,-
01054200,Olderup,50,466,216496,216496,-
01054200,Ostenfeld (Husum),50,1549,2774763,-,-
01054201,Ramstedt,50,438,901447,-,-
01054201,Rantrum,50,1989,11497407,-,-
01054201,Schwabstedt,50,1351,4923429,-,-
01054201,Seeth,50,1957,844852,-,-
01054201,Simonsberg,50,846,811759,-,-
01054201,Süderhöft,50,17,220000,-,-
01054201,Südermarsch,50,144,-,-,-
01054201,Uelvesbüll,50,305,1181568,-,-
01054201,Winnert,50,722,1335011,1231216,103795
01054201,Wisch,50,110,200994,-,-
01054201,Wittbek,50,811,931846,-,-
01054201,Witzwort,50,1036,1339143,1339143,-
01054201,Wobbenbüll,50,454,401881,401881,-
01054300,Ahrenviöl,50,522,-,-,-
01054300,Ahrenviölfeld,50,228,430303,-,-
01054300,Behrendorf,50,576,1260128,1260128,-
01054300,Bondelum,50,181,200000,-,-
01054300,"Friedrichstadt, Stadt",41,2573,21088856,-,4750000
01054300,Haselund,50,943,1154097,1154097,-
01054300,Immenstedt,50,690,909622,-,-
01054300,Löwenstedt,50,702,552704,552704,-
01054300,Norstedt,50,376,200000,-,-
01054300,"Viöl, Amtsverwaltung",55,9528,1283030,-,-
01054301,Oster-Ohrstedt,50,677,-,-,-
01054301,Schwesing,50,946,1514750,1514750,-
01054301,Sollwitt,50,314,497352,497352,-
01054301,Viöl,50,2268,14708423,-,-
01054301,Wester-Ohrstedt,50,1105,2096561,-,-
01054400,Ahrenshöft,50,553,-,-,-
01054400,Almdorf,50,536,720291,-,-
01054400,Bargum,50,661,1164700,1164700,-
01054400,Bohmstedt,50,805,-,-,-
01054400,Bordelum,50,2055,759618,759618,-
01054400,"Bredstedt, Stadt",50,5714,8833973,7380916,-
01054400,Breklum,50,2362,2993954,2993954,-
01054400,Drelsdorf,50,1280,1170000,1170000,-
01054400,Goldebek,50,386,-,-,-
01054400,Goldelund,50,407,640588,623215,-
01054400,Högel,50,474,315757,-,-
01054400,Joldelund,50,834,7636,-,-
01054400,Kolkerheide,50,84,-,-,-
01054400,Langenhorn,50,3334,45417,-,-
01054400,Lütjenholm,50,354,-,-,-
01054400,"Mittleres Nordfriesland, Amtsverwaltung",55,21684,333834,333834,-
01054400,Ockholm,50,324,-,-,-
01054401,Struckum,50,1018,899628,-,-
01054401,Sönnebüll,50,314,-,-,-
01054401,Vollstedt,50,189,-,-,-
01054600,"Husum, Stadt",41,23914,14731833,14722114,-
01054700,"Eiderstedt, Amtsverwaltung",55,11221,6900987,-,-
01054700,"Garding, Kirchspiel",50,309,189625,-,-
01054700,"Garding, Stadt",50,2789,18425814,-,-
01054700,Grothusenkoog,50,24,206591,-,-
01054700,Katharinenheerd,50,164,405615,-,-
01054700,Kotzenbüll,50,183,101720,101720,-
01054700,Norderfriedrichskoog,50,51,-,-,-
01054700,Oldenswort,50,1261,12208890,-,-
01054701,Osterhever,50,221,-,-,-
01054701,Poppenbüll,50,242,234762,-,-
01054701,Sankt Peter-Ording,50,3756,7901271,-,-
01054701,Tating,50,1001,3638882,-,-
01054701,Tetenbüll,50,636,2012753,1295720,717033
01054701,Tümlauer Koog,50,100,-,-,-
01054701,Vollerwiek,50,208,-,-,-
01054701,Welt,50,186,235546,-,-
01054701,Westerhever,50,90,228591,228591,-
01054800,Alkersum,50,392,-,-,-
01054800,Borgsum,50,309,213917,-,-
01054800,Dunsum,50,72,-,-,-
01054800,"Föhr-Amrum, Amtsverwaltung",55,10478,22696768,22696768,-
01054800,Midlum,50,446,113891,-,-
01054800,Nebel,50,903,356789,356789,-
01054800,Nieblum,50,566,336429,-,-
01054800,Norddorf auf Amrum,50,557,273690,-,-
01054800,Oevenum,50,466,478783,-,-
01054800,Oldsum,50,568,628361,-,-
01054800,Reußenköge,41,310,162431,-,-
01054800,Sylt,41,14624,6267433,6267433,-
01054800,"Tönning, Stadt",41,4822,24648917,-,63278
01054801,Süderende,50,188,-,-,-
01054801,Utersum,50,398,1534272,-,-
01054801,Witsum,50,42,-,-,-
01054801,Wittdün auf Amrum,50,795,55874,55874,-
01054801,Wrixum,50,579,1165163,-,-
01054801,"Wyk auf Föhr, Stadt",50,4197,3923696,3923696,-
01054900,Achtrup,50,1557,1748888,1748888,-
01054900,Aventoft,50,409,587285,587285,-
01054900,Bosbüll,50,265,209179,-,-
01054900,Braderup,50,667,640000,-,-
01054900,Bramstedtlund,50,213,4830,-,-
01054900,Dagebüll,50,938,227439,-,-
01054900,Ellhöft,50,102,-,-,-
01054900,Friedrich-Wilhelm-Lübke-Koog,50,164,-,-,-
01054900,Gröde,50,7,313967,-,-
01054900,Hallig Hooge,50,108,2058216,-,-
01054900,Holm,50,101,-,-,-
01054900,Humptrup,50,760,150000,-,-
01054900,Hörnum (Sylt),50,889,2236531,-,-
01054900,Kampen (Sylt),50,525,195000,195000,-
01054900,Karlum,50,206,166374,-,-
01054900,Klanxbüll,50,1030,771393,-,-
01054900,Klixbüll,50,1047,775488,775488,-
01054900,Ladelund,50,1431,2343410,2343410,-
01054900,"Landschaft Sylt, Amtsverwaltung",55,4347,-,-,-
01054900,Langeneß,50,130,2289775,-,-
01054900,Leck,50,7889,18351799,209935,-
01054900,Lexgaard,50,56,-,-,-
01054900,List auf Sylt,50,1483,9109424,6132781,-
01054900,Neukirchen,50,1135,825024,-,-
01054900,"Niebüll, Stadt",50,10217,3203785,2489985,-
01054900,"Pellworm, Amtsverwaltung",55,1465,317441,317441,-
01054900,"Südtondern, Amtsverwaltung",55,40579,2738169,2738169,-
01054901,Emmelsbüll-Horsbüll,50,893,71500,71500,-
01054901,Enge-Sande,50,1176,2980657,-,427869
01054901,Galmsbüll,50,551,-,-,-
01054901,Pellworm,50,1220,3665929,3665929,-
01054901,Risum-Lindholm,50,3930,1711654,-,-
01054901,Rodenäs,50,406,-,-,-
01054901,Sprakebüll,50,280,297363,-,-
01054901,Stadum,50,931,700482,-,-
01054901,Stedesand,50,898,-,-,-
01054901,Süderlügum,50,2371,256934,-,-
01054901,Tinningstedt,50,243,46851,-,-
01054901,Uphusum,50,354,104745,104745,-
01054901,Wenningstedt-Braderup (Sylt),50,1450,13688666,-,-
01054901,Westre,50,359,2643,-,-
01055000,Dahme,41,1237,525600,525600,-
01055000,Stockelsdorf,41,16366,375000,375000,-
01055010,"Ostholstein, Kreisverwaltung",32,201766,29270279,305780,-
01055100,Ahrensbök,41,8241,4783948,418545,-
01055100,Altenkrempe,50,1069,216000,-,-
01055100,"Heiligenhafen, Stadt",41,9467,26612918,26612918,-
01055100,Kasseedorf,50,1425,2973016,367213,2605803
01055100,"Ostholstein-Mitte, Amtsverwaltung",55,8543,417394,417394,-
01055100,Schashagen,50,1979,501975,501975,-
01055100,Schönwalde am Bungsberg,50,2507,1536445,926445,-
01055100,Sierksdorf,50,1563,1454938,1454938,-
01055100,Süsel,41,5002,8507163,7010,-
01055200,"Eutin, Stadt",41,17185,59845081,142702,-
01055200,"Neustadt in Holstein, Stadt",41,15565,55325771,51602781,-
01055200,Timmendorfer Strand,41,8327,2585714,2585714,-
01055300,Gremersdorf,50,1618,491912,491912,-
01055300,Großenbrode,50,2203,-,-,-
01055300,Göhl,50,1113,1040562,1025978,14584
01055300,Heringsdorf,50,1142,81962,-,-
01055300,Neukirchen,50,1193,228876,-,-
01055300,"Oldenburg in Holstein, Stadt",41,9819,28596618,46443,-
01055300,"Oldenburg-Land, Amtsverwaltung",55,9429,200165,200165,-
01055300,Wangels,50,2160,710334,710334,-
01055400,"Bad Schwartau, Stadt",41,20028,11631075,-,-
01055400,Scharbeutz,41,11689,34110736,55229,-
01055500,Kellenhusen (Ostsee),41,1171,16000,-,-
01055500,Ratekau,41,15416,2128137,166200,-
01055600,Beschendorf,50,582,-,-,-
01055600,Damlos,50,624,-,-,-
01055600,"Fehmarn, Stadt",41,13408,14449532,-,-
01055600,Grömitz,41,6895,7261771,-,-
01055600,Harmsdorf,50,687,-,-,-
01055600,Kabelhorst,50,408,-,-,-
01055600,Lensahn,50,5075,185193,185193,-
01055600,"Lensahn, Amtsverwaltung",55,8720,-,-,-
01055600,Manhagen,50,386,-,-,-
01055600,Riepsdorf,50,958,-,-,-
01055700,Bosau,41,3384,1858820,-,-
01055800,Grube,41,1062,168600,168600,-
01055800,Malente,41,10812,16021566,14961663,-
01056000,Appen,50,4735,2931637,2931637,-
01056000,Bevern,50,603,-,-,-
01056000,Bilsen,50,813,-,-,-
01056000,Bokholt-Hanredder,50,1332,-,-,-
01056000,Bullenkuhlen,50,389,-,-,-
01056000,Ellerhoop,50,1509,242875,242875,-
01056000,"Geest und Marsch Südholstein, Amtsverwaltung",55,24113,-,-,-
01056000,Groß Nordende,50,831,16851,-,-
01056000,Groß Offenseth-Aspern,50,466,-,-,-
01056000,Haselau,50,1136,-,-,-
01056000,Haseldorf,50,1849,1102383,969360,133023
01056000,Heede,50,844,172875,-,-
01056000,Heidgraben,50,2736,5537116,-,-
01056000,Heist,50,2962,-,-,-
01056000,Hemdingen,50,1749,983072,983072,-
01056000,Hetlingen,50,1450,2038780,-,-
01056000,Holm,50,3317,3443563,-,-
01056000,Langeln,50,597,-,-,-
01056000,Lutzhorn,50,786,-,-,-
01056000,Moorrege,50,4592,2803081,327311,-
01056000,Neuendeich,50,505,707366,-,-
01056000,"Rantzau, Amtsverwaltung",55,9088,308520,308520,-
01056000,"Wedel, Stadt",41,34624,110762530,94322024,-
01056010,"Pinneberg, Kreisverwaltung",32,322516,28980809,28980809,-
01056100,Hasloh,41,3880,8067775,8067775,-
01056100,"Quickborn, Stadt",41,22462,81685267,15959,-
01056200,"Barmstedt, Stadt",41,10400,27164143,25080428,-
01056300,Rellingen,41,14781,39939364,-,-
01056400,"Schenefeld, Stadt",41,19728,1425507,1413784,-
01056500,Bönningstedt,41,4556,3398450,-,-
01056500,"Elmshorn, Stadt",41,51445,119850598,66408220,-
01056500,Helgoland,41,1300,7033133,4015146,-
01056600,Bokel,50,571,19291,-,-
01056600,Brande-Hörnerkirchen,50,1756,478617,-,-
01056600,"Elmshorn-Land, Amtsverwaltung",55,13466,249900,249900,-
01056600,"Hörnerkirchen, Amtsverwaltung",55,4022,2834335,2834335,-
01056600,Klein Nordende,50,3408,417900,417900,-
01056600,Klein Offenseth-Sparrieshoop,50,3124,951175,350000,-
01056600,Kölln-Reisiek,50,3431,-,-,-
01056600,Osterhorn,50,418,1656,1656,-
01056600,Raa-Besenbek,50,548,-,-,-
01056600,Seester,50,1045,138800,138800,-
01056600,Seestermühe,50,951,606400,606400,-
01056600,Seeth-Ekholt,50,959,-,-,-
01056600,Westerhorn,50,1277,8312,-,-
01056700,Borstel-Hohenraden,50,2409,4079413,3070264,1009149
01056700,Ellerbek,50,4345,3636256,30678,-
01056700,Kummerfeld,50,2336,4014225,-,-
01056700,"Pinnau, Amtsverwaltung",55,13648,685720,12400,-
01056700,Prisdorf,50,2300,3226226,3226226,-
01056700,Tangstedt,50,2258,-,-,-
01056800,Halstenbek,41,17974,64741366,1057495,11000000
01056800,"Tornesch, Stadt",41,14303,34164604,173301,5269400
01056900,"Pinneberg, Stadt",41,44285,104372103,83861849,-
01056900,"Uetersen, Stadt",41,18441,11651987,8337292,-
01057010,"Plön, Kreisverwaltung",32,130486,26179897,26179897,-
01057100,Ascheberg (Holstein),41,3154,1133734,1133734,-
01057100,"Schwentinental, Stadt",41,14030,27832914,428,-
01057200,Heikendorf,50,8427,26613801,-,-
01057200,Mönkeberg,50,4040,25888012,25888012,-
01057200,"Preetz, Stadt",41,16428,25840310,21016470,-
01057200,"Schrevenborn, Amtsverwaltung",55,19274,-,-,-
01057200,Schönkirchen,50,6807,-,-,-
01057500,Barsbek,50,576,-,-,-
01057500,Belau,50,384,174124,174124,-
01057500,Bendfeld,50,210,178772,178772,-
01057500,"Bokhorst-Wankendorf, Amtsverwaltung",55,7892,1033909,716011,-
01057500,Brodersdorf,50,407,92690,92690,-
01057500,Dobersdorf,50,1108,554172,18910,-
01057500,Fahren,50,136,-,-,-
01057500,Fargau-Pratjau,50,751,116814,-,-
01057500,Fiefbergen,50,516,305268,-,-
01057500,Großharrie,50,497,-,-,-
01057500,Höhndorf,50,464,9286,-,-
01057500,Krokau,50,399,17027,-,-
01057500,Krummbek,50,400,359688,299598,-
01057500,Köhn,50,769,263326,-,-
01057500,Laboe,50,5528,7841722,27058,-
01057500,Lammershagen,50,248,342028,327147,14881
01057500,Lutterbek,50,320,665749,-,-
01057500,Martensrade,50,959,2556016,-,93581
01057500,Mucheln,50,569,-,-,-
01057500,Passade,50,360,-,-,-
01057500,Prasdorf,50,463,4771717,4572889,198828
01057500,"Probstei, Amtsverwaltung",55,22433,1300650,-,-
01057500,Probsteierhagen,50,2401,3315530,-,-
01057500,Rendswühren,50,742,386600,386600,-
01057500,Ruhwinkel,50,962,292500,-,-
01057500,Schillsdorf,50,842,-,-,-
01057500,Schlesen,50,565,771525,-,-
01057500,Schönberg (Holstein),50,6183,17830892,-,-
01057500,Selent,50,1708,12777269,12555919,-
01057500,"Selent/Schlesen, Amtsverwaltung",55,5908,2179153,2179153,-
01057500,Stakendorf,50,473,488442,-,-
01057500,Stein,50,858,951049,951049,-
01057500,Stolpe,50,1243,2159235,-,-
01057500,Stoltenberg,50,334,124793,4093,120700
01057500,Tasdorf,50,329,-,-,-
01057500,Wankendorf,50,2893,2072557,2072557,-
01057500,Wendtorf,50,967,1669055,-,-
01057500,Wisch,50,669,-,-,-
01057700,Barmissen,50,158,-,-,-
01057700,Behrensdorf (Ostsee),50,662,15274,15274,-
01057700,Blekendorf,50,1640,1272885,-,-
01057700,Boksee,50,471,270033,-,-
01057700,Bothkamp,50,240,8662,-,-
01057700,Dannau,50,578,4700999,-,-
01057700,Giekau,50,980,519938,-,-
01057700,Großbarkau,50,252,271862,-,56918
01057700,Helmstorf,50,303,71419,-,-
01057700,Hohenfelde,50,1012,334929,-,154529
01057700,Hohwacht (Ostsee),50,813,751525,-,337981
01057700,Honigsee,50,454,-,-,-
01057700,Högsdorf,50,395,1274331,1194853,-
01057700,Kirchbarkau,50,792,-,-,-
01057700,Kirchnüchel,50,199,13740,-,13740
01057700,Klamp,50,627,876500,876500,-
01057700,Klein Barkau,50,261,168323,-,-
01057700,Kletkamp,50,89,-,-,-
01057700,Kühren,50,568,-,-,-
01057700,Lehmkuhlen,50,1258,-,-,-
01057700,Löptin,50,283,50000,-,-
01057700,"Lütjenburg, Amtsverwaltung",55,15380,4199351,609442,712317
01057700,"Lütjenburg, Stadt",50,5451,3685369,3685369,-
01057700,Nettelsee,50,434,278977,-,-
01057700,Panker,50,1470,1426191,-,-
01057700,"Plön, Stadt",41,8894,10884286,8384286,2500000
01057700,Pohnsdorf,50,360,-,-,-
01057700,Postfeld,50,413,56139,-,-
01057700,"Preetz-Land, Amtsverwaltung",55,9065,3067133,-,-
01057700,Rastorf,50,776,390000,-,-
01057700,Schellhorn,50,1518,2315586,-,-
01057700,Schwartbuck,50,790,2855274,2734869,-
01057700,Tröndel,50,371,921587,921587,-
01057700,Wahlstorf,50,439,623413,-,-
01057700,Warnau,50,388,333794,-,-
01057800,Bönebüttel,41,2127,250000,-,-
01057900,Bösdorf,41,1245,835787,835787,-
01057900,Dersau,50,980,880533,-,-
01057900,Dörnick,50,255,-,-,-
01057900,Grebin,50,1010,49272,49272,-
01057900,"Großer Plöner See, Amtsverwaltung",55,4656,47313,-,-
01057900,Kalübbe,50,562,786988,786988,-
01057900,Lebrade,50,583,35780,-,-
01057900,Nehmten,50,294,-,-,-
01057900,Rantzau,50,338,210396,210396,-
01057900,Rathjensdorf,50,479,387800,-,-
01057900,Wittmoldt,50,155,91685,91685,-
01058000,Ascheffel,50,1003,745624,-,-
01058000,Borgstedt,50,1775,516310,-,516310
01058000,Brekendorf,50,989,1473204,1473204,-
01058000,Böhnhusen,-,-,-,-,-
01058000,Bünsdorf,50,526,885227,-,773883
01058000,Damendorf,50,455,654071,-,241204
01058000,Flintbek,-,-,-,-,-
01058000,"Flintbek, Amtsverwaltung",-,-,-,-,-
01058000,Groß Wittensee,50,1308,4049091,-,-
01058000,Haby,50,562,503761,-,-
01058000,Holtsee,50,1262,1831474,-,-
01058000,Holzbunge,50,339,127008,-,-
01058000,Hütten,50,222,59700,-,59700
01058000,"Hüttener Berge, Amtsverwaltung",55,14713,2760992,2760992,-
01058000,Klein Wittensee,50,213,-,-,-
01058001,Ahlefeld-Bistensee,50,502,611485,611485,-
01058001,Neu Duvenstedt,50,122,8,-,-
01058001,Osterby,50,970,884748,-,-
01058001,Owschlag,50,3694,4316874,3309053,1007821
01058001,Schönhorst,-,-,-,-,-
01058001,Sehestedt,50,771,358505,358505,-
01058001,Techelsdorf,-,-,-,-,-
01058010,"Rendsburg-Eckernförde, Kreisverwaltung",32,277174,146250,-,-
01058200,Dänischenhagen,50,3686,3424217,216500,-
01058200,"Dänischenhagen, Amtsverwaltung",55,8894,522516,8590,-
01058200,Kronshagen,41,12136,9406854,6977911,-
01058201,Noer,50,851,346457,24673,-
01058201,Schwedeneck,50,2921,2705571,2705571,-
01058201,Strande,50,1436,6526002,5912779,-
01058300,Achterwehr,50,1042,388410,388410,-
01058300,"Achterwehr, Amtsverwaltung",55,11793,1710000,-,-
01058300,Alt Duvenstedt,50,1918,120822,120822,-
01058300,Altenhof,50,346,-,-,-
01058300,Barkelsby,50,1575,-,-,-
01058300,Bredenbek,50,1558,1868820,-,-
01058300,Brinjahe,50,106,-,-,-
01058300,Brodersby,50,701,1099950,-,-
01058300,Damp,50,1514,9847522,9847522,-
01058300,Dörphof,50,738,1938197,-,-
01058300,"Eckernförde, Stadt",41,21440,4282820,-,-
01058300,Embühren,50,207,-,-,-
01058300,Felde,50,2090,2477630,2473330,-
01058300,Fleckeby,50,2047,802544,18223,-
01058300,Fockbek,50,6582,-,-,-
01058300,"Fockbek, Amtsverwaltung",55,11012,1236001,-,-
01058300,Gammelby,50,494,289625,-,-
01058300,Güby,50,677,-,-,-
01058300,Haale,50,497,1527290,1527290,-
01058300,Hamweddel,50,451,-,-,-
01058300,Holzdorf,50,860,499100,-,-
01058300,Hummelfeld,50,273,699161,699161,-
01058300,Hörsten,50,61,-,-,-
01058300,Jevenstedt,50,3331,7664754,249600,-
01058300,"Jevenstedt, Amtsverwaltung",55,11345,5080161,4210761,-
01058300,Karby,50,553,498498,-,-
01058300,Kosel,50,1400,-,-,-
01058300,Krummwisch,50,719,140966,140966,-
01058300,Loose,50,853,2110918,101718,-
01058300,"Schlei-Ostsee, Amtsverwaltung",55,18951,1374000,-,-
01058301,Goosefeld,50,723,-,-,-
01058301,Luhnstedt,50,375,173200,-,-
01058301,Melsdorf,50,2086,7310916,4217410,-
01058301,Nübbel,50,1471,1073744,-,-
01058301,Ottendorf,50,1013,281000,-,-
01058301,Quarnbek,50,1749,1426216,-,-
01058301,Rickert,50,1041,-,-,-
01058301,Rieseby,50,2802,8328760,8328760,-
01058301,Schülp b. Rendsburg,50,1012,248900,-,-
01058301,Stafstedt,50,359,383900,-,-
01058301,Thumby,50,364,-,-,-
01058301,Waabs,50,1437,1414400,-,-
01058301,Westensee,50,1536,2463192,597000,-
01058301,Westerrönfeld,50,4946,8420891,8067115,41676
01058301,Windeby,50,1018,259918,-,-
01058301,Winnemark,50,576,700000,-,-
01058400,Bargstedt,50,782,20000,-,-
01058400,Bokel,50,593,-,-,-
01058400,Borgdorf-Seedorf,50,446,26125,-,-
01058400,Brammer,50,358,-,-,-
01058400,"Büdelsdorf, Stadt",41,10465,22916556,7543250,-
01058400,"Dänischer Wohld, Amtsverwaltung",55,17444,435840,435840,-
01058400,Dätgen,50,590,-,-,-
01058400,Eisendorf,50,279,-,-,-
01058400,Ellerdorf,50,492,4024840,-,-
01058400,Emkendorf,50,1332,1694898,1605322,-
01058400,Felm,50,1224,573492,573492,-
01058400,Gettorf,50,7544,6372954,6372954,-
01058400,Gnutz,50,1162,-,-,-
01058400,Groß Vollstedt,50,988,673814,673814,-
01058400,Krogaspe,50,445,38152,12400,-
01058400,Langwedel,50,1576,712595,654995,-
01058400,Lindau,50,1427,952226,-,-
01058400,"Nortorfer Land, Amtsverwaltung",55,18804,8550290,213948,-
01058401,Neudorf-Bornstein,50,1110,938668,878994,59674
01058401,Neuwittenbek,50,1162,1709865,1709865,-
01058401,"Nortorf, Stadt",50,7042,847733,20104,-
01058401,Oldenhütten,50,150,149904,-,85329
01058401,Osdorf,50,2667,3157460,-,-
01058401,Schinkel,50,1011,1115448,1115448,-
01058401,Schülp b. Nortorf,50,781,-,-,-
01058401,Timmaspe,50,1101,17691,17691,-
01058401,Tüttendorf,50,1299,201340,201340,-
01058401,Warder,50,687,-,-,-
01058500,Altenholz,41,9865,12067255,-,-
01058500,Arpsdorf,50,307,463556,-,-
01058500,Aukrug,50,3728,4926332,4801332,-
01058500,Beldorf,50,277,562132,-,-
01058500,Bendorf,50,455,-,-,-
01058500,Beringstedt,50,735,902844,902844,-
01058500,Bornholt,50,170,100000,-,-
01058500,Ehndorf,50,587,-,-,-
01058500,Gokels,50,609,621124,-,-
01058500,Grauel,50,273,408221,-,-
01058500,Hanerau-Hademarschen,50,2934,3179640,-,-
01058500,Heinkenborstel,50,140,431729,-,75218
01058500,Hohenwestedt,50,5388,5998165,22717,-
01058500,Jahrsdorf,50,226,361300,-,-
01058500,"Mittelholstein, Amtsverwaltung",55,24199,1058510,1058510,-
01058500,"Rendsburg, Stadt",41,30326,59403778,2657504,2677100
01058501,Lütjenwestedt,50,551,792910,-,-
01058501,Meezen,50,372,570900,570900,-
01058501,Mörel,50,268,341180,-,-
01058501,Nienborstel,50,601,694669,694669,-
01058501,Nindorf,50,628,1307718,-,-
01058501,Oldenbüttel,50,270,650745,-,-
01058501,Osterstedt,50,665,2071878,-,-
01058501,Padenstedt,50,1805,518991,-,-
01058501,Rade b. Hohenwestedt,50,97,-,-,-
01058501,Remmels,50,441,459683,-,-
01058501,Seefeld,50,343,408666,-,-
01058501,Steenfeld,50,326,394827,394827,-
01058501,Tackesdorf,50,69,212000,-,-
01058501,Tappendorf,50,325,596926,-,-
01058501,Thaden,50,240,437588,437588,-
01058501,Todenbüttel,50,1038,2588442,-,-
01058501,Wapelfeld,50,331,442204,-,-
01058600,Blumenthal,50,620,2977621,-,-
01058600,Böhnhusen,50,288,540664,-,-
01058600,"Eidertal, Amtsverwaltung",55,16866,-,-,-
01058600,Flintbek,50,7474,15178726,-,2017462
01058601,Mielkendorf,50,1370,4269261,4269261,-
01058601,Molfsee,50,5019,2613839,27250,-
01058601,Rodenbek,50,455,203181,203181,-
01058601,Rumohr,50,804,1702500,1702500,-
01058601,Schierensee,50,353,813986,-,-
01058601,Schönhorst,50,334,529278,529278,-
01058601,Techelsdorf,50,149,201619,201619,-
01058700,Bargstall,50,170,361968,361968,-
01058700,Breiholz,50,1320,510667,30500,-
01058700,Christiansholm,50,232,523150,-,-
01058700,Elsdorf-Westermühlen,50,1633,1560122,-,-
01058700,Friedrichsgraben,50,52,45500,-,-
01058700,Friedrichsholm,50,395,500653,-,-
01058700,Hamdorf,50,1377,12770,-,-
01058700,Hohn,50,2669,2872394,409700,-
01058700,"Hohner Harde, Amtsverwaltung",55,8919,7477876,4391952,2776724
01058700,Königshügel,50,171,100000,-,-
01058700,Lohe-Föhrden,50,439,-,-,-
01058701,Prinzenmoor,50,167,190500,-,-
01058701,Sophienhamm,50,294,-,-,-
01058800,Bovenau,50,1105,25564,-,-
01058800,"Eiderkanal, Amtsverwaltung",55,12776,2806886,-,-
01058800,Haßmoor,50,256,-,-,-
01058801,Ostenfeld (Rendsburg),50,599,-,-,-
01058801,Osterrönfeld,50,5039,-,-,-
01058801,Rade b. Rendsburg,50,216,-,-,-
01058801,Schacht-Audorf,50,4808,325268,75268,-
01058801,Schülldorf,50,753,182493,-,-
01058900,Bissee,50,166,112500,-,-
01058900,Blumenthal,-,-,-,-,-
01058900,Bordesholm,50,7773,3908865,521365,-
01058900,"Bordesholm, Amtsverwaltung",55,14709,2077596,97219,1903577
01058900,Brügge,50,1151,441514,299614,-
01058900,Grevenkrug,50,217,-,-,-
01058900,Groß Buchwald,50,375,-,-,-
01058900,Hoffeld,50,180,-,-,-
01058900,Loop,50,192,142500,-,-
01058900,"Molfsee, Amtsverwaltung",-,-,-,-,-
01058900,Wasbek,41,2517,1532400,1532400,-
01058901,Mielkendorf,-,-,-,-,-
01058901,Molfsee,-,-,-,-,-
01058901,Mühbrook,50,538,223578,84400,-
01058901,Negenharrie,50,370,-,-,-
01058901,Reesdorf,50,156,280330,-,-
01058901,Rodenbek,-,-,-,-,-
01058901,Rumohr,-,-,-,-,-
01058901,Schierensee,-,-,-,-,-
01058901,Schmalstede,50,297,7500,-,-
01058901,Schönbek,50,219,105000,-,-
01058901,Sören,50,195,67500,-,-
01058901,Wattenbek,50,2880,607242,76750,-
01059000,"Arnis, Stadt",50,263,-,-,-
01059000,"Geltinger Bucht, Amtsverwaltung",55,13019,1578326,-,-
01059000,Grödersby,50,228,346102,346102,-
01059000,Harrislee,41,11835,5046900,-,-
01059000,"Kappeln-Land, Amtsverwaltung",55,1422,-,-,-
01059000,Oersberg,50,300,404861,404861,-
01059000,"Oeversee, Amtsverwaltung",55,11203,202337,7800,-
01059000,Rabenkirchen-Faulück,50,631,960400,637250,-
01059001,Ahneby,50,204,56500,-,-
01059001,Esgrus,50,790,478550,478550,-
01059001,Gelting,50,2325,421089,-,-
01059001,Hasselberg,50,940,448990,-,-
01059001,Kronsgaard,50,262,4038,4038,-
01059001,Maasholm,50,636,135000,-,-
01059001,Nieby,50,130,-,-,-
01059001,Niesgrau,50,532,338345,338345,-
01059001,Oeversee,50,3640,5227512,944200,-
01059001,Pommerby,50,160,47792,-,-
01059001,Rabel,50,620,202500,202500,-
01059001,Rabenholz,50,291,365825,-,-
01059001,Sieverstedt,50,1628,2452511,2452511,-
01059001,Stangheck,50,230,-,-,-
01059001,Steinberg,50,868,888400,888400,-
01059001,Steinbergkirche,50,2868,693615,-,-
01059001,Sterup,50,1461,1611550,-,-
01059001,Stoltebüll,50,702,-,-,-
01059001,Tarp,50,5935,5185303,233595,-
01059010,"Schleswig-Flensburg, Kreisverwaltung",32,204405,12524763,3384263,-
01059200,"Eggebek, Amtsverwaltung",55,9359,13431629,7739860,-
01059200,"Schafflund, Amtsverwaltung",55,13380,427542,427542,-
01059201,Böxlund,50,122,-,-,-
01059201,Eggebek,50,2488,6758033,5037019,641485
01059201,Großenwiehe,50,3297,3116523,105000,-
01059201,Holt,50,151,696160,-,696160
01059201,Hörup,50,625,82442,82442,-
01059201,Janneby,50,417,488405,177778,-
01059201,Jardelund,50,295,52624,-,-
01059201,Jerrishoe,50,1042,843065,-,-
01059201,Jörl,50,866,1913257,1496590,-
01059201,Langstedt,50,1040,2011108,301389,-
01059201,Lindewitt,50,2003,4564291,-,-
01059201,Medelby,50,1054,827161,827161,-
01059201,Meyn,50,769,200404,-,-
01059201,Nordhackstedt,50,462,53872,-,-
01059201,Osterby,50,311,667427,634426,-
01059201,Schafflund,50,2918,3642857,3642857,-
01059201,Sollerup,50,484,1085750,735600,149817
01059201,Süderhackstedt,50,352,323748,127933,-
01059201,Wallsbüll,50,938,188000,188000,-
01059201,Wanderup,50,2670,4659469,2262301,-
01059201,Weesby,50,435,52624,52624,-
01059300,"Arensharde, Amtsverwaltung",55,14573,1212628,26200,1186428
01059300,Bollingstedt,50,1428,2403825,-,-
01059300,Ellingstedt,50,752,826213,812000,14213
01059300,"Glücksburg (Ostsee), Stadt",41,6220,15611297,15363797,-
01059300,Handewitt,41,11375,14622413,112950,-
01059300,Hollingstedt,50,1027,476140,-,-
01059300,Hüsby,50,812,-,-,-
01059300,Jübek,50,2678,170702,-,-
01059300,Lürschau,50,1068,703000,703000,-
01059300,Schuby,50,2791,201250,-,-
01059300,Silberstedt,50,2427,4297392,-,-
01059300,Treia,50,1590,2814400,-,-
01059400,Böel,50,726,767000,767000,-
01059400,Loit,50,266,221000,221000,-
01059400,Mohrkirch,50,970,973684,973684,-
01059400,Norderbrarup,50,658,166648,-,-
01059400,Nottfeld,50,119,-,-,-
01059400,Rügge,50,248,-,-,-
01059400,Saustrup,50,194,279000,279000,-
01059400,Scheggerott,50,344,-,-,-
01059400,Steinfeld,50,817,1085578,1085578,-
01059400,Süderbrarup,50,5243,7074728,-,-
01059400,"Süderbrarup, Amtsverwaltung",55,11670,8034036,-,-
01059400,Ulsnis,50,707,678000,678000,-
01059400,Wagersrott,50,226,264280,264280,-
01059401,Boren,50,1152,1312653,1312653,-
01059500,Borgwedel,50,713,690721,690721,-
01059500,Busdorf,50,2037,2741946,-,-
01059500,Dannewerk,50,1131,211736,211736,-
01059500,Fahrdorf,50,2638,3814692,3814692,-
01059500,Geltorf,50,359,-,-,-
01059500,"Haddeby, Amtsverwaltung",55,8890,7048151,7048151,-
01059500,Jagel,50,949,1400000,-,-
01059500,"Kappeln, Stadt",41,8554,5662754,5557469,-
01059500,Lottorf,50,238,-,-,-
01059500,"Schleswig, Stadt",41,25110,42955186,39050694,-
01059500,Selk,50,825,125994,125994,-
01059600,Alt Bennebek,50,339,420200,420200,-
01059600,Bergenhusen,50,733,1469800,1469800,-
01059600,Börm,50,736,1608956,1608956,-
01059600,Dörpstedt,50,586,666900,666900,-
01059600,Erfde,50,2143,6873570,6873570,-
01059600,Groß Rheide,50,950,957275,957275,-
01059600,Klein Bennebek,50,529,1011467,1011467,-
01059600,Klein Rheide,50,335,372400,-,-
01059600,Kropp,50,6592,15588313,14453171,-
01059600,"Kropp-Stapelholm, Amtsverwaltung",55,17358,-,-,-
01059600,Meggerdorf,50,717,1084884,1084884,-
01059600,Tetenhusen,50,948,1376386,1376386,-
01059600,Tielen,50,293,1202717,1199317,-
01059600,Wohlde,50,532,1045455,1045455,-
01059601,Stapel,50,1925,3655128,3655128,-
01059700,Böklund,50,1663,3494232,-,-
01059700,Havetoft,50,967,2363212,-,-
01059700,Idstedt,50,885,1077604,1077604,-
01059700,Klappholz,50,471,262933,-,-
01059700,"Langballig, Amtsverwaltung",55,8474,509948,3085,-
01059700,Neuberend,50,1144,617425,-,-
01059700,Nübel,50,1298,-,-,-
01059700,Schaalby,50,1516,2228289,-,-
01059700,Stolk,50,864,1126002,1126002,-
01059700,Struxdorf,50,698,271449,-,-
01059700,"Südangeln, Amtsverwaltung",55,13495,3480948,1543900,-
01059700,Süderfahrenstedt,50,471,1022238,-,-
01059700,Taarstedt,50,905,1463707,-,-
01059700,Tolk,50,1075,1396243,1396243,-
01059700,Twedt,50,477,20353,-,-
01059700,Uelsby,50,397,-,-,-
01059701,Brodersby-Goltoft,50,664,1531462,1531462,-
01059701,Dollerup,50,1034,787521,783487,-
01059701,Grundhof,50,1017,4035,4035,-
01059701,Langballig,50,1565,2693399,2598135,-
01059701,Munkbrarup,50,1175,96986,-,96986
01059701,Ringsberg,50,555,-,-,-
01059701,Wees,50,2365,1111592,-,-
01059701,Westerholz,50,763,157544,153509,-
01059900,"Hürup, Amtsverwaltung",55,8558,78109,78109,-
01059900,"Mittelangeln, Amtsverwaltung",55,9910,209032,-,-
01059900,Schnarup-Thumby,50,547,433598,-,-
01059901,Ausacker,50,516,-,-,-
01059901,Freienwill,50,1593,2203027,-,-
01059901,Großsolt,50,1725,1340515,1340515,-
01059901,Husby,50,2341,3308981,-,-
01059901,Hürup,50,2383,5804538,5493938,-
01059901,Maasbüll,-,-,-,-,-
01059901,Mittelangeln,50,5296,5899513,12742,-
01059901,Sörup,50,4067,10542782,304272,-
01059901,Tastrup,-,-,-,-,-
01060010,"Segeberg, Kreisverwaltung",32,280923,56646818,1078919,-
01060200,"Wahlstedt, Stadt",41,9835,12861077,3551,337909
01060300,Alveslohe,50,2753,4902976,4428407,474569
01060300,"Auenland Südholstein, Amtsverwaltung",55,11036,4847458,4847458,-
01060300,Bark,50,994,-,-,-
01060300,Bebensee,50,651,-,-,-
01060300,Boostedt,50,6009,388400,-,-
01060300,"Boostedt-Rickling, Amtsverwaltung",55,12897,26171,26171,-
01060300,Daldorf,50,640,506834,397806,-
01060300,Fredesdorf,50,408,174992,-,-
01060300,Groß Kummerfeld,50,1801,977387,977387,-
01060300,Groß Niendorf,50,666,-,-,-
01060300,Hartenholm,50,1852,462050,450000,12050
01060300,Hasenmoor,50,696,1272942,1272942,-
01060300,Heidmühlen,50,660,331568,331568,-
01060300,Högersdorf,50,395,150000,-,-
01060300,Kükels,50,454,201121,-,-
01060300,Latendorf,50,598,-,-,-
01060300,Leezen,50,1884,-,-,-
01060300,"Leezen, Amtsverwaltung",55,9082,1671152,1671152,-
01060300,Lentföhrden,50,2620,3588785,3543398,45387
01060300,Mözen,50,456,643500,643500,-
01060300,Neversdorf,50,722,-,-,-
01060300,"Norderstedt, Stadt",41,81137,99537401,3356,-
01060300,Nützen,50,1229,-,-,-
01060300,Rickling,50,3189,4802816,-,-
01060300,Schmalfeld,50,1886,2406839,2406839,-
01060300,Schwissel,50,275,1016,-,-
01060300,Todesfelde,50,1101,1399968,-,-
01060301,Wittenborn,50,1076,2791757,-,-
01060400,"Bad Bramstedt, Stadt",41,15340,25119116,20029310,-
01060400,Bornhöved,50,3343,2152817,-,-
01060400,"Bornhöved, Amtsverwaltung",55,11007,-,-,-
01060400,Damsdorf,50,240,-,-,-
01060400,Gönnebek,50,564,415922,-,-
01060400,Itzstedt,50,2522,4434521,2101742,-
01060400,"Itzstedt, Amtsverwaltung",55,12678,867710,867710,-
01060400,"Kaltenkirchen, Stadt",41,23213,23682203,-,-
01060400,Kayhude,50,1179,1610141,108911,-
01060400,Nahe,50,2505,4408000,-,-
01060400,Oering,50,1398,2849233,579233,-
01060400,Schmalensee,50,489,-,-,-
01060400,Seth,50,1741,229512,229512,-
01060400,Stocksee,50,396,-,-,-
01060400,Sülfeld,50,3333,640000,-,-
01060400,Tarbek,50,168,-,-,-
01060400,Tensfeld,50,711,674632,642100,-
01060400,Trappenkamp,50,5096,25925660,-,-
01060500,Armstedt,50,387,411000,-,-
01060500,"Bad Bramstedt-Land, Amtsverwaltung",55,11266,3371700,3371700,-
01060500,"Bad Segeberg, Stadt",41,18632,13587473,769164,-
01060500,Bimöhlen,50,1078,-,-,-
01060500,Borstel,50,138,462600,462600,-
01060500,Fuhlendorf,50,424,886111,886111,-
01060500,Föhrden-Barl,50,304,411500,-,-
01060500,Großenaspe,50,3034,827300,-,-
01060500,Hagen,50,460,3159278,-,-
01060500,Hardebek,50,497,-,-,-
01060500,Hasenkrug,50,363,347000,-,-
01060500,Heidmoor,50,294,495800,495800,-
01060500,Hitzhusen,50,1258,1089000,-,-
01060500,Mönkloh,50,247,455810,-,-
01060500,Weddelbrook,50,1062,2940737,-,-
01060500,Wiemersdorf,50,1720,3846700,-,-
01060600,Bahrenhof,50,211,-,-,-
01060600,Blunk,50,568,599326,-,-
01060600,Bühnsdorf,50,358,-,-,-
01060600,Dreggers,50,55,-,-,-
01060600,Fahrenkrug,50,1555,1276248,-,-
01060600,Geschendorf,50,552,1096559,186000,-
01060600,Glasau,50,830,595198,-,-
01060600,Groß Rönnau,50,531,758700,758700,-
01060600,Klein Gladebrügge,50,618,-,-,-
01060600,Klein Rönnau,50,1872,1067725,-,-
01060600,Krems II,50,384,1094312,510000,-
01060600,Negernbötel,50,969,581097,-,-
01060600,Nehms,50,564,-,-,-
01060600,Neuengörs,50,796,-,-,-
01060600,Pronstorf,50,1572,-,-,-
01060600,Rohlstorf,50,1156,687582,-,-
01060600,Schackendorf,50,858,-,-,-
01060600,Schieren,50,259,96250,16250,-
01060600,Seedorf,50,2220,449323,207223,-
01060600,Stipsdorf,50,247,160465,-,-
01060600,Strukdorf,50,255,1214500,1214500,-
01060600,"Trave-Land, Amtsverwaltung",55,19915,492104,-,-
01060600,Travenhorst,50,190,-,-,-
01060600,Traventhal,50,518,-,-,-
01060600,Wakendorf I,50,464,-,-,-
01060600,Weede,50,984,861799,168049,-
01060600,Wensin,50,896,786083,38925,-
01060600,Westerrade,50,433,250560,-,-
01060800,Hüttblek,50,387,-,-,-
01060800,Kattendorf,50,802,132972,132972,-
01060800,Kisdorf,50,3930,-,-,-
01060800,"Kisdorf, Amtsverwaltung",55,10647,2316484,2316484,-
01060800,Oersdorf,50,904,274275,-,-
01060800,Sievershütten,50,1084,283013,283013,-
01060800,Struvenhütten,50,942,223347,-,-
01060800,Stuvenborn,50,858,228603,228603,-
01060800,Wakendorf II,50,1372,-,-,-
01060801,Winsen,50,368,33802,33802,-
01060900,Ellerau,41,6194,7329248,6316589,983186
01060900,Henstedt-Ulzburg,41,28044,14783571,10783571,-
01061010,"Steinburg, Kreisverwaltung",32,131959,48547039,-,-
01061300,Bahrenfleth,50,590,25619,25619,-
01061300,Dägeling,50,1050,-,-,-
01061300,Elskop,50,154,-,-,-
01061300,Grevenkop,50,333,20407,-,-
01061300,"Krempe, Stadt",50,2424,9797451,9673387,-
01061300,Kremperheide,50,2291,1278253,-,660434
01061300,"Krempermarsch, Amtsverwaltung",55,9325,301665,-,-
01061300,Krempermoor,50,543,26033,-,-
01061300,Neuenbrook,50,674,474876,-,-
01061300,Rethwisch,50,547,1148803,-,-
01061300,"Wilster, Stadt",41,4302,13642617,9456863,-
01061301,Süderau,50,719,19800,19800,-
01061400,Altenmoor,50,227,-,-,-
01061400,Auufer,50,133,14370,14370,-
01061400,Blomesche Wildnis,50,599,-,-,-
01061400,Borsfleth,50,755,624650,624650,-
01061400,Breitenberg,50,332,103975,-,-
01061400,Breitenburg,50,1255,2318600,2318600,-
01061400,"Breitenburg, Amtsverwaltung",55,8616,-,-,-
01061400,Engelbrechtsche Wildnis,50,803,-,-,-
01061400,Herzhorn,50,1106,743097,-,-
01061400,Hohenfelde,50,888,88455,-,88455
01061400,Horst (Holstein),50,5860,4757599,-,-
01061400,"Horst-Herzhorn, Amtsverwaltung",55,15813,131589,-,-
01061400,Kiebitzreihe,50,2174,1056269,1056269,-
01061400,Kollmoor,50,34,338200,338200,-
01061400,Krempdorf,50,230,1710,-,1710
01061400,Kronsmoor,50,172,-,-,-
01061400,Lägerdorf,50,2664,5166040,-,-
01061400,Moordiek,50,116,36000,36000,-
01061400,Münsterdorf,50,1823,1895614,1446764,448850
01061400,Neuendorf b. Elmshorn,50,798,556219,495178,61041
01061400,Oelixdorf,50,1528,1722579,-,110388
01061401,Kollmar,50,1606,-,-,-
01061401,Sommerland,50,767,-,-,-
01061401,Westermoor,50,397,207800,-,-
01061401,Wittenbergen,50,162,12500,12500,-
01061600,"Itzehoe, Stadt",41,32351,33351074,19683984,-
01061800,Aasbüttel,50,155,30830,3028,27802
01061800,Agethorst,50,195,100000,-,-
01061800,Bekdorf,50,88,130000,130000,-
01061800,Bekmünde,50,155,-,-,-
01061800,Besdorf,50,229,-,-,-
01061800,Bokelrehm,50,127,-,-,-
01061800,Bokhorst,50,137,-,-,-
01061800,Christinenthal,50,67,-,-,-
01061800,Drage,50,228,218597,218597,-
01061800,Gribbohm,50,406,-,-,-
01061800,Hadenfeld,50,147,-,-,-
01061800,Heiligenstedten,50,1524,509061,509061,-
01061800,Heiligenstedtenerkamp,50,724,540100,-,-
01061800,Hodorf,50,204,294710,294710,-
01061800,Hohenaspe,50,1876,4094671,4094671,-
01061800,Holstenniendorf,50,435,-,-,-
01061800,Huje,50,264,199712,-,-
01061800,"Itzehoe-Land, Amtsverwaltung",55,10229,756512,756512,-
01061800,Kaaks,50,442,633479,633479,-
01061800,Kaisborstel,50,59,-,-,-
01061800,Kleve,50,533,328295,328295,-
01061800,Krummendiek,50,84,179087,-,-
01061800,Lohbarbek,50,818,833945,-,-
01061800,Looft,50,378,-,-,-
01061800,Mehlbek,50,408,283372,283372,-
01061800,Moorhusen,50,70,-,-,-
01061800,Nienbüttel,50,132,285235,-,-
01061800,Nutteln,50,259,73125,73125,-
01061800,Oldenborstel,50,112,-,-,-
01061800,Oldendorf,50,1099,3155840,3155840,-
01061800,Ottenbüttel,50,722,404265,404265,-
01061800,Peissen,50,296,385313,-,-
01061800,Puls,50,552,698750,698750,-
01061800,Pöschendorf,50,262,157583,157583,-
01061800,Reher,50,718,155563,-,-
01061800,Schenefeld,50,2795,709115,709115,-
01061800,"Schenefeld, Amtsverwaltung",55,10824,619645,619645,-
01061800,Schlotfeld,50,225,198875,198875,-
01061801,Silzen,50,157,209230,-,-
01061801,Vaale,50,1234,95772,95772,-
01061801,Vaalermoor,50,127,-,-,-
01061801,Wacken,50,2001,930000,930000,-
01061801,Warringholz,50,297,-,-,-
01061801,Winseldorf,50,312,225000,-,-
01061900,Aebtissinwisch,50,47,-,-,-
01061900,Beidenfleth,50,845,2481500,149000,-
01061900,Brokdorf,50,1004,-,-,-
01061900,Brokstedt,50,2214,-,-,-
01061900,Büttel,50,31,-,-,-
01061900,Dammfleth,50,276,-,-,-
01061900,Ecklak,50,289,-,-,-
01061900,Fitzbek,50,396,288245,-,-
01061900,"Glückstadt, Stadt",41,11292,10994680,10994680,-
01061900,Hennstedt,50,614,-,-,-
01061900,Hingstheide,50,84,-,-,-
01061900,Hohenlockstedt,50,5919,8596409,1361520,-
01061900,"Kellinghusen, Amtsverwaltung",55,22771,4428960,-,-
01061900,"Kellinghusen, Stadt",50,8235,12677488,11367593,-
01061900,Kudensee,50,113,9545,6587,2958
01061900,Landrecht,50,115,-,-,-
01061900,Landscheide,50,250,-,-,-
01061900,Lockstedt,50,148,-,-,-
01061900,Mühlenbarbek,50,255,140735,-,-
01061900,Nortorf,50,773,-,-,-
01061900,Oeschebüttel,50,179,-,-,-
01061900,Poyenberg,50,367,-,-,-
01061900,Quarnstedt,50,431,-,-,-
01061900,Rade,50,103,-,-,-
01061900,Rosdorf,50,355,6000,6000,-
01061900,Sankt Margarethen,50,801,986800,935825,50975
01061900,Sarlhusen,50,460,237075,-,-
01061900,"Wilstermarsch, Amtsverwaltung",55,6436,-,-,-
01061901,Neuendorf-Sachsenbande,50,417,-,-,-
01061901,Stördorf,50,122,-,-,-
01061901,Störkathen,50,86,104746,104746,-
01061901,Wewelsfleth,50,1353,1993733,-,-
01061901,Wiedenborstel,50,10,165800,-,-
01061901,Willenscharen,50,169,-,-,-
01061901,Wrist,50,2361,2625975,-,-
01061901,Wulfsmoor,50,385,135767,-,-
01062000,Ammersbek,41,9978,10440929,10440929,-
01062000,Grande,50,707,-,-,-
01062000,Großensee,50,1864,-,-,-
01062000,Grönwohld,50,1486,502574,198121,-
01062000,Hamfelde,50,520,-,-,-
01062000,Hohenfelde,50,47,-,-,-
01062000,Köthel,50,311,-,-,-
01062000,Lütjensee,50,3292,247282,65552,181730
01062000,Rausdorf,50,221,13688,13688,-
01062000,"Reinbek, Stadt",41,28067,35505174,9472269,-
01062000,Trittau,50,9150,4765507,-,-
01062000,"Trittau, Amtsverwaltung",55,19150,3397865,2633480,-
01062000,Witzhave,50,1552,-,-,-
01062010,"Stormarn, Kreisverwaltung",32,245536,-,-,-
01062100,"Ahrensburg, Stadt",41,34072,13029375,13029375,-
01062100,"Reinfeld (Holstein), Stadt",41,8957,14227405,13357824,-
01062200,Braak,50,936,2426470,2426470,-
01062200,Brunsbek,50,1722,272880,272880,-
01062200,Hoisdorf,50,3446,3000000,3000000,-
01062200,Siek,50,2450,528349,-,528349
01062200,"Siek, Amtsverwaltung",55,10348,-,-,-
01062200,Stapelfeld,50,1794,-,-,-
01062300,Großhansdorf,41,9508,6028387,6028387,-
01062300,Oststeinbek,41,8770,15108926,14437500,-
01062400,"Bad Oldesloe, Stadt",41,24831,1466012,833000,-
01062400,Badendorf,50,933,-,-,-
01062400,Barnitz,50,842,-,-,-
01062400,Feldhorst,50,540,-,-,-
01062400,Hamberge,50,1843,-,-,-
01062400,Heidekamp,50,523,-,-,-
01062400,Heilshoop,50,556,-,-,-
01062400,Klein Wesenberg,50,764,-,-,-
01062400,Mönkhagen,50,651,-,-,-
01062400,"Nordstormarn, Amtsverwaltung",55,11298,74250,-,-
01062400,Rehhorst,50,714,-,-,-
01062400,Wesenberg,50,1667,-,-,-
01062400,Westerau,50,787,-,-,-
01062400,Zarpen,50,1478,104475,-,-
01062600,"Bargteheide, Stadt",41,16294,-,-,-
01062600,Tangstedt,41,6405,4147444,2945099,-
01062700,"Bad Oldesloe-Land, Amtsverwaltung",55,11520,3351778,-,-
01062700,Grabau,50,774,425135,-,-
01062700,Lasbek,50,1291,2101728,2101728,-
01062700,Meddewade,50,914,497759,497759,-
01062700,Neritz,50,356,21240,-,-
01062700,Pölitz,50,1236,756567,756567,-
01062700,Rethwisch,50,1164,-,-,-
01062700,Rümpel,50,1321,1128186,1128186,-
01062700,Steinburg,50,2703,694488,694488,-
01062700,Travenbrück,50,1761,2240567,2240567,-
01062800,Bargfeld-Stegen,50,2997,1976310,1626310,-
01062800,"Bargteheide-Land, Amtsverwaltung",55,14824,7261985,7071985,-
01062800,Delingsdorf,50,2268,3583422,3583422,-
01062800,Elmenhorst,50,2845,1124947,-,-
01062800,"Glinde, Stadt",41,18262,5634197,5634197,-
01062800,Hammoor,50,1287,1098390,1098390,-
01062800,Jersbek,50,1794,-,-,-
01062800,Nienwohld,50,498,301125,301125,-
01062800,Todendorf,50,1237,2487868,-,-
01062800,Tremsbüttel,50,1898,1818800,1818800,-
01062900,Barsbüttel,41,13252,23213777,-,-
03101000,"Braunschweig, kreisfreie Stadt",30,253267,585226029,-,-
03102000,"Salzgitter, kreisfreie Stadt",30,104839,331382386,-,149893202
03103000,"Wolfsburg, kreisfreie Stadt",30,128288,234304173,797326,-
03151000,"Wittingen, Stadt",41,11204,25085890,25060591,-
03151010,"Gifhorn, Landkreisverwaltung",32,175548,33915938,-,-
03151100,Barwedel,50,994,-,-,-
03151100,Bokensdorf,50,1244,-,-,-
03151100,"Boldecker Land, Samtgemeindeverwaltung",55,10600,5234982,5230689,-
03151100,Jembke,50,2103,-,-,-
03151100,Osloß,50,2024,-,-,-
03151100,Tappenbeck,50,1553,-,-,-
03151100,Weyhausen,50,2682,-,-,-
03151200,Bergfeld,50,851,205215,-,-
03151200,"Brome, Flecken",50,3133,491947,491947,-
03151200,"Brome, Samtgemeindeverwaltung",55,16118,4849526,4140291,-
03151200,Ehra-Lessien,50,1652,376520,-,-
03151200,Parsau,50,1944,245906,-,-
03151200,Rühen,50,5824,735698,735698,-
03151200,Tiddische,50,1234,-,-,-
03151200,Tülau,50,1480,-,-,-
03151300,Dedelstorf,50,1192,-,-,-
03151300,Hankensbüttel,50,4371,1274542,1108615,-
03151300,"Hankensbüttel, Samtgemeindeverwaltung",55,8824,15152709,7776,2300000
03151300,Obernholz,50,844,18537,-,-
03151300,Sprakensehl,50,1152,556062,-,232640
03151300,Steinhorst,50,1265,585750,-,-
03151400,Calberlah,50,5272,-,-,-
03151400,Isenbüttel,50,6161,-,-,-
03151400,"Isenbüttel, Samtgemeindeverwaltung",55,15320,6266218,6164557,-
03151400,Ribbesbüttel,50,2104,-,-,-
03151400,Wasbüttel,50,1783,-,-,-
03151500,Hillerse,50,2446,2393483,2393483,-
03151500,Leiferde,50,4261,527768,527768,-
03151500,Meinersen,50,7976,5711334,5711334,-
03151500,"Meinersen, Samtgemeindeverwaltung",55,19887,23172754,23096308,-
03151500,Müden (Aller),50,5204,1863526,-,-
03151500,Sassenburg,41,12066,11769483,278866,-
03151600,Adenbüttel,50,1802,193843,-,-
03151600,Didderse,50,1317,-,-,-
03151600,Meine,50,8357,289200,-,-
03151600,"Papenteich, Samtgemeindeverwaltung",55,24284,6168987,6136005,-
03151600,Rötgesbüttel,50,2502,156938,156938,-
03151600,Schwülper,50,7223,4385214,4385214,-
03151600,Vordorf,50,3083,249257,249257,-
03151700,Groß Oesingen,50,2018,-,-,-
03151700,Schönewörde,50,912,99644,-,99644
03151700,Ummern,50,1495,-,-,-
03151700,Wagenhoff,50,1166,-,-,-
03151700,Wahrenholz,50,3760,1165935,-,-
03151700,Wesendorf,50,5542,-,-,-
03151700,"Wesendorf, Samtgemeindeverwaltung",55,14893,437720,29232,-
03151900,"Gifhorn, Stadt",34,42352,45466747,628268,-
03153010,"Goslar, Landkreisverwaltung",32,127803,11272002,-,-
03153100,Hahausen,-,-,-,-,-
03153100,"Lutter am Barenberge, Flecken",-,-,-,-,-
03153100,"Lutter am Barenberge, Samtgemeindeverwaltung",-,-,-,-,-
03153100,Wallmoden,-,-,-,-,-
03153200,"Bad Harzburg, Stadt",41,19654,11999461,11999461,-
03153200,"Seesen, Stadt",34,18713,5064717,5064717,-
03153600,"Braunlage, Stadt",41,4985,25095833,-,4375285
03153700,"Goslar, Stadt",35,47611,25402007,25402007,-
03153700,"Langelsheim, Stadt",-,-,-,-,-
03153800,"Clausthal-Zellerfeld, Berg- und Universitätsstadt",41,14167,33032462,-,6000000
03153800,Liebenburg,41,7920,12841699,-,-
03153900,"Langelsheim, Stadt",41,14753,14939214,-,-
03154010,"Helmstedt, Landkreisverwaltung",32,90932,116522262,2694397,33000000
03154100,Grasleben,50,2345,2756491,22263,-
03154100,"Grasleben, Samtgemeindeverwaltung",55,4552,10797855,4953905,5800000
03154100,Mariental,50,972,1646127,446127,1200000
03154100,Querenhorst,50,497,1455362,-,-
03154100,Rennau,50,738,1235770,-,800000
03154200,Beierstedt,50,361,799918,285178,-
03154200,Gevensleben,50,610,4896236,-,1532566
03154200,"Heeseberg, Samtgemeindeverwaltung",55,3566,24851512,50460,4019627
03154200,Jerxheim,50,1101,7190263,4691126,2499137
03154200,Söllingen,50,1494,4008224,2021588,-
03154300,Frellstedt,50,821,2384401,2371792,-
03154300,"Königslutter am Elm, Stadt",41,15401,42900569,374870,2860977
03154300,"Nord-Elm, Samtgemeindeverwaltung",55,5713,4715620,4210180,500000
03154300,Räbke,50,803,2841539,-,-
03154300,Süpplingen,50,1733,2785542,1548926,-
03154300,Süpplingenburg,50,650,1072462,-,650000
03154300,Warberg,50,811,2140561,1690561,-
03154300,Wolsdorf,50,895,1025712,-,310000
03154400,Bahrdorf,50,1715,1213830,-,-
03154400,Danndorf,50,2533,-,-,-
03154400,Grafhorst,50,1122,105174,105174,-
03154400,Groß Twülpstedt,50,2824,-,-,-
03154400,Lehre,41,12029,19988508,19969413,-
03154400,Velpke,50,4865,-,-,-
03154400,"Velpke, Samtgemeindeverwaltung",55,13059,21447598,2137026,-
03154800,"Helmstedt, Stadt",34,25365,2122647,-,-
03154900,"Schöningen, Stadt",41,11247,12690280,3534722,-
03155000,"Nörten-Hardenberg, Flecken",41,7667,7561727,-,-
03155010,"Northeim, Landkreisverwaltung",32,126452,63000238,-,-
03155100,"Bad Gandersheim, Stadt",41,9030,12385132,12385132,-
03155100,"Northeim, Stadt",34,27554,18385026,18385026,-
03155200,"Bodenfelde, Flecken",41,2942,1987583,-,-
03155200,"Uslar, Stadt",41,13607,8466559,-,-
03155300,"Dassel, Stadt",41,9330,2700188,2700188,-
03155300,"Einbeck, Stadt",34,29872,20473388,-,-
03155500,"Hardegsen, Stadt",41,7348,10405485,9405485,1000000
03155600,Kalefeld,41,5754,8884027,8884027,-
03155700,Katlenburg-Lindau,41,6754,3285070,-,-
03155900,"Moringen, Stadt",41,6594,3638620,3638620,-
03157010,"Peine, Landkreisverwaltung",32,136592,128891602,124891602,-
03157100,Edemissen,41,12345,11853606,-,1141115
03157200,Hohenhameln,41,9349,14941531,14941531,-
03157500,Lengede,41,14267,15131895,15124095,-
03157600,"Peine, Stadt",34,50620,21956219,-,2000000
03157700,Vechelde,41,18254,26303322,26303322,-
03157800,Wendeburg,41,10196,20669974,-,2105717
03157900,Ilsede,41,21561,11980979,10980979,-
03158010,"Wolfenbüttel, Landkreisverwaltung",32,118226,89152607,72144846,-
03158200,Baddeckenstedt,50,2925,-,-,-
03158200,"Baddeckenstedt, Samtgemeindeverwaltung",55,9937,16797,16797,-
03158200,Burgdorf,50,2119,-,-,-
03158200,Elbe,50,1497,-,-,-
03158200,Haverlah,50,1523,-,-,-
03158200,Heere,50,1011,-,-,-
03158200,Sehlde,50,862,-,-,-
03158300,Börßum,50,2850,5638140,-,258327
03158300,Cramme,50,805,389066,-,-
03158300,Dorstadt,50,690,705245,-,-
03158300,Flöthe,50,1081,32659,-,-
03158300,Heiningen,50,652,1823022,681409,-
03158300,"Oderwald, Samtgemeindeverwaltung",55,6678,6392222,53033,-
03158300,Ohrum,50,600,2060187,1221103,839084
03158600,Cremlingen,41,12955,8487415,27675,5700000
03158600,Dettum,50,1208,564855,564855,-
03158600,Erkerode,50,841,999125,-,-
03158600,Evessen,50,1251,417928,-,-
03158600,Sickte,50,5924,2183254,2183254,-
03158600,"Sickte, Samtgemeindeverwaltung",55,10232,7841584,6866277,960490
03158600,Veltheim (Ohe),50,1008,148012,-,-
03158700,Dahlum,50,616,185783,185783,-
03158700,Denkte,50,2699,817929,337074,-
03158700,"Elm-Asse, Samtgemeindeverwaltung",55,17568,28688453,173269,260309
03158700,Hedeper,50,466,191789,180220,-
03158700,Kissenbrück,50,1677,470606,470606,-
03158700,Kneitlingen,50,735,100545,100545,-
03158700,Remlingen-Semmenstedt,50,2307,1125764,830479,-
03158700,Roklum,50,424,129665,121935,-
03158700,"Schöppenstedt, Stadt",50,5366,684788,684788,-
03158700,Uehrde,50,852,415200,392040,-
03158700,Vahlberg,50,688,155820,155820,-
03158700,Winnigstedt,50,664,91748,91748,-
03158700,Wittmar,50,1074,376807,234788,122887
03158700,"Wolfenbüttel, Stadt",34,52187,65002895,965311,-
03158900,Schladen-Werla,41,8669,19013625,-,-
03159000,"Duderstadt, Stadt",34,20425,3570261,3570261,-
03159010,"Göttingen, Landkreisverwaltung",32,327751,44652583,-,-
03159100,"Adelebsen, Flecken",41,6217,3055631,-,-
03159100,Bühren,50,534,51177,-,-
03159100,"Dransfeld, Samtgemeindeverwaltung",55,8978,4875995,4875995,-
03159100,"Dransfeld, Stadt",50,4280,892598,892598,-
03159100,Jühnde,50,944,-,-,-
03159100,Niemetal,50,1423,239069,239069,-
03159100,Scheden,50,1797,1494624,-,-
03159200,Bad Grund (Harz),41,7867,14682662,6682662,-
03159200,Bilshausen,50,2244,250665,-,-
03159200,Bodensee,50,756,466804,466804,-
03159200,"Gieboldehausen, Flecken",50,3804,554381,-,-
03159200,"Gieboldehausen, Samtgemeindeverwaltung",55,13248,1579004,-,-
03159200,Krebeck,50,1009,2077377,2077377,-
03159200,Obernfeld,50,945,792660,792660,-
03159200,Rhumspringe,50,1760,1736197,1736197,-
03159200,Rollshausen,50,829,432492,-,-
03159200,Rüdershausen,50,802,195440,-,-
03159200,Wollbrandshausen,50,651,-,-,-
03159200,Wollershausen,50,448,211004,-,-
03159300,"Bad Lauterberg im Harz, Stadt",41,10423,10392543,-,-
03159300,Elbingerode,50,445,391346,-,-
03159300,Friedland,41,8369,810558,-,-
03159300,Hattorf am Harz,50,4023,97098,97098,-
03159300,"Hattorf am Harz, Samtgemeindeverwaltung",55,7203,2740778,2740778,-
03159300,Hörden am Harz,50,926,139286,139286,-
03159300,Wulften am Harz,50,1809,2287211,2120110,167101
03159400,"Bad Sachsa, Stadt",41,7052,15285582,12785582,-
03159400,Ebergötzen,50,1947,311892,311892,-
03159400,Landolfshausen,50,1115,526885,-,-
03159400,"Radolfshausen, Samtgemeindeverwaltung",55,7296,-,-,-
03159400,Seeburg,50,1613,330666,-,-
03159400,Seulingen,50,1330,-,-,-
03159400,Staufenberg,41,7559,9417204,93769,-
03159400,Waake,50,1291,460026,460026,-
03159500,Gleichen,41,8737,1953497,1953497,-
03159600,"Göttingen, Stadt",38,125661,283361150,-,-
03159600,"Osterode am Harz, Stadt",34,21767,22227418,-,-
03159600,Walkenried,41,4221,3143252,-,-
03159700,"Bovenden, Flecken",41,14041,33088979,31222107,-
03159700,"Hann. Münden, Stadt",34,23593,38759783,18736264,-
03159900,"Herzberg am Harz, Stadt",41,12960,15343946,-,-
03159900,Rosdorf,41,12134,7700282,-,-
03241000,"Langenhagen, Stadt",34,54071,153844737,-,10195000
03241000,Wennigsen (Deister),41,14185,53879066,39079066,-
03241010,"Region Hannover, Regionsverwaltung",32,1136033,827288383,-,-
03241100,"Hannover, Landeshauptstadt",41,518614,2219781250,1840172489,300900000
03241100,"Lehrte, Stadt",34,43675,32376817,27176817,-
03241100,"Wunstorf, Stadt",34,41055,47548662,23841900,-
03241200,"Barsinghausen, Stadt",34,33849,43838810,16582500,-
03241200,"Neustadt am Rübenberge, Stadt",34,44540,203835472,203771387,-
03241300,"Burgdorf, Stadt",34,31178,114935481,38824000,-
03241300,"Pattensen, Stadt",41,14662,99593713,-,-
03241400,"Burgwedel, Stadt",41,20359,14432520,14432520,-
03241400,"Ronnenberg, Stadt",34,23703,113159579,87732129,6000000
03241500,"Garbsen, Stadt",34,59706,1850820,-,-
03241500,"Seelze, Stadt",34,34420,131443579,-,1000000
03241600,"Gehrden, Stadt",41,15382,82127268,34692168,-
03241600,"Sehnde, Stadt",34,23454,47332548,13506448,-
03241700,"Hemmingen, Stadt",41,18899,63921751,22016000,-
03241700,"Springe, Stadt",34,28499,54437680,40890500,-
03241800,Isernhagen,34,24165,10074123,-,-
03241800,Uetze,41,20105,50167768,17225080,-
03241900,"Laatzen, Stadt",34,42084,176679986,-,5610000
03241900,Wedemark,41,29428,82273767,82273767,-
03251000,"Sulingen, Stadt",41,13265,12368655,12368655,-
03251010,"Diepholz, Landkreisverwaltung",32,220029,3174781,3174781,-
03251100,"Altes Amt Lemförde, Samtgemeindeverwaltung",55,8751,6766366,6766366,-
03251100,Brockum,50,1060,47346,47346,-
03251100,Hüde,50,1251,-,-,-
03251100,Lembruch,50,1253,104897,104897,-
03251100,"Lemförde, Flecken",50,3282,1469385,-,1469385
03251100,Marl,50,685,14751,-,-
03251100,Quernheim,50,510,-,-,-
03251100,Stemshorn,50,710,-,-,-
03251100,"Syke, Stadt",41,24924,18082921,-,-
03251200,"Barnstorf, Flecken",50,6702,515535,515535,-
03251200,"Barnstorf, Samtgemeindeverwaltung",55,12461,3828615,2300,-
03251200,"Diepholz, Stadt",41,17847,1932814,-,-
03251200,Drebber,50,2969,-,-,-
03251200,Drentwede,50,1017,-,-,-
03251200,Eydelstedt,50,1773,248000,-,-
03251200,"Twistringen, Stadt",41,12897,11979843,11954743,-
03251300,Asendorf,50,2902,-,-,-
03251300,"Bruchhausen-Vilsen, Flecken",50,9003,309098,-,-
03251300,"Bruchhausen-Vilsen, Samtgemeindeverwaltung",55,17326,10252118,3738,-
03251300,Martfeld,50,2757,272157,272157,-
03251300,Schwarme,50,2664,-,-,-
03251400,Bahrenborstel,50,1077,-,-,-
03251400,"Barenburg, Flecken",50,1211,300000,-,-
03251400,Freistatt,50,562,-,-,-
03251400,Kirchdorf,50,2217,-,-,-
03251400,"Kirchdorf, Samtgemeindeverwaltung",55,7175,223,-,-
03251400,Varrel,50,1394,600000,-,-
03251400,Wagenfeld,41,7094,2040457,1275000,-
03251400,Wehrbleck,50,714,-,-,-
03251500,Barver,50,1047,635488,255488,-
03251500,Dickel,50,477,-,-,-
03251500,Hemsloh,50,541,-,-,-
03251500,Rehden,50,2243,-,-,-
03251500,"Rehden, Samtgemeindeverwaltung",55,6166,1878587,3587,-
03251500,Wetschen,50,1858,150885,150885,-
03251600,Affinghausen,50,870,-,-,-
03251600,Ehrenburg,50,1501,-,-,-
03251600,Neuenkirchen,50,1174,-,-,-
03251600,Scholen,50,780,-,-,-
03251600,Schwaförden,50,1475,-,-,-
03251600,"Schwaförden, Samtgemeindeverwaltung",55,6814,6876384,-,6872301
03251600,Sudwalde,50,1014,-,-,-
03251700,"Bassum, Stadt",41,16456,2060470,2060470,-
03251700,Borstel,50,1197,-,-,-
03251700,Maasen,50,445,-,-,-
03251700,Mellinghausen,50,1076,31950,-,-
03251700,"Siedenburg, Flecken",50,1256,142806,1400,-
03251700,"Siedenburg, Samtgemeindeverwaltung",55,4505,2156524,127429,-
03251700,Staffhorst,50,531,-,-,-
03251700,Stuhr,34,33555,995304,-,-
03251700,Weyhe,34,30793,37785542,37681580,-
03252010,"Hameln-Pyrmont, Landkreisverwaltung",32,150521,159911685,131436937,28464383
03252100,"Aerzen, Flecken",41,10526,13588486,-,-
03252200,"Bad Münder am Deister, Stadt",41,17346,13439849,13205650,-
03252300,"Bad Pyrmont, Stadt",34,19878,10161449,2506925,-
03252400,"Coppenbrügge, Flecken",41,6993,11120086,11120086,-
03252500,Emmerthal,41,9777,8516723,8501123,-
03252600,"Hameln, Stadt",35,58254,136433538,5828824,5000000
03252700,"Hessisch Oldendorf, Stadt",41,18525,11835852,11835852,-
03252800,"Salzhemmendorf, Flecken",41,9222,22276944,-,2500000
03254000,Harsum,41,11025,4107474,4107474,-
03254010,"Hildesheim, Landkreisverwaltung",32,268124,172685492,-,-
03254100,Diekholzen,41,5990,28805,28805,-
03254100,"Hildesheim, Stadt",35,97795,76325572,-,-
03254200,"Alfeld (Leine), Stadt",34,18263,93520069,-,25000000
03254200,Freden (Leine),41,4524,2684887,-,-
03254200,Holle,41,6709,8318957,8318957,-
03254200,Söhlde,41,7533,17132128,-,-
03254300,Algermissen,41,7631,8623004,-,-
03254400,"Elze, Stadt",41,8921,8668914,8668914,-
03254400,Lamspringe,41,5493,18083090,18083090,-
03254500,"Bad Salzdetfurth, Stadt",41,13312,12041413,-,-
03254500,Sibbesse,41,5434,9795000,-,-
03254600,"Duingen, Flecken",50,4784,4316039,3095724,1220315
03254600,"Eime, Flecken",50,2521,4948773,4353023,595750
03254600,"Gronau (Leine), Stadt",50,10431,9191516,-,-
03254600,"Leinebergland, Samtgemeindeverwaltung",55,17736,41300489,-,-
03254600,Nordstemmen,41,12007,33904552,-,-
03254700,Giesen,41,9355,18360511,-,-
03254800,"Bockenem, Stadt",41,9660,17490795,17490795,-
03254800,"Sarstedt, Stadt",41,19253,18539537,-,-
03254900,Schellerten,41,7483,4114743,4114743,-
03255010,"Holzminden, Landkreisverwaltung",32,66049,131008286,-,38034412
03255100,"Bevern, Flecken",50,3749,503731,342899,-
03255100,"Bevern, Samtgemeindeverwaltung",55,5698,478552,-,-
03255100,Golmbach,50,882,125827,-,-
03255100,Holenberg,50,398,-,-,-
03255100,Negenborn,50,669,625,-,-
03255300,Boffzen,50,2478,1656781,-,1128000
03255300,"Boffzen, Samtgemeindeverwaltung",55,6332,2979606,2656606,323000
03255300,Derental,50,594,658000,-,658000
03255300,Fürstenberg,50,1021,2961267,-,2873000
03255300,"Holzminden, Stadt",34,18928,40615016,-,3199144
03255300,"Lauenförde, Flecken",50,2239,4250147,3250147,-
03255800,"Bodenwerder, Münchhausenstadt",50,4680,1131138,1094048,-
03255800,"Bodenwerder-Polle, Samtgemeindeverwaltung",55,13384,6051726,-,-
03255800,Brevörde,50,546,-,-,-
03255800,"Delligsen, Flecken",41,7350,10397607,10397607,-
03255800,Halle,50,1435,-,-,-
03255800,Hehlen,50,1659,493000,493000,-
03255800,Heinsen,50,709,31462,31462,-
03255800,Heyen,50,418,-,-,-
03255800,Kirchbrak,50,902,201016,172052,28964
03255800,"Ottenstein, Flecken",50,1141,2944440,2944440,-
03255800,Pegestorf,50,384,-,-,-
03255800,"Polle, Flecken",50,1141,98472,-,-
03255800,Vahlbruch,50,369,72725,72725,-
03255900,Arholzen,50,358,360499,-,-
03255900,Deensen,50,1334,218487,-,-
03255900,Dielmissen,50,735,-,-,-
03255900,Eimen,50,795,10157,-,-
03255900,"Eschershausen, Stadt",50,3499,985402,985402,-
03255900,"Eschershausen-Stadtoldendorf, Samtgemeindeverwaltung",55,14357,4583935,14700,-
03255900,Heinade,50,774,-,-,-
03255900,Holzen,50,480,-,-,-
03255900,Lenne,50,624,252500,252500,-
03255900,Lüerdissen,50,383,-,-,-
03255900,"Stadtoldendorf, Stadt",50,4832,3415115,-,-
03255900,Wangelnstedt,50,543,-,-,-
03256000,Estorf,50,1740,2151901,-,-
03256000,Husum,50,2328,1135062,-,-
03256000,Landesbergen,50,2760,1362027,-,-
03256000,Leese,50,1657,3544325,-,-
03256000,"Mittelweser, Samtgemeindeverwaltung",55,15522,9399430,9393410,-
03256000,"Steyerberg, Flecken",41,5171,3001480,3000000,-
03256000,Stolzenau,50,7037,1847056,-,-
03256010,"Nienburg (Weser), Landkreisverwaltung",32,121650,29345338,86460,-
03256100,Balge,50,1666,304407,304407,-
03256100,Binnen,50,978,521038,521038,-
03256100,"Liebenau, Flecken",50,3745,63307,-,-
03256100,Marklohe,50,4559,1301174,1301174,-
03256100,Pennigsehl,50,1203,10316,10316,-
03256100,"Weser-Aue, Samtgemeindeverwaltung",55,14118,10068058,-,-
03256100,Wietzen,50,1967,205535,205535,-
03256200,"Drakenburg, Flecken",50,1778,-,-,-
03256200,Haßbergen,50,1648,-,-,-
03256200,Heemsen,50,1813,-,-,-
03256200,"Heemsen, Samtgemeindeverwaltung",55,6341,5196042,5196042,-
03256200,"Nienburg (Weser), Stadt",34,32567,44489509,41550780,2768569
03256200,Rohrsen,50,1102,115037,-,-
03256500,Binnen,-,-,-,-,-
03256500,"Liebenau, Flecken",-,-,-,-,-
03256500,"Liebenau, Samtgemeindeverwaltung",-,-,-,-,-
03256500,Pennigsehl,-,-,-,-,-
03256500,"Rehburg-Loccum, Stadt",41,9896,29711664,5385,1105794
03256600,Balge,-,-,-,-,-
03256600,Marklohe,-,-,-,-,-
03256600,"Marklohe, Samtgemeindeverwaltung",-,-,-,-,-
03256600,Wietzen,-,-,-,-,-
03256700,Linsburg,50,1024,428168,428168,-
03256700,Rodewald,50,2615,2633539,-,918539
03256700,Steimbke,50,2473,-,-,-
03256700,"Steimbke, Samtgemeindeverwaltung",55,7407,5212829,-,-
03256700,Stöckse,50,1295,968477,-,129460
03256800,"Diepenau, Flecken",50,3884,4036553,3221325,-
03256800,Raddestorf,50,1829,80484,-,-
03256800,"Uchte, Flecken",50,4826,4432985,4432985,-
03256800,"Uchte, Samtgemeindeverwaltung",55,13668,12387965,-,-
03256800,Warmsen,50,3129,1959880,-,-
03256900,"Bücken, Flecken",50,2136,-,-,-
03256900,Eystrup,50,3584,79400,-,-
03256900,Gandesbergen,50,516,-,-,-
03256900,"Grafschaft Hoya, Samtgemeindeverwaltung",55,16960,6533136,3633136,-
03256900,Hassel (Weser),50,1771,-,-,-
03256900,Hilgermissen,50,2039,-,-,-
03256900,"Hoya, Stadt",50,3830,-,-,-
03256900,Hoyerhagen,50,967,-,-,-
03256900,Hämelhausen,50,576,-,-,-
03256900,Schweringen,50,846,241044,241044,-
03256900,Warpe,50,695,-,-,-
03257010,"Schaumburg, Landkreisverwaltung",32,156955,162589688,147709057,-
03257100,Ahnsen,50,1018,-,-,-
03257100,Bad Eilsen,50,2506,882356,-,-
03257100,Buchholz,50,748,-,-,-
03257100,"Eilsen, Samtgemeindeverwaltung",55,6842,2386328,2386328,-
03257100,Heeßen,50,1412,649260,-,-
03257100,Luhden,50,1158,61566,-,-
03257100,"Rinteln, Stadt",34,25648,32825644,28685812,-
03257200,Beckedorf,50,1440,1313495,-,638525
03257200,Heuerßen,50,900,-,-,-
03257200,Lindhorst,50,4188,8084098,-,-
03257200,"Lindhorst, Samtgemeindeverwaltung",55,7639,3499270,-,-
03257200,Lüdersfeld,50,1111,609904,609904,-
03257300,Auetal,41,6062,7023889,10824,-
03257300,"Bad Nenndorf, Stadt",50,11510,23609977,21491515,-
03257300,Haste,50,2750,-,-,-
03257300,Hohnhorst,50,2190,1050455,1050455,-
03257300,"Nenndorf, Samtgemeindeverwaltung",55,17885,31499082,31495186,-
03257300,Suthfeld,50,1435,-,-,-
03257400,Lauenhagen,50,1300,21560,21560,-
03257400,Meerbeck,50,1795,-,-,-
03257400,Niedernwöhren,50,1945,523600,523600,-
03257400,"Niedernwöhren, Samtgemeindeverwaltung",55,7660,2426513,2426513,-
03257400,Nordsehl,50,671,-,-,-
03257400,Pollhagen,50,1029,-,-,-
03257400,"Wiedensahl, Flecken",50,920,460526,-,-
03257500,Helpsen,50,1961,-,-,-
03257500,Hespe,50,2049,-,-,-
03257500,"Nienstaedt, Samtgemeindeverwaltung",55,10012,3112297,24824,-
03257500,Nienstädt,50,4297,1889208,1889208,-
03257500,Seggebruch,50,1705,-,-,-
03257500,"Stadthagen, Stadt",41,22368,10056835,679037,-
03257600,Apelern,50,2388,1212450,-,-
03257600,Hülsede,50,1058,423378,-,-
03257600,"Lauenau, Flecken",50,4245,3633330,3633330,-
03257600,Messenkamp,50,704,96312,96312,-
03257600,Pohle,50,836,67831,-,-
03257600,"Rodenberg, Samtgemeindeverwaltung",55,15580,7935284,7916266,-
03257600,"Rodenberg, Stadt",50,6349,10592255,-,-
03257700,Auhagen,50,1254,138218,-,-
03257700,"Hagenburg, Flecken",50,4504,-,-,-
03257700,"Sachsenhagen, Samtgemeindeverwaltung",55,9164,10930174,351095,-
03257700,"Sachsenhagen, Stadt",50,1855,1870080,-,-
03257700,Wölpinghausen,50,1551,1262522,-,-
03257800,"Obernkirchen, Stadt",41,8928,17519002,8960282,39689
03257900,"Bückeburg, Stadt",41,19167,11396643,83825,-
03351000,Faßberg,41,6074,3455879,1383796,-
03351010,"Celle, Landkreisverwaltung",32,172745,137015985,128786143,72022
03351100,"Lohheide, gemfr. Bez.",43,721,-,-,-
03351200,Bröckel,50,1959,261609,-,-
03351200,Eicklingen,50,3142,3802099,-,123343
03351200,"Flotwedel, Samtgemeindeverwaltung",55,11269,11498792,531036,-
03351200,Hambühren,41,10201,12857264,11422612,-
03351200,Langlingen,50,2164,171911,-,-
03351200,"Wienhausen, Klostergemeinde",50,4004,1067951,-,-
03351300,Ahnsbeck,50,1631,3341663,-,-
03351300,Beedenbostel,50,989,1110491,529125,581366
03351300,Eldingen,50,1998,418526,418526,-
03351300,Hohne,50,1676,748586,307289,-
03351300,Lachendorf,50,6157,2323098,-,-
03351300,"Lachendorf, Samtgemeindeverwaltung",55,12451,11400954,162380,3000000
03351300,Wietze,41,7438,18357316,18312116,-
03351400,Adelheidsdorf,50,2690,2167931,1659496,508435
03351400,"Bergen, Stadt",41,12946,21827743,251958,-
03351400,Nienhagen,50,6354,8577322,-,-
03351400,Wathlingen,50,6435,6018365,75000,3286004
03351400,"Wathlingen, Samtgemeindeverwaltung",55,15479,11047478,10975890,-
03351400,Winsen (Aller),41,12690,20118553,821459,-
03351500,Eschede,41,5477,13008102,5905072,7000000
03351600,"Celle, Stadt",35,66901,224287218,5624238,58400000
03351600,Südheide,41,11098,8440576,305420,-
03352000,Hagen im Bremischen,41,10751,13888713,13888713,-
03352000,Schiffdorf,41,14524,5233419,107144,-
03352010,"Cuxhaven, Landkreisverwaltung",32,199148,83138115,81908275,-
03352100,Belum,50,789,48193,48193,-
03352100,Bülkau,50,848,145889,145889,-
03352100,Cadenberge,50,3952,3471818,3420942,-
03352100,"Cuxhaven, Stadt",35,49811,97842045,-,68333333
03352100,Ihlienworth,50,1516,131161,-,-
03352100,"Land Hadeln, Samtgemeindeverwaltung",55,26626,18967096,17572626,-
03352100,Neuenkirchen,50,1328,1271587,1271587,-
03352100,"Neuhaus (Oste), Flecken",50,1084,1033820,2176,-
03352100,Nordleda,50,993,684659,-,-
03352100,Oberndorf,50,1342,339576,2049,-
03352100,Odisheim,50,479,359910,359910,-
03352100,Osterbruch,50,481,88495,-,-
03352100,"Otterndorf, Stadt",50,7430,12822303,-,-
03352100,Steinau,50,799,778194,-,-
03352100,Wanna,50,2268,342768,-,-
03352100,Wingst,50,3317,898268,1691,-
03352100,Wurster Nordseeküste,41,16763,10733529,197780,-
03352200,"Geestland, Stadt",41,31085,24347834,20148484,-
03352200,Loxstedt,41,16070,15212958,-,-
03352400,Armstorf,50,706,271711,271711,-
03352400,"Börde Lamstedt, Samtgemeindeverwaltung",55,6064,3365913,25200,1200000
03352400,Hollnseth,50,861,834826,-,-
03352400,Lamstedt,50,3351,593082,593082,-
03352400,Mittelstenahe,50,618,410691,-,-
03352400,Stinstedt,50,528,251076,-,-
03352700,Hechthausen,50,3585,1171526,-,-
03352700,"Hemmoor, Samtgemeindeverwaltung",55,14005,21906605,866918,3500000
03352700,"Hemmoor, Stadt",50,8653,2199070,2199070,-
03352700,Osten,50,1767,409519,-,-
03352900,Beverstedt,41,13449,19718707,19718707,-
03353000,"Winsen (Luhe), Stadt",34,36711,27107101,7331635,-
03353010,"Harburg, Landkreisverwaltung",32,263886,87047396,50930,-
03353100,Drage,50,4236,-,-,-
03353100,"Elbmarsch, Samtgemeindeverwaltung",55,12936,11843201,11667551,-
03353100,Marschacht,50,3910,-,-,-
03353100,Seevetal,34,43832,19339134,18203599,-
03353100,Tespe,50,4790,658364,-,-
03353200,Asendorf,50,2179,-,-,-
03353200,Brackel,50,2006,-,-,-
03353200,Egestorf,50,2760,-,-,-
03353200,Hanstedt,50,6279,-,-,-
03353200,"Hanstedt, Samtgemeindeverwaltung",55,15693,9610566,714230,-
03353200,Marxen,50,1429,2160000,-,-
03353200,Stelle,41,11667,4355843,576415,-
03353200,Undeloh,50,1040,-,-,-
03353300,Appel,50,2085,-,-,-
03353300,Drestedt,50,842,-,-,-
03353300,Halvesbostel,50,791,-,-,-
03353300,Hollenstedt,50,3821,-,-,-
03353300,"Hollenstedt, Samtgemeindeverwaltung",55,12225,9650472,8950121,-
03353300,Moisburg,50,2113,-,-,-
03353300,Regesbostel,50,1065,-,-,-
03353300,Wenzendorf,50,1508,-,-,-
03353400,Bendestorf,50,2304,-,-,-
03353400,Harmstorf,50,814,-,-,-
03353400,Jesteburg,50,7830,6535584,101000,-
03353400,"Jesteburg, Samtgemeindeverwaltung",55,10948,6431013,31040,-
03353500,"Buchholz i. d. Nordheide, Stadt",34,41389,33040115,2410326,-
03353500,Eyendorf,50,1211,-,-,-
03353500,Garlstorf,50,1167,-,-,-
03353500,Garstedt,50,1410,642696,-,-
03353500,Gödenstorf,50,1071,-,-,-
03353500,Salzhausen,50,4840,1464028,-,-
03353500,"Salzhausen, Samtgemeindeverwaltung",55,14612,14130451,11849591,-
03353500,Toppenstedt,50,2240,-,-,-
03353500,Vierhöfen,50,948,-,-,-
03353500,Wulfsen,50,1725,661154,-,-
03353600,Dohren,50,1196,12022,12022,-
03353600,Handeloh,50,2474,49316,49316,-
03353600,Heidenau,50,2310,1232825,-,-
03353600,Kakenstorf,50,1480,-,-,-
03353600,Königsmoor,50,593,-,-,-
03353600,Neu Wulmstorf,41,22922,18046219,5192836,-
03353600,Otter,50,1697,-,-,-
03353600,Tostedt,50,14181,1168298,1168298,-
03353600,"Tostedt, Samtgemeindeverwaltung",55,26856,6039093,4833913,-
03353600,Welle,50,1212,-,-,-
03353600,Wistedt,50,1713,178128,178128,-
03353900,Rosengarten,41,14095,4441959,71800,-
03354010,"Lüchow-Dannenberg, Landkreisverwaltung",32,46801,55931968,-,-
03354300,"Gartow, Flecken",50,1373,-,-,-
03354300,"Gartow, Samtgemeindeverwaltung",55,3430,1333333,1333333,-
03354300,Gorleben,50,573,-,-,-
03354300,Höhbeck,50,621,-,-,-
03354300,Prezelle,50,406,-,-,-
03354300,"Schnackenburg, Stadt",50,457,-,-,-
03354600,Damnatz,50,312,-,-,-
03354600,"Dannenberg (Elbe), Stadt",50,7986,11305578,-,-
03354600,"Elbtalaue, Samtgemeindeverwaltung",55,19978,18186866,-,2839
03354600,Gusborn,50,1218,1385,1385,-
03354600,Göhrde,50,573,26185,26185,-
03354600,"Hitzacker (Elbe), Stadt",50,4516,273515,-,-
03354600,Jameln,50,1068,1194550,1194550,-
03354600,Karwitz,50,735,-,-,-
03354600,Langendorf,50,686,131419,-,-
03354600,Neu Darchau,50,1292,161358,-,-
03354600,Zernien,50,1592,834026,834026,-
03354700,"Bergen an der Dumme, Flecken",50,1384,59602,-,-
03354700,"Clenze, Flecken",50,2181,3457272,-,-
03354700,Küsten,50,1307,123058,-,-
03354700,Lemgow,50,1333,82116,-,-
03354700,Luckau (Wendland),50,581,2787,-,-
03354700,Lübbow,50,821,-,-,-
03354700,"Lüchow (Wendland), Samtgemeindeverwaltung",55,23393,19251210,18818822,-
03354700,"Lüchow (Wendland), Stadt",50,9263,8445095,7855671,-
03354700,Schnega,50,1226,55955,-,-
03354700,Trebel,50,965,749335,749335,-
03354700,Waddeweitz,50,863,996344,996344,-
03354700,Woltersdorf,50,881,-,-,-
03354700,"Wustrow (Wendland), Stadt",50,2588,220116,-,-
03355010,"Lüneburg, Landkreisverwaltung",32,178357,130861248,130861248,-
03355100,Adendorf,41,10668,1826362,-,-
03355100,Amelinghausen,50,3752,4044940,3699684,199951
03355100,"Amelinghausen, Samtgemeindeverwaltung",55,7982,22844210,-,1932496
03355100,Betzendorf,50,1105,517384,407427,109957
03355100,Oldendorf (Luhe),50,944,29657,29657,-
03355100,Rehlingen,50,712,-,-,-
03355100,Soderstorf,50,1469,1710524,-,-
03355200,"Bardowick, Flecken",50,6564,2400501,2400501,-
03355200,"Bardowick, Samtgemeindeverwaltung",55,17434,15088304,15015311,72993
03355200,Barum,50,1999,261980,-,-
03355200,Handorf,50,2099,-,-,-
03355200,"Lüneburg, Hansestadt",35,73867,258767096,183755554,75000000
03355200,Mechtersen,50,664,32200,-,-
03355200,Radbruch,50,2234,830217,352000,-
03355200,Vögelsen,50,2386,-,-,-
03355200,Wittorf,50,1488,28312,-,-
03355300,Boitze,50,345,464025,-,-
03355300,Dahlem,50,487,1169317,1169317,-
03355300,"Dahlenburg, Flecken",50,3038,7070794,4070794,3000000
03355300,"Dahlenburg, Samtgemeindeverwaltung",55,5605,12965000,-,4350000
03355300,Nahrendorf,50,1128,585430,485430,100000
03355300,Tosterglope,50,607,253683,153683,100000
03355400,"Gellersen, Samtgemeindeverwaltung",55,12892,17557095,15807095,1750000
03355400,Kirchgellersen,50,2352,-,-,-
03355400,Reppenstedt,50,6970,-,-,-
03355400,Südergellersen,50,1547,-,-,-
03355400,Westergellersen,50,2023,-,-,-
03355500,Barnstedt,50,753,-,-,-
03355500,Deutsch Evern,50,3643,-,-,-
03355500,Embsen,50,2785,3537524,393516,2344008
03355500,"Ilmenau, Samtgemeindeverwaltung",55,10484,18610475,18610475,-
03355500,Melbeck,50,3303,468437,468437,-
03355600,Barendorf,50,2465,104155,-,-
03355600,Neetze,50,2738,-,-,-
03355600,"Ostheide, Samtgemeindeverwaltung",55,10312,1799726,1799726,-
03355600,Reinstorf,50,1223,185000,-,-
03355600,Thomasburg,50,1330,-,-,-
03355600,Vastorf,50,828,-,-,-
03355600,Wendisch Evern,50,1728,-,-,-
03355700,"Artlenburg, Flecken",50,1720,739787,-,-
03355700,Brietlingen,50,3329,-,-,-
03355700,Echem,50,1088,-,-,-
03355700,Hittbergen,50,956,-,-,-
03355700,Hohnstorf (Elbe),50,2342,763794,-,763794
03355700,Lüdersburg,50,654,73110,-,-
03355700,Rullstorf,50,1861,-,-,-
03355700,Scharnebeck,50,3231,-,-,-
03355700,"Scharnebeck, Samtgemeindeverwaltung",55,15181,1126293,1126293,-
03355900,Amt Neuhaus,41,4759,16940781,15440781,-
03355900,"Bleckede, Stadt",41,9173,13417715,-,-
03356010,"Osterholz, Landkreisverwaltung",32,113574,45375459,43821189,-
03356100,Axstedt,50,1236,-,-,-
03356100,Hambergen,50,5571,1359877,1351591,-
03356100,"Hambergen, Samtgemeindeverwaltung",55,11862,5397931,3702671,-
03356100,Holste,50,1401,-,-,-
03356100,Lübberstedt,50,700,-,-,-
03356100,Vollersode,50,2954,-,-,-
03356100,Worpswede,41,9237,20342744,8413580,-
03356200,Grasberg,41,7725,23796278,2320383,-
03356500,Lilienthal,41,20067,82545127,74351333,-
03356700,"Osterholz-Scharmbeck, Stadt",34,29893,56399129,49582016,-
03356800,Ritterhude,41,14732,30988823,1302555,3500000
03356900,Schwanewede,41,20058,40003617,5921610,-
03357010,"Rotenburg (Wümme), Landkreisverwaltung",32,165241,20534588,20534588,-
03357100,Bothel,50,2426,1751632,-,-
03357100,"Bothel, Samtgemeindeverwaltung",55,8411,6943511,6894032,-
03357100,Brockel,50,1360,490364,444805,-
03357100,Hemsbünde,50,1176,488327,488327,-
03357100,Hemslingen,50,1468,584094,584094,-
03357100,Kirchwalsede,50,1228,1059688,-,-
03357100,Scheeßel,41,12704,119693,-,-
03357100,"Visselhövede, Stadt",41,9482,9954012,6005,-
03357100,Westerwalsede,50,753,-,-,-
03357200,Fintel,50,2909,178364,-,-
03357200,"Fintel, Samtgemeindeverwaltung",55,7792,14993716,3269,-
03357200,Helvesiek,50,888,-,-,-
03357200,Lauenbrück,50,2493,402794,-,-
03357200,Stemmen,50,814,308834,-,-
03357200,Vahlde,50,688,170000,-,-
03357300,Alfstedt,50,861,10000,10000,-
03357300,Basdahl,50,1515,673107,673107,-
03357300,Ebersdorf,50,1061,-,-,-
03357300,"Geestequelle, Samtgemeindeverwaltung",55,6577,12986200,12986200,-
03357300,Hipstedt,50,1229,-,-,-
03357300,Oerel,50,1911,593770,-,-
03357400,Anderlingen,50,836,-,-,-
03357400,Deinstedt,50,638,84845,84845,-
03357400,Farven,50,644,-,-,-
03357400,Ostereistedt,50,941,-,-,-
03357400,Rhade,50,1076,453915,-,-
03357400,Sandbostel,50,799,366974,366974,-
03357400,Seedorf,50,724,-,-,-
03357400,Selsingen,50,3567,650000,-,-
03357400,"Selsingen, Samtgemeindeverwaltung",55,9225,8818933,92983,-
03357500,Groß Meckelsen,50,508,574969,574969,-
03357500,Hamersen,50,541,-,-,-
03357500,Kalbe,50,613,29283,-,-
03357500,Klein Meckelsen,50,941,956650,956650,-
03357500,Lengenbostel,50,505,-,-,-
03357500,Sittensen,50,6061,2409394,-,-
03357500,"Sittensen, Samtgemeindeverwaltung",55,11613,38795301,404289,-
03357500,Tiste,50,887,-,-,-
03357500,Vierden,50,757,-,-,-
03357500,Wohnste,50,800,57066,57066,-
03357600,Ahausen,50,1884,-,-,-
03357600,Bötersen,50,1022,-,-,-
03357600,Gnarrenburg,41,9209,8387544,208588,-
03357600,Hassendorf,50,1198,877526,877526,-
03357600,Hellwege,50,1104,-,-,-
03357600,Horstedt,50,1273,586684,586684,-
03357600,Reeßum,50,1729,325000,325000,-
03357600,Sottrum,50,6382,54349,54349,-
03357600,"Sottrum, Samtgemeindeverwaltung",55,14592,5540610,5234323,-
03357700,Breddorf,50,1027,38202,38202,-
03357700,Bülstedt,50,742,-,-,-
03357700,Hepstedt,50,1009,-,-,-
03357700,Kirchtimke,50,926,-,-,-
03357700,Tarmstedt,50,4074,-,-,-
03357700,"Tarmstedt, Samtgemeindeverwaltung",55,10964,1929529,130162,-
03357700,Vorwerk,50,1002,-,-,-
03357700,Westertimke,50,457,-,-,-
03357700,Wilstedt,50,1727,396140,386828,-
03357800,"Bremervörde, Stadt",41,18523,28210545,1042941,-
03357800,Elsdorf,50,2032,2673758,2290158,-
03357800,Gyhum,50,2443,1591700,1591700,-
03357800,Heeslingen,50,4864,3733334,-,-
03357800,"Zeven, Samtgemeindeverwaltung",55,23169,34865900,34865900,-
03357800,"Zeven, Stadt",50,13830,5092238,5092238,-
03357900,"Rotenburg (Wümme), Stadt",41,22980,12376814,753118,-
03358010,"Heidekreis, Landkreisverwaltung",32,141901,137725175,137725175,-
03358100,"Ahlden (Aller), Flecken",50,1579,31740,31740,-
03358100,"Ahlden, Samtgemeindeverwaltung",55,7030,3352522,3352522,-
03358100,Eickeloh,50,793,-,-,-
03358100,Grethem,50,657,-,-,-
03358100,Hademstorf,50,847,-,-,-
03358100,Hodenhagen,50,3154,93162,93162,-
03358100,"Osterheide, gemfr. Bez.",43,544,-,-,-
03358100,"Soltau, Stadt",41,22322,29854028,-,-
03358200,Bispingen,41,6568,1300986,1300986,-
03358200,Böhme,50,928,135000,135000,-
03358200,Frankenfeld,50,515,93752,-,-
03358200,Häuslingen,50,786,-,-,-
03358200,"Rethem (Aller), Stadt",50,2331,1038489,-,-
03358200,"Rethem/Aller, Samtgemeindeverwaltung",55,4560,4256155,82896,-
03358200,"Walsrode, Stadt",-,-,-,-,-
03358300,Buchholz (Aller),50,2143,5216231,680660,4535571
03358300,Essel,50,1211,883192,-,-
03358300,Gilten,50,1240,1373553,98301,1275252
03358300,Lindwedel,50,2695,2008297,-,2008297
03358300,Schwarmstedt,50,5816,3282803,3282803,-
03358300,"Schwarmstedt, Samtgemeindeverwaltung",55,13105,13223897,13223897,-
03358300,Wietzendorf,41,4143,2301919,-,-
03358400,Bomlitz,-,-,-,-,-
03358400,"Walsrode, Stadt",34,31167,47054307,288542,-
03358600,"Munster, Stadt",41,15102,23812188,11865,-
03358700,Neuenkirchen,41,5504,7704545,7133827,570718
03358800,"Bad Fallingbostel, Stadt",41,12942,10709198,10709198,-
03358900,"Schneverdingen, Stadt",41,18914,4397070,4397070,-
03359000,"Buxtehude, Hansestadt",34,40613,55769571,-,-
03359010,"Stade, Landkreisverwaltung",32,207259,44982611,-,-
03359100,Apensen,50,4423,3256724,-,-
03359100,"Apensen, Samtgemeindeverwaltung",55,9757,17843807,13780,-
03359100,Beckdorf,50,2802,991500,991500,-
03359100,Sauensiek,50,2532,-,-,-
03359200,Deinste,50,2168,65554,-,-
03359200,Fredenbeck,50,6382,-,-,-
03359200,"Fredenbeck, Samtgemeindeverwaltung",55,13110,13031592,-,-
03359200,Kutenholz,50,4560,-,-,-
03359300,Ahlerstedt,50,5407,-,-,-
03359300,Bargstedt,50,2101,-,-,-
03359300,Brest,50,768,-,-,-
03359300,Drochtersen,41,11227,6233128,-,-
03359300,"Harsefeld, Flecken",50,14747,56719,-,-
03359300,"Harsefeld, Samtgemeindeverwaltung",55,23023,-,-,-
03359500,Agathenburg,50,1368,-,-,-
03359500,Bliedersdorf,50,1882,421292,366667,-
03359500,Dollern,50,2209,53250,3250,-
03359500,"Horneburg, Flecken",50,6772,1281288,1098996,-
03359500,"Horneburg, Samtgemeindeverwaltung",55,13825,12182911,12060458,-
03359500,Nottensdorf,50,1594,-,-,-
03359600,Grünendeich,50,1809,686263,339433,-
03359600,Guderhandviertel,50,1091,-,-,-
03359600,Hollern-Twielenfleth,50,3247,-,-,-
03359600,"Luehe, Samtgemeindeverwaltung",55,9850,11644296,-,-
03359600,Mittelnkirchen,50,1067,-,-,-
03359600,Neuenkirchen,50,873,423955,-,-
03359600,Steinkirchen,50,1763,315724,193469,-
03359700,Balje,50,939,-,-,-
03359700,"Freiburg (Elbe), Flecken",50,1749,301057,301057,-
03359700,Krummendeich,50,467,-,-,-
03359700,"Nordkehdingen, Samtgemeindeverwaltung",55,7017,3054060,-,-
03359700,Oederquart,50,969,-,-,-
03359700,Wischhafen,50,2893,809632,-,-
03359800,Jork,41,11821,11395946,-,-
03359800,"Stade, Hansestadt",34,48518,53014477,53014477,-
03359900,Burweg,50,1019,-,-,-
03359900,Düdenbüttel,50,1017,434453,-,-
03359900,Engelschoff,50,770,-,-,-
03359900,Estorf,50,1475,-,-,-
03359900,Großenwörden,50,485,232751,-,-
03359900,Hammah,50,3145,2153104,2153104,-
03359900,Heinbockel,50,1474,-,-,-
03359900,Himmelpforten,50,5326,1563839,-,-
03359900,Kranenburg,50,771,-,-,-
03359900,Oldendorf,50,3016,1852216,3827,-
03359900,"Oldendorf-Himmelpforten, Samtgemeindeverwaltung",55,18498,5279675,-,-
03360010,"Uelzen, Landkreisverwaltung",32,91219,161302600,161302600,-
03360400,Bienenbüttel,41,6628,10156799,10156799,-
03360400,Oetzen,50,1118,162583,162583,-
03360400,Rosche,50,1979,65805,-,-
03360400,"Rosche, Samtgemeindeverwaltung",55,6466,7442485,-,-
03360400,Rätzlingen,50,444,-,-,-
03360400,Stoetze,50,625,-,-,-
03360400,Suhlendorf,50,2300,4424161,-,-
03360500,Eimke,50,836,-,-,-
03360500,Gerdau,50,1416,-,-,-
03360500,Suderburg,50,4354,982109,982109,-
03360500,"Suderburg, Samtgemeindeverwaltung",55,6606,2325444,2325444,-
03360500,"Uelzen, Hansestadt",34,32839,3433679,3417650,-
03360700,Altenmedingen,50,1402,-,-,-
03360700,"Bad Bevensen, Stadt",50,9504,5888905,5888905,-
03360700,Barum,50,757,62715,62715,-
03360700,"Bevensen-Ebstorf, Samtgemeindeverwaltung",55,26375,30516805,30516805,-
03360700,"Ebstorf, Klosterflecken",50,5334,3995418,-,-
03360700,Emmendorf,50,714,-,-,-
03360700,Hanstedt,50,915,-,-,-
03360700,Himbergen,50,1671,164935,-,-
03360700,Jelmstorf,50,730,-,-,-
03360700,Natendorf,50,700,-,-,-
03360700,Römstedt,50,781,-,-,-
03360700,Schwienau,50,671,-,-,-
03360700,Weste,50,938,-,-,-
03360700,Wriedel,50,2258,60000,-,-
03360800,"Aue, Samtgemeindeverwaltung",55,12305,12710317,12710317,-
03360800,"Bad Bodenteich, Flecken",50,3910,1998327,1998327,-
03360800,Lüder,50,1189,478809,-,81146
03360800,Soltendieck,50,1039,741616,741616,-
03360800,Wrestedt,50,6167,221466,221466,-
03361010,"Verden, Landkreisverwaltung",32,137982,10799861,1272000,-
03361100,"Achim, Stadt",34,32485,25900094,24054942,-
03361100,Blender,50,2898,-,-,-
03361100,Emtinghausen,50,1524,-,-,-
03361100,Riede,50,3031,103400,-,-
03361100,Thedinghausen,50,8032,-,-,-
03361100,"Thedinghausen, Samtgemeindeverwaltung",55,15485,3791241,546576,-
03361200,"Verden (Aller), Stadt",34,27260,1441900,-,-
03361300,Dörverden,41,8799,1030619,978294,-
03361500,Kirchlinteln,41,10139,3540065,3540065,-
03361600,"Langwedel, Flecken",41,14433,11764163,4164163,-
03361800,"Ottersberg, Flecken",41,13116,13998791,13003991,-
03361900,Oyten,41,16265,5235505,-,-
03401000,"Delmenhorst, kreisfreie Stadt",30,81346,88997892,88997892,-
03402000,"Emden, kreisfreie Stadt",30,49550,188674995,151174995,-
03403000,"Oldenburg (Oldb), kreisfreie Stadt",30,175059,46577118,46577118,-
03404000,"Osnabrück, kreisfreie Stadt",30,165132,701621156,673294731,-
03405000,"Wilhelmshaven, kreisfreie Stadt",30,75869,73600155,-,25000000
03451010,"Ammerland, Landkreisverwaltung",32,127233,10375685,10333185,-
03451100,Apen,41,11937,7855172,7740362,-
03451200,Bad Zwischenahn,41,29701,11556055,8999964,-
03451400,Edewecht,41,22518,1856215,113240,-
03451500,Rastede,41,22756,8236581,691838,-
03451700,"Westerstede, Stadt",41,23991,6504501,6504501,-
03451800,Wiefelstede,41,16330,8402418,433110,-
03452000,"Norderney, Stadt",41,5368,18967529,18967529,-
03452010,"Aurich, Landkreisverwaltung",32,188881,159196071,121988581,28547915
03452100,"Aurich, Stadt",34,42197,95366408,69727580,-
03452100,"Brookmerland, Samtgemeindeverwaltung",55,12929,29415806,28211222,981316
03452100,Hinte,41,7227,20365906,-,-
03452100,Leezdorf,50,1802,-,-,-
03452100,"Marienhafe, Flecken",50,2523,881618,-,597068
03452100,Osteel,50,2029,644205,620670,23535
03452100,Rechtsupweg,50,2035,244497,244497,-
03452100,Upgant-Schott,50,3584,489800,489800,-
03452100,Wirdum,50,956,146618,40625,105993
03452200,Baltrum,41,558,993275,288750,-
03452200,Ihlow,41,12451,20221260,18896887,-
03452300,Berumbur,50,2648,-,-,-
03452300,"Hage, Flecken",50,6554,355418,355418,-
03452300,"Hage, Samtgemeindeverwaltung",55,11319,10874260,7467890,-
03452300,Hagermarsch,50,426,600000,-,-
03452300,Halbemond,50,967,-,-,-
03452300,"Juist, Inselgemeinde",41,1228,5856764,-,-
03452300,Lütetsburg,50,724,-,-,-
03452300,Südbrookmerland,41,18480,12979251,11589251,-
03452400,Krummhörn,41,11421,17127564,16958947,-
03452500,"Wiesmoor, Stadt",41,13940,27602531,26514331,-
03452600,Großefehn,41,14052,10886602,10879173,-
03452700,Dornum,41,4365,2116217,2116217,-
03452700,Großheide,41,8432,10212872,104661,-
03452900,"Norden, Stadt",34,24914,39528119,39154747,-
03453000,Lindern (Oldenburg),41,5077,2978590,-,-
03453010,"Cloppenburg, Landkreisverwaltung",32,177711,31774621,-,-
03453100,Barßel,41,13644,14749499,8627362,-
03453100,"Löningen, Stadt",41,14299,25502160,-,-
03453200,Bösel,41,8740,5644572,-,334340
03453200,Molbergen,41,9275,4612595,4516933,-
03453300,Cappeln (Oldenburg),41,9229,5858159,5858159,-
03453300,Saterland,41,14441,6554201,-,-
03453400,"Cloppenburg, Stadt",34,36324,6640433,-,-
03453500,Emstek,41,12451,2944806,2944806,-
03453600,Essen (Oldenburg),41,9296,7138585,7138585,-
03453700,"Friesoythe, Stadt",41,22496,29132784,-,-
03453800,Garrel,41,14872,17797154,13988360,-
03453900,Lastrup,41,7567,2123446,-,-
03454000,Emsbüren,41,10708,18210294,80185,-
03454010,"Emsland, Landkreisverwaltung",32,333274,1561948,1561948,-
03454100,Dersum,50,1476,1290739,1012739,200000
03454100,Dörpen,50,5476,6439419,6439419,-
03454100,"Dörpen, Samtgemeindeverwaltung",55,17402,5857826,971012,-
03454100,Heede,50,2525,-,-,-
03454100,Kluse,50,1795,971092,971092,-
03454100,Lehe,50,1011,600000,-,-
03454100,Neubörger,50,1600,484571,484571,-
03454100,Neulehe,50,839,154272,-,-
03454100,"Papenburg, Stadt",34,37489,10185838,551063,-
03454100,Walchum,50,1688,762137,625013,-
03454100,Wippingen,50,992,881900,881900,-
03454200,Andervenne,50,909,-,-,-
03454200,Beesten,50,1716,548010,-,-
03454200,"Freren, Samtgemeindeverwaltung",55,10286,3274904,2953074,-
03454200,"Freren, Stadt",50,4849,811064,-,-
03454200,"Lingen (Ems), Stadt",35,55676,33814701,20233982,-
03454200,Messingen,50,1084,-,-,-
03454200,Thuine,50,1728,964297,964297,-
03454300,Dohren,50,1157,441535,-,-
03454300,Herzlake,50,4705,2308146,2308146,-
03454300,"Herzlake, Samtgemeindeverwaltung",55,10521,3634457,865731,-
03454300,Lähden,50,4659,3907424,3907424,-
03454400,Fresenburg,50,937,1177946,1050024,-
03454400,Geeste,41,11839,6607345,6358348,-
03454400,Lathen,50,6717,3136328,3136328,-
03454400,"Lathen, Samtgemeindeverwaltung",55,11950,5335065,4826510,-
03454400,Niederlangen,50,1307,2236375,166032,-
03454400,Oberlangen,50,968,948224,73440,-
03454400,Renkenberge,50,661,289090,-,289090
03454400,Rhede (Ems),41,4419,89579,58848,-
03454400,Sustrum,50,1360,938539,594003,344536
03454400,Twist,41,9769,6314446,349466,-
03454500,Bawinkel,50,2633,-,-,-
03454500,Gersten,50,1185,-,-,-
03454500,Handrup,50,842,-,-,-
03454500,Langen,50,1470,-,-,-
03454500,Lengerich,50,2805,71505,-,-
03454500,"Lengerich, Samtgemeindeverwaltung",55,9469,1288286,501960,-
03454500,"Meppen, Stadt",34,36789,5945094,2317451,-
03454500,Salzbergen,41,7905,3853499,3657622,-
03454500,Wettrup,50,534,-,-,-
03454600,Bockhorst,50,1009,186692,186692,-
03454600,Breddenberg,50,820,732556,732556,-
03454600,Esterwegen,50,5341,4509866,4509866,-
03454600,Hilkenbrook,50,778,257250,257250,-
03454600,"Nordhümmling, Samtgemeindeverwaltung",55,12247,4788204,527975,-
03454600,Surwold,50,4299,1155107,1155107,-
03454700,Börger,50,2942,1919239,1919239,-
03454700,Groß Berßen,50,710,-,-,-
03454700,Hüven,50,546,2654,-,-
03454700,Klein Berßen,50,1154,597716,597716,-
03454700,Spahnharrenstätte,50,1576,450865,450865,-
03454700,Stavern,50,1058,-,-,-
03454700,Sögel,50,7784,2396456,-,-
03454700,"Sögel, Samtgemeindeverwaltung",55,16942,10686337,9250710,-
03454700,Werpeloh,50,1172,-,-,-
03454800,"Haren (Ems), Stadt",41,24409,4469368,4469368,-
03454800,Lünne,50,2097,-,-,-
03454800,Schapen,50,2437,208178,208178,-
03454800,Spelle,50,9896,277642,277642,-
03454800,"Spelle, Samtgemeindeverwaltung",55,14430,1523896,1251844,-
03454900,"Haselünne, Stadt",41,13434,11278718,10400739,-
03454900,Lahn,50,882,49899,49899,-
03454900,Lorup,50,3341,688076,688076,-
03454900,Rastdorf,50,1111,593435,407225,-
03454900,Vrees,50,1958,4358129,213231,-
03454900,"Werlte, Samtgemeindeverwaltung",55,17590,25159385,1177286,-
03454900,"Werlte, Stadt",50,10298,5627415,5627415,-
03455000,Wangerland,41,9060,9113851,253492,-
03455010,"Friesland, Landkreisverwaltung",32,100452,38219398,34902796,-
03455100,"Wangerooge, Nordseebad",41,1084,7075999,7075999,-
03455400,Sande,41,8680,13189762,337730,-
03455500,Bockhorn,41,8962,8582632,-,-
03455500,"Schortens, Stadt",41,20866,24865656,2581104,-
03455600,"Varel, Stadt",34,24749,13106041,10864906,-
03455700,"Jever, Stadt",41,14855,4597770,1233883,-
03455700,Zetel,41,12196,2261130,-,2261130
03456010,"Grafschaft Bentheim, Landkreisverwaltung",32,143792,31253247,27120555,-
03456100,"Bad Bentheim, Stadt",41,16544,12313458,1046093,-
03456100,Emlichheim,50,7634,586946,-,-
03456100,"Emlichheim, Samtgemeindeverwaltung",55,14623,6660431,3331900,-
03456100,Hoogstede,50,2902,241500,241500,-
03456100,Laar,50,2078,-,-,-
03456100,Ringe,50,2009,1192263,634623,-
03456200,Esche,50,610,-,-,-
03456200,Georgsdorf,50,1259,316434,-,-
03456200,Lage,50,1067,-,-,-
03456200,"Neuenhaus, Samtgemeindeverwaltung",55,14814,5873551,483899,-
03456200,"Neuenhaus, Stadt",50,10668,5228848,-,-
03456200,Osterwald,50,1210,245991,-,-
03456300,Engden,50,421,-,-,-
03456300,Isterberg,50,643,74167,74167,-
03456300,Ohne,50,637,193883,-,-
03456300,Quendorf,50,655,120114,120114,-
03456300,Samern,50,824,-,-,-
03456300,"Schüttorf, Samtgemeindeverwaltung",55,16772,8176509,5328141,89869
03456300,"Schüttorf, Stadt",50,13592,2068721,1754912,-
03456400,Getelo,50,521,-,-,-
03456400,Gölenkamp,50,598,-,-,-
03456400,Halle,50,671,-,-,-
03456400,Itterbeck,50,1729,-,-,-
03456400,Uelsen,50,5910,968367,-,-
03456400,"Uelsen, Samtgemeindeverwaltung",55,11590,3851180,2511542,-
03456400,Wielen,50,503,-,-,-
03456400,Wilsum,50,1658,-,-,-
03456500,"Nordhorn, Stadt",34,56455,6311443,6311443,-
03456500,Wietmarschen,41,12994,8221650,7193715,-
03457000,Uplengen,41,12014,9316396,9035259,-
03457010,"Leer, Landkreisverwaltung",32,168854,78915773,65929826,-
03457100,"Weener, Stadt",41,15408,6103516,231552,-
03457200,"Borkum, Stadt",41,4486,9581166,6133327,3378113
03457200,Brinkum,50,821,82250,-,-
03457200,Firrel,50,832,114375,-,-
03457200,Hesel,50,4710,-,-,-
03457200,"Hesel, Samtgemeindeverwaltung",55,11151,3549391,993391,-
03457200,Holtland,50,2228,-,-,-
03457200,Jemgum,41,3499,6284098,2440450,-
03457200,Neukamperfehn,50,1843,4073000,-,-
03457200,Schwerinsdorf,50,717,236250,-,-
03457200,Westoverledingen,41,21009,9415076,7361267,-
03457300,"Detern, Flecken",50,2804,1012123,-,-
03457300,Filsum,50,2221,388357,388357,-
03457300,"Jümme, Samtgemeindeverwaltung",55,6847,4151434,3804677,-
03457300,"Leer (Ostfriesland), Stadt",34,33800,58802495,1616839,-
03457300,Nortmoor,50,1822,-,-,-
03457400,Bunde,41,7456,9060049,635595,2652592
03457400,Moormerland,41,23384,1287311,-,-
03457700,Ostrhauderfehn,41,11656,18924351,15266116,-
03457800,Rhauderfehn,41,18144,2370286,301234,-
03458000,Hude (Oldenburg),41,16076,5414010,-,-
03458010,"Oldenburg, Landkreisverwaltung",32,131894,10844109,-,-
03458100,Beckeln,50,775,-,-,-
03458100,Colnrade,50,794,-,-,-
03458100,Dünsen,50,1211,-,-,-
03458100,Groß Ippener,50,1049,-,-,-
03458100,"Harpstedt, Flecken",50,4719,-,-,-
03458100,"Harpstedt, Samtgemeindeverwaltung",55,10866,76280,76280,-
03458100,Kirchseelte,50,1167,-,-,-
03458100,Prinzhöfte,50,634,-,-,-
03458100,Winkelsett,50,517,-,-,-
03458300,Dötlingen,41,6141,-,-,-
03458300,Wardenburg,41,16397,6535984,-,-
03458400,"Wildeshausen, Stadt",41,21093,2783590,2783590,-
03458500,Ganderkesee,34,31185,6804505,-,-
03458700,Großenkneten,41,15946,1416434,-,-
03458900,Hatten,41,14190,3701648,-,-
03459000,Hagen am Teutoburger Wald,41,13237,6474160,6474160,-
03459010,"Osnabrück, Landkreisverwaltung",32,355896,71479246,-,16075283
03459100,"Artland, Samtgemeindeverwaltung",55,23471,29781461,4426702,-
03459100,Badbergen,50,4296,3882471,3101800,495492
03459100,Hasbergen,41,10948,8560086,4142546,-
03459100,Menslage,50,2306,2042507,2042507,-
03459100,Nortrup,50,2930,4047958,-,-
03459100,"Quakenbrück, Stadt",50,13939,7112382,5345563,-
03459200,Alfhausen,50,4040,7554761,-,-
03459200,Ankum,50,7891,3581351,-,-
03459200,"Bersenbrück, Samtgemeindeverwaltung",55,29854,43642150,-,-
03459200,"Bersenbrück, Stadt",50,8254,14506285,-,-
03459200,Bissendorf,41,14513,14732914,-,-
03459200,Eggermühlen,50,1766,5858423,-,-
03459200,Gehrde,50,2511,4937461,4937461,-
03459200,Hilter am Teutoburger Wald,41,10150,4238045,2878093,-
03459200,Kettenkamp,50,1758,4020074,4020074,-
03459200,Rieste,50,3634,6529934,-,-
03459300,Bad Essen,41,16265,12458301,12458301,-
03459300,Berge,50,3459,2212829,2212829,-
03459300,Bippen,50,2938,840201,840201,-
03459300,Bohmte,41,12991,18178580,15737736,-
03459300,"Fürstenau, Samtgemeindeverwaltung",55,16061,21412816,21412816,-
03459300,"Fürstenau, Stadt",50,9664,3832488,-,-
03459300,Wallenhorst,34,22699,39383941,38383941,1000000
03459400,"Bad Iburg, Stadt",41,10671,22830817,-,1500000
03459400,"Bramsche, Stadt",34,28572,29291767,29291767,-
03459400,Glandorf,41,6524,12045203,12045203,-
03459400,"Melle, Stadt",34,46396,24423389,24401768,-
03459400,Merzen,50,3711,3505260,3226208,-
03459400,Neuenkirchen,50,4673,2998124,2522678,475446
03459400,"Neuenkirchen, Samtgemeindeverwaltung",55,10163,12821642,12821642,-
03459400,Voltlage,50,1779,1257484,1247421,-
03459500,Bad Laer,41,8964,7875685,7875685,-
03459500,"Dissen am Teutoburger Wald, Stadt",41,10483,5589206,-,-
03459600,Bad Rothenfelde,41,8540,3582189,994927,-
03459800,Belm,41,13923,28538041,22617939,-
03459900,"Georgsmarienhütte, Stadt",34,31571,25281669,25281669,-
03459900,Ostercappeln,41,9900,23797711,23797711,-
03460000,Visbek,41,9782,17191986,2540828,-
03460010,"Vechta, Landkreisverwaltung",32,146005,50815620,53590,-
03460100,Bakum,41,6780,14687236,13222819,-
03460200,"Damme, Stadt",41,17490,2275273,1689303,-
03460300,"Dinklage, Stadt",41,13511,5352873,4029428,-
03460400,Goldenstedt,41,10360,17544265,16619676,-
03460500,Holdorf,41,7518,5619052,706581,-
03460600,"Lohne (Oldenburg), Stadt",41,28173,6720375,5387480,-
03460700,Neuenkirchen-Vörden,41,8894,5394595,599580,-
03460800,Steinfeld (Oldenburg),41,10126,566225,478036,-
03460900,"Vechta, Stadt",34,33371,4127500,1948488,-
03461010,"Wesermarsch, Landkreisverwaltung",32,89216,95886095,1340140,-
03461100,Berne,41,7073,16391806,11659371,-
03461200,"Brake (Unterweser), Stadt",41,15201,41357148,3929200,2310353
03461300,Butjadingen,41,5967,1933350,1427257,-
03461400,"Elsfleth, Stadt",41,9058,10703294,261565,-
03461500,Jade,41,5902,5082865,47812,-
03461600,Lemwerder,41,6933,1770996,1101460,-
03461700,"Nordenham, Stadt",34,26038,44482396,320082,-
03461800,Ovelgönne,41,5389,4250093,3968368,-
03461900,Stadland,41,7655,4885812,71785,-
03462010,"Wittmund, Landkreisverwaltung",32,56141,12612049,10209788,-
03462100,Dunum,50,1050,67291,67291,-
03462100,"Esens, Samtgemeindeverwaltung",55,13942,3159480,3015480,-
03462100,"Esens, Stadt",50,6885,3784603,3784603,-
03462100,Holtgast,50,1813,234000,-,-
03462100,Moorweg,50,883,-,-,-
03462100,Neuharlingersiel,50,966,172308,-,-
03462100,Stedesdorf,50,1621,-,-,-
03462100,Werdum,50,724,-,-,-
03462200,Blomberg,50,1868,-,-,-
03462200,Eversmeer,50,852,-,-,-
03462200,"Holtriem, Samtgemeindeverwaltung",55,9638,2178563,1072817,-
03462200,Nenndorf,50,740,-,-,-
03462200,Neuschoo,50,1226,-,-,-
03462200,Ochtersum,50,927,-,-,-
03462200,Schweindorf,50,731,105187,-,-
03462200,Utarp,50,661,34019,34019,-
03462200,Westerholt,50,2633,-,-,-
03462400,Spiekeroog,41,661,4114646,4046896,-
03462500,Friedeburg,41,10346,14690039,11384341,-
03462700,Langeoog,41,1406,3141794,-,-
03462900,"Wittmund, Stadt",41,20148,9602343,-,-
05111000,"Düsseldorf, kreisfreie Stadt",30,614698,341483522,13518299,-
05112000,"Duisburg, kreisfreie Stadt",30,502150,1148246270,395246270,-
05113000,"Essen, kreisfreie Stadt",30,573730,3070670753,1521395132,95155502
05114000,"Krefeld, kreisfreie Stadt",30,230143,560093458,276093458,284000000
05116000,"Mönchengladbach, kreisfreie Stadt",30,267953,687210611,-,444317418
05117000,"Mülheim an der Ruhr, kreisfreie Stadt",30,172370,1608510199,-,894800000
05119000,"Oberhausen, kreisfreie Stadt",30,213209,1985604531,444604531,-
05120000,"Remscheid, kreisfreie Stadt",30,113731,683355660,88520470,-
05122000,"Solingen, kreisfreie Stadt",30,165563,832558630,249979533,-
05124000,"Wuppertal, kreisfreie Stadt",30,358410,1515596348,7148,-
05154000,Issum,40,12276,385034,-,-
05154000,Kranenburg,40,11053,562620,15518,-
05154000,Wachtendonk,40,8111,899334,-,-
05154010,"Kleve, Kreisverwaltung",32,318622,147976916,144982529,-
05154200,"Geldern, Stadt",40,34843,90169298,-,2291518
05154200,"Kevelaer, Stadt",40,28018,22614060,-,1724754
05154200,"Straelen, Stadt",40,16548,1999177,-,-
05154400,Bedburg-Hau,40,13447,3233779,-,550318
05154400,"Kalkar, Stadt",40,14175,7336883,-,972228
05154400,"Rees, Stadt",40,21804,11537424,-,-
05154400,Weeze,40,11955,6436879,-,2239974
05154600,"Goch, Stadt",40,34670,8706928,1335132,7371796
05154600,"Kleve, Stadt",40,52685,10491805,10491805,-
05154600,Uedem,40,8234,2722135,-,-
05154800,"Emmerich am Rhein, Stadt",40,31487,21156268,14255057,5000000
05154800,Kerken,40,12952,2012450,1835876,-
05154800,Rheurdt,40,6364,460680,-,87340
05158000,"Langenfeld (Rhld.), Stadt",40,59737,2043856,2043856,-
05158010,"Mettmann, Kreisverwaltung",32,489015,3099826,-,173707
05158200,"Heiligenhaus, Stadt",40,26495,65715119,-,35781692
05158200,"Velbert, Stadt",40,82448,414803369,177362807,40000000
05158400,"Erkrath, Stadt",40,43758,134549744,-,67274872
05158400,"Mettmann, Stadt",40,39385,147744196,82555682,-
05158600,"Hilden, Stadt",40,55082,16452065,16452065,-
05158600,"Monheim am Rhein, Stadt",40,42782,322397726,-,-
05158600,"Wülfrath, Stadt",40,20715,74219385,-,38363884
05158800,"Haan, Stadt",40,30062,64571996,58602944,5969052
05158800,"Ratingen, Stadt",40,88551,43326177,-,-
05162000,"Korschenbroich, Stadt",40,34399,53989874,23989874,-
05162010,"Rhein-Kreis Neuss, Kreisverwaltung",32,456509,27914727,26170523,-
05162200,"Jüchen, Stadt",40,23876,71429119,61157200,-
05162200,"Meerbusch, Stadt",40,56947,85788621,-,1969838
05162400,"Dormagen, Stadt",40,64024,314250240,-,30000000
05162400,"Neuss, Stadt",40,154397,196668277,-,-
05162600,"Kaarst, Stadt",40,43178,35167319,-,278757
05162800,"Grevenbroich, Stadt",40,65636,69911841,-,15003483
05162800,Rommerskirchen,40,14052,33707978,11386437,22321541
05166000,Niederkrüchten,40,14538,11688084,-,554388
05166010,"Viersen, Kreisverwaltung",32,295819,73854652,72377113,-
05166200,"Kempen, Stadt",40,34205,67749155,-,681179
05166200,"Viersen, Stadt",40,76581,101182018,101182018,-
05166400,Brüggen,40,16131,26450747,-,178119
05166400,Schwalmtal,40,18743,10865445,10865445,-
05166600,"Nettetal, Stadt",40,42048,70865400,64953878,-
05166600,"Willich, Stadt",40,49514,121440266,95616524,-
05166800,Grefrath,40,14883,33397123,24103223,-
05166800,"Tönisvorst, Stadt",40,29176,11446409,-,-
05170000,"Kamp-Lintfort, Stadt",40,37866,102946284,73946284,-
05170000,Sonsbeck,40,8659,358768,-,61011
05170010,"Wesel, Kreisverwaltung",32,456026,11166413,9284413,-
05170200,"Hamminkeln, Stadt",40,26799,80084127,80084127,-
05170200,"Rheinberg, Stadt",40,31225,24094306,-,516880
05170200,"Xanten, Stadt",40,20973,48721894,28539158,18592736
05170400,Alpen,40,12192,20385674,20385674,-
05170400,"Moers, Stadt",40,101195,440367649,2180052,218000000
05170400,"Voerde (Niederrhein), Stadt",40,35546,77235486,33316289,43919197
05170600,Hünxe,40,13565,14170319,-,-
05170600,Schermbeck,40,13417,10675348,10009038,-
05170800,"Dinslaken, Stadt",40,67071,239157416,-,10000000
05170800,"Neukirchen-Vluyn, Stadt",40,27219,49260524,47642536,-
05170800,"Wesel, Stadt",40,60299,206786083,181786083,-
05200000,Landschaftsverband Rheinland,23,9692654,321792966,308406437,-
05314000,"Bonn, kreisfreie Stadt",30,321132,2053715206,1397464783,642436017
05315000,"Köln, kreisfreie Stadt",30,1022500,2895218173,300906337,557914726
05316000,"Leverkusen, kreisfreie Stadt",30,167343,557305985,120823487,25631862
05334000,"Monschau, Stadt",40,12269,43878258,10001208,-
05334010,"Städteregion Aachen, Kreisverwaltung",32,579754,61290983,55602698,-
05334200,"Aachen, kreisfreie Stadt",40,262410,843306233,508342033,314956646
05334200,"Eschweiler, Stadt",40,57261,192925286,117811178,-
05334200,"Stolberg (Rhld.), Stadt",40,57259,134783432,-,35500000
05334400,"Alsdorf, Stadt",40,48725,87716008,20565936,-
05334400,Roetgen,40,8722,13870930,-,-
05334600,"Herzogenrath, Stadt",40,47859,87905275,-,-
05334600,"Würselen, Stadt",40,39724,114543875,109153906,-
05334800,"Baesweiler, Stadt",40,29033,37605954,-,-
05334800,Simmerath,40,16492,33838759,16440805,-
05358000,Inden,40,7575,38544661,-,25783172
05358000,Merzenich,40,10440,11686025,8086025,-
05358000,Vettweiß,40,9974,6356308,2456308,3900000
05358010,"Düren, Kreisverwaltung",32,277443,44254008,40778281,-
05358200,"Heimbach, Stadt",40,4519,23369390,-,18200000
05358200,Langerwehe,40,14788,35636533,8636533,27000000
05358200,Nörvenich,40,11715,23006529,-,7000000
05358400,Aldenhoven,40,14161,7550891,-,954136
05358400,"Jülich, Stadt",40,34515,165527692,-,110200000
05358400,"Nideggen, Stadt",40,10819,12997325,-,-
05358600,Hürtgenwald,40,9154,23481442,6568422,-
05358600,"Linnich, Stadt",40,13464,36653149,19266733,-
05358600,Titz,40,8996,47957758,-,-
05358800,"Düren, Stadt",40,94216,135464623,109669369,25795254
05358800,Kreuzau,40,18094,55398053,12698053,-
05358800,Niederzier,40,15013,15231745,-,5079066
05362000,"Erftstadt, Stadt",40,48246,74424925,28702063,-
05362000,"Wesseling, Stadt",40,37591,12950838,-,1593462
05362010,"Rhein-Erft-Kreis, Kreisverwaltung",32,474412,7106978,-,444684
05362200,"Brühl, Stadt",40,45211,176584515,155584515,-
05362200,"Kerpen, Stadt",40,66205,80788252,-,-
05362400,"Bedburg, Stadt",40,25061,117955412,98955412,19000000
05362400,"Frechen, Stadt",40,52157,41457572,-,147365
05362600,"Elsdorf, Stadt",40,21238,97075382,-,54800000
05362600,"Pulheim, Stadt",40,55718,56491243,-,-
05362800,"Bergheim, Stadt",40,61427,196172054,147172054,-
05362800,"Hürth, Stadt",40,61558,93613152,88613152,5000000
05366000,Hellenthal,40,7717,4346591,4346591,-
05366000,Weilerswist,40,18816,13794678,13654460,-
05366010,"Euskirchen, Kreisverwaltung",32,200962,4922942,4717816,-
05366200,Dahlem,40,4401,1850169,1485582,-
05366200,Nettersheim,40,8755,7026126,4526126,2500000
05366400,"Bad Münstereifel, Stadt",40,18258,37585362,-,4475000
05366400,Kall,40,11168,19318116,-,-
05366400,"Zülpich, Stadt",40,21437,13738838,13031041,-
05366600,"Euskirchen, Stadt",40,59653,46717455,-,-
05366600,"Schleiden, Stadt",40,13425,25334855,25074451,-
05366800,Blankenheim,40,8421,22345429,-,5000000
05366800,"Mechernich, Stadt",40,28911,71325422,57789191,-
05370000,"Hückelhoven, Stadt",40,41003,62778912,62635210,143702
05370000,"Wegberg, Stadt",40,27594,35123988,-,-
05370010,"Heinsberg, Kreisverwaltung",32,261082,6162772,-,-
05370200,"Geilenkirchen, Stadt",40,28381,23195562,23137332,-
05370200,Waldfeucht,40,9132,19534797,19534797,-
05370400,"Erkelenz, Stadt",40,44759,5136587,5136587,-
05370400,Selfkant,40,10584,3941134,3941134,-
05370600,"Heinsberg (Rhld.), Stadt",40,43050,20416672,-,-
05370600,"Wassenberg, Stadt",40,19566,7170438,-,2000000
05370800,Gangelt,40,13099,599622,-,-
05370800,"Übach-Palenberg, Stadt",40,23914,42908461,-,17969962
05374000,Lindlar,40,21488,80116340,-,-
05374000,Reichshof,40,18590,15400148,-,-
05374010,"Oberbergischer Kreis, Kreisverwaltung",32,273631,51180482,47941560,3238922
05374200,"Gummersbach, Stadt",40,51509,111308140,56776706,-
05374200,Nümbrecht,40,17511,106760929,-,46200000
05374200,"Wipperfürth, Stadt",40,21636,87701655,50701655,-
05374400,"Bergneustadt, Stadt",40,18595,48711720,29211720,-
05374400,Marienheide,40,13368,54348572,-,23181346
05374400,"Waldbröl, Stadt",40,19657,56385506,22183666,-
05374600,"Hückeswagen, Stadt",40,14532,49898638,-,10000000
05374600,"Radevormwald, Stadt",40,21561,71640940,33311536,38329404
05374800,Engelskirchen,40,19656,55515511,-,20000000
05374800,Morsbach,40,10499,17722502,12722502,-
05374800,"Wiehl, Stadt",40,25029,32342234,31931838,-
05378000,Odenthal,40,15764,24753137,625821,-
05378010,"Rheinisch-Bergischer Kreis, Kreisverwaltung",32,283065,3550430,-,-
05378200,Kürten,40,19924,2092695,-,-
05378200,"Wermelskirchen, Stadt",40,34300,68157155,41157155,27000000
05378400,"Bergisch Gladbach, Stadt",40,110837,273954705,-,25000000
05378400,"Overath, Stadt",40,26594,106284175,58399082,27883943
05378600,"Leichlingen (Rhld.), Stadt",40,27917,38895686,-,-
05378800,"Burscheid, Stadt",40,19266,33131120,32664898,466222
05378800,"Rösrath, Stadt",40,28463,47964863,28964863,-
05382000,"Hennef (Sieg), Stadt",40,48209,165190357,101306489,-
05382000,Neunkirchen-Seelscheid,40,20079,71817792,-,41905850
05382000,"Siegburg, Stadt",40,42254,366739469,276277007,-
05382010,"Rhein-Sieg-Kreis, Kreisverwaltung",32,603382,140193119,-,-
05382200,"Bornheim, Stadt",40,47802,258991933,189036213,-
05382200,"Meckenheim, Stadt",40,24669,53624573,-,-
05382200,Ruppichteroth,40,10934,46766186,20624505,-
05382200,Wachtberg,40,20525,62242410,41242410,21000000
05382400,Alfter,40,23824,40027187,36973774,-
05382400,"Königswinter, Stadt",40,40451,56449833,-,7800071
05382400,"Niederkassel, Stadt",40,38432,74218379,72936716,1222902
05382400,Swisttal,40,18469,7784204,-,2564400
05382600,Eitorf,40,19083,22614699,-,2038584
05382600,Much,40,14559,61147605,-,20725893
05382600,"Sankt Augustin, Stadt",40,56349,149035443,56915,-
05382600,Windeck,40,19561,53345900,20345900,33000000
05382800,"Bad Honnef, Stadt",40,24914,68765332,-,22574110
05382800,"Lohmar, Stadt",40,30980,112969625,-,-
05382800,"Rheinbach, Stadt",40,26829,76267406,49597039,-
05382800,"Troisdorf, Stadt",40,75459,96434696,8494,3996354
05512000,"Bottrop, kreisfreie Stadt",30,118669,332440384,-,-
05513000,"Gelsenkirchen, kreisfreie Stadt",30,265677,1094557536,4711293,408000000
05515000,"Münster, kreisfreie Stadt",30,304614,1078239537,1015444000,6967433
05554000,"Gronau (Westf.), Stadt",40,50057,145136398,145136398,-
05554000,Raesfeld,40,11624,367382,-,320533
05554000,Südlohn,40,9743,11718331,11718331,-
05554010,"Borken, Kreisverwaltung",32,378205,14324117,-,621557
05554200,"Borken, Stadt",40,42764,3532945,3532945,-
05554200,"Isselburg, Stadt",40,11231,7727385,-,-
05554200,Schöppingen,40,7084,986426,978811,-
05554400,"Ahaus, Stadt",40,39865,21464076,21464076,-
05554400,Heek,40,8772,7621484,7621484,-
05554400,Reken,40,15099,498642,-,-
05554400,"Velen, Stadt",40,12735,624990,-,-
05554600,"Gescher, Stadt",40,17346,12666716,-,-
05554600,Legden,40,7457,1821322,-,-
05554600,"Stadtlohn, Stadt",40,20928,41581992,36750306,-
05554800,"Bocholt, Stadt",40,72478,95022014,-,-
05554800,Heiden,40,8527,6083847,-,84843
05554800,"Rhede, Stadt",40,19465,23084777,23084777,-
05554800,"Vreden, Stadt",40,23030,39251989,-,665471
05558000,Havixbeck,40,12162,8108972,-,-
05558000,Rosendahl,40,11126,4545056,4183618,361438
05558010,"Coesfeld, Kreisverwaltung",32,225166,25745071,25745071,-
05558200,"Coesfeld, Stadt",40,37763,11923562,11923562,-
05558200,Nottuln,40,20195,20624676,20054424,570252
05558400,Ascheberg,40,15595,1300524,1300524,-
05558400,"Lüdinghausen, Stadt",40,24950,2825712,-,-
05558400,Senden,40,20637,1061245,491728,-
05558600,"Dülmen, Stadt",40,47386,79646896,-,9385010
05558600,"Olfen, Stadt",40,12977,865972,-,-
05558800,"Billerbeck, Stadt",40,11809,3451912,-,113431
05558800,Nordkirchen,40,10566,4769612,4769612,-
05562000,"Herten, Stadt",40,61225,332488410,-,259000000
05562010,"Recklinghausen, Kreisverwaltung",32,621350,84507650,-,3043572
05562200,"Dorsten, Stadt",40,75418,182024940,-,-
05562200,"Recklinghausen, Stadt",40,115446,408847164,302807712,-
05562400,"Castrop-Rauxel, Stadt",40,73768,197597439,63896799,133700640
05562400,"Gladbeck, Stadt",40,75425,322533092,142473452,10000000
05562400,"Marl, Stadt",40,86151,178261559,81948015,-
05562600,"Haltern am See, Stadt",40,38040,59150329,11674241,1500000
05562600,"Waltrop, Stadt",40,29254,120405312,-,90192132
05562800,"Datteln, Stadt",40,35413,87878388,45878388,-
05562800,"Oer-Erkenschwick, Stadt",40,31210,162753968,-,120576482
05566000,Hopsten,40,7666,5215716,5215716,-
05566000,"Lengerich, Stadt",40,22488,14906361,-,-
05566000,Neuenkirchen,40,13857,7651683,4933937,-
05566000,Saerbeck,40,6836,14919279,-,-
05566010,"Steinfurt, Kreisverwaltung",32,447417,64403862,-,-
05566200,"Greven, Stadt",40,37981,67886005,57886005,-
05566200,Ladbergen,40,6883,2443006,-,-
05566200,Metelen,40,6497,2702777,2260919,-
05566200,Recke,40,11295,31394732,-,-
05566200,Westerkappeln,40,10964,28735058,-,-
05566400,Altenberge,40,10296,12219661,8219661,-
05566400,"Horstmar, Stadt",40,7131,14082727,-,79854
05566400,Lienen,40,8480,4334279,4334279,-
05566400,Nordwalde,40,9947,23014353,-,2362683
05566400,"Steinfurt, Stadt",40,34288,31760058,-,-
05566600,"Hörstel, Stadt",40,19881,17354592,-,-
05566600,Laer,40,6886,10189817,8189817,2000000
05566600,Mettingen,40,11557,13521357,13517340,-
05566600,"Rheine, Stadt",40,76390,101217059,99518132,1698927
05566600,Wettringen,40,8209,7135947,7135947,-
05566800,"Emsdetten, Stadt",40,35738,56899601,-,-
05566800,"Ibbenbüren, Stadt",40,51328,26313341,24579572,-
05566800,Lotte,40,13637,9498432,6432415,-
05566800,"Ochtrup, Stadt",40,20159,42805845,42805845,-
05566800,"Tecklenburg, Stadt",40,9023,10428041,5928041,-
05570000,"Ennigerloh, Stadt",40,19706,12019194,-,-
05570000,"Sendenhorst, Stadt",40,14024,7883684,7620752,-
05570010,"Warendorf, Kreisverwaltung",32,281743,9949019,-,984012
05570200,Beelen,40,6047,1615908,-,-
05570200,Ostbevern,40,11297,9009060,8533318,-
05570200,"Warendorf, Stadt",40,37527,25040169,383874,751100
05570400,"Ahlen, Stadt",40,52992,67919487,613550,5633451
05570400,Everswinkel,40,9702,3584218,3267814,-
05570400,"Telgte, Stadt",40,19972,16933449,-,2183063
05570600,"Drensteinfurt, Stadt",40,16122,6321685,6321685,-
05570600,"Sassenberg, Stadt",40,14631,1773454,-,-
05570800,"Beckum, Stadt",40,36957,2264878,783496,-
05570800,"Oelde, Stadt",40,29984,45583956,-,5650000
05570800,Wadersloh,40,12782,24313940,21780658,-
05600000,Landschaftsverband Westfalen-Lippe,23,8284677,236318978,-,50000000
05711000,"Bielefeld, kreisfreie Stadt",30,331853,329440093,-,57500000
05754000,Herzebrock-Clarholz,40,16505,16799978,16409494,-
05754000,Steinhagen,40,20045,15116006,-,-
05754010,"Gütersloh, Kreisverwaltung",32,362534,61430770,107409,4257864
05754200,"Halle (Westf.), Stadt",40,21458,11103506,-,-
05754200,"Rietberg, Stadt",40,29665,51515688,50887222,-
05754200,"Werther (Westf.), Stadt",40,11059,447945,-,-
05754400,"Borgholzhausen, Stadt",40,8891,1488808,-,-
05754400,Langenberg,40,8341,4639735,4639735,-
05754400,"Verl, Stadt",40,25574,1047412,-,-
05754600,"Harsewinkel, Stadt",40,25306,10276499,9183595,-
05754600,"Schloß Holte-Stukenbrock, Stadt",40,26175,7593433,-,-
05754800,"Gütersloh, Stadt",40,99867,51638467,51638467,-
05754800,"Rheda-Wiedenbrück, Stadt",40,48117,3264088,-,518115
05754800,"Versmold, Stadt",40,21531,9474389,9016439,-
05758000,Kirchlengern,40,16407,36502649,36502649,-
05758010,"Herford, Kreisverwaltung",32,254792,56009571,941151,-
05758200,"Herford, Stadt",40,67572,234289320,219153243,-
05758200,"Spenge, Stadt",40,14641,28242687,-,-
05758400,"Bünde, Stadt",40,46687,96979439,96979439,-
05758400,"Löhne, Stadt",40,40820,44603488,-,-
05758600,Hiddenhausen,40,19495,25634418,-,17530000
05758600,"Vlotho, Stadt",40,18546,28125457,-,-
05758800,"Enger, Stadt",40,20658,41785860,-,31070000
05758800,Rödinghausen,40,9966,14707249,-,4518380
05762000,"Höxter, Stadt",40,28174,83739352,-,30358256
05762000,"Willebadessen, Stadt",40,8232,2102453,902453,-
05762010,"Höxter, Kreisverwaltung",32,139112,4404640,2664557,1740083
05762200,"Borgentreich, Stadt",40,8715,6740245,-,-
05762200,"Steinheim, Stadt",40,12120,10072747,10072747,-
05762400,"Bad Driburg, Stadt",40,18759,27718004,-,2000000
05762400,"Marienmünster, Stadt",40,4838,1103425,1103425,-
05762600,"Brakel, Stadt",40,16202,2724347,1724347,-
05762600,"Warburg, Stadt",40,23329,6287057,-,-
05762800,"Beverungen, Stadt",40,12689,10243365,1229464,9013901
05762800,"Nieheim, Stadt",40,6054,6727904,-,125690
05766000,"Detmold, Stadt",40,74199,204171743,189297980,14873763
05766000,"Lage, Stadt",40,34888,96326387,-,17590598
05766000,"Schieder-Schwalenberg, Stadt",40,8135,11374004,25000,-
05766010,"Lippe, Kreisverwaltung",32,347621,185645559,-,20604000
05766200,"Barntrup, Stadt",40,8323,16335416,12335416,4000000
05766200,"Horn-Bad Meinberg, Stadt",40,17332,7861623,6315403,-
05766200,"Lügde, Stadt",40,9335,14009436,14009436,-
05766400,Augustdorf,40,9900,5539306,3568686,-
05766400,Dörentrup,40,7503,8371296,8371296,-
05766400,"Lemgo, Stadt",40,39827,43217018,43217018,-
05766400,Schlangen,40,9237,10099740,6842990,-
05766600,"Blomberg, Stadt",40,15570,18087884,1587884,-
05766600,Kalletal,40,13375,19419766,-,3000000
05766600,"Oerlinghausen, Stadt",40,17232,19868702,19806202,-
05766800,"Bad Salzuflen, Stadt",40,54171,65748124,-,-
05766800,Extertal,40,11388,16421607,-,7500000
05766800,Leopoldshöhe,40,17206,19674047,12144047,-
05770000,"Lübbecke, Stadt",40,26814,9328639,-,1034320
05770000,"Rahden, Stadt",40,16097,5515391,4429485,1085906
05770010,"Minden-Lübbecke, Kreisverwaltung",32,320839,43217663,41708370,-
05770200,Hille,40,16306,21528835,-,4000000
05770200,"Porta Westfalica, Stadt",40,36669,33363274,33363274,-
05770400,"Bad Oeynhausen, Stadt",40,50396,74984272,-,2119935
05770400,"Minden, Stadt",40,84068,101639408,101639408,-
05770400,Stemwede,40,13596,1221843,1029691,-
05770600,Hüllhorst,40,13356,13121896,12368412,-
05770600,"Preußisch Oldendorf, Stadt",40,12507,21352250,21140765,-
05770800,"Espelkamp, Stadt",40,25671,7688387,3688387,-
05770800,"Petershagen, Stadt",40,25359,6918818,-,-
05774000,"Bad Wünnenberg, Stadt",40,12296,3638819,-,-
05774000,"Delbrück, Stadt",40,31839,14010589,13708492,-
05774010,"Paderborn, Kreisverwaltung",32,314676,6470576,-,4563171
05774200,Borchen,40,13782,9560421,-,-
05774200,"Paderborn, Stadt",40,156140,178579201,-,-
05774400,Altenbeken,40,9200,25220861,-,3000000
05774400,Hövelhof,40,16632,3173094,2676510,-
05774600,"Büren, Stadt",40,21351,6070717,5889022,-
05774600,"Salzkotten, Stadt",40,25307,2017591,-,145336
05774800,"Bad Lippspringe, Stadt",40,17244,25058909,25058909,-
05774800,"Lichtenau, Stadt",40,10885,34657903,-,-
05800000,Regionalverband Ruhr,25,5115214,133393280,-,-
05911000,"Bochum, kreisfreie Stadt",30,356076,1767756218,47486,294700000
05913000,"Dortmund, kreisfreie Stadt",30,599813,2385571065,803046914,168822969
05914000,"Hagen, kreisfreie Stadt",30,189778,909986020,56541071,-
05915000,"Hamm, kreisfreie Stadt",30,179434,377196799,297965802,79230997
05916000,"Herne, kreisfreie Stadt",30,155273,666317614,-,348332392
05954000,"Herdecke, Stadt",40,22899,43352389,-,12500000
05954010,"Ennepe-Ruhr-Kreis, Kreisverwaltung",32,314857,21176840,16267506,-
05954200,"Gevelsberg, Stadt",40,29954,94010137,-,20823918
05954200,"Wetter (Ruhr), Stadt",40,26422,64373141,28433637,35939504
05954400,"Breckerfeld, Stadt",40,8830,317284,-,-
05954400,"Schwelm, Stadt",40,28032,84174861,38504657,45670204
05954600,"Hattingen, Stadt",40,52882,65047591,50047591,-
05954600,"Witten, Stadt",40,92020,425856735,59394714,-
05954800,"Ennepetal, Stadt",40,29605,106619313,62619313,32000000
05954800,"Sprockhövel, Stadt",40,24213,40627046,-,8000000
05958000,"Hallenberg, Stadt",40,4373,1327121,1327121,-
05958000,"Schmallenberg, Stadt",40,24570,2761782,-,-
05958010,"Hochsauerlandkreis, Kreisverwaltung",32,261158,25010881,-,-
05958200,"Brilon, Stadt",40,25412,6628403,-,-
05958200,"Meschede, Stadt",40,29616,6215415,-,-
05958400,"Arnsberg, Stadt",40,75046,188278764,-,107327432
05958400,"Marsberg, Stadt",40,19593,1574501,1373921,-
05958400,"Sundern (Sauerland), Stadt",40,27655,29059325,-,15844519
05958600,Eslohe (Sauerland),40,8778,913220,607129,-
05958600,"Olsberg, Stadt",40,14753,32529316,-,250096
05958800,Bestwig,40,10276,3216099,2758391,-
05958800,"Medebach, Stadt",40,8039,16806396,-,-
05958800,"Winterberg, Stadt",40,13047,27587721,27587721,-
05962000,Herscheid,40,6864,14827948,-,-
05962000,"Menden (Sauerland), Stadt",40,52316,110913776,56913776,50500000
05962000,"Werdohl, Stadt",40,17835,34593601,12181497,22412104
05962010,"Märkischer Kreis, Kreisverwaltung",32,409783,194534354,119031161,-
05962200,"Halver, Stadt",40,16418,49033627,-,25660641
05962200,"Lüdenscheid, Stadt",40,71704,53229214,-,-
05962200,"Plettenberg, Stadt",40,24548,17028497,-,-
05962400,"Altena, Stadt",40,16711,42898433,-,24778825
05962400,"Iserlohn, Stadt",40,92179,195826315,2500,73479253
05962400,Nachrodt-Wiblingwerde,40,6151,14752014,-,-
05962600,"Hemer, Stadt",40,34957,142240401,-,52543089
05962600,"Meinerzhagen, Stadt",40,20078,45908820,32274272,-
05962600,Schalksmühle,40,10511,10296297,-,265132
05962800,"Balve, Stadt",40,11249,13647949,8647949,5000000
05962800,"Kierspe, Stadt",40,16618,37026471,28720299,-
05962800,"Neuenrade, Stadt",40,11644,2295743,-,67333
05966000,"Lennestadt, Stadt",40,24322,34321193,33551746,769447
05966010,"Olpe, Kreisverwaltung",32,132474,7153653,-,-
05966200,Finnentrop,40,17078,12057032,-,658858
05966400,"Attendorn, Stadt",40,23549,2216112,-,188443
05966400,"Olpe, Stadt",40,24743,7472160,6558649,-
05966600,Kirchhundem,40,11574,2712700,2712700,-
05966800,"Drolshagen, Stadt",40,11866,16781328,16781328,-
05966800,Wenden,40,19342,2154600,-,525016
05970000,"Hilchenbach, Stadt",40,14584,26615942,2115942,12000000
05970000,"Siegen, Stadt",40,102620,261218413,89336232,171751861
05970010,"Siegen-Wittgenstein, Kreisverwaltung",32,274587,6386787,1379931,-
05970200,Erndtebrück,40,6859,15620593,8520593,-
05970200,"Netphen, Stadt",40,23082,33870904,-,-
05970400,"Bad Berleburg, Stadt",40,18362,7985042,-,-
05970400,"Kreuztal, Stadt",40,30855,53423387,-,12139616
05970400,Wilnsdorf,40,20112,25398165,12398165,-
05970600,"Freudenberg, Stadt",40,17448,1841720,-,532232
05970600,Neunkirchen,40,12810,20446300,10151600,-
05970800,"Bad Laasphe, Stadt",40,13112,28911918,17911918,-
05970800,Burbach,40,14743,1440557,-,-
05974000,"Geseke, Stadt",40,20913,18767018,-,1697834
05974000,"Soest, Stadt",40,47739,108247209,74747209,-
05974010,"Soest, Kreisverwaltung",32,300374,58034981,58034981,-
05974200,Ense,40,12299,12984691,-,3000000
05974200,Möhnesee,40,11463,5702317,5702317,-
05974200,"Werl, Stadt",40,29949,53289926,-,27000000
05974400,Anröchte,40,10314,20686647,-,3072752
05974400,Lippetal,40,11933,2296286,2296286,-
05974400,"Warstein, Stadt",40,25191,9054946,-,-
05974600,"Erwitte, Stadt",40,16304,538214,475024,-
05974600,"Rüthen, Stadt",40,10275,2363357,2363357,-
05974600,Wickede (Ruhr),40,11565,22906462,22837860,68602
05974800,Bad Sassendorf,40,12160,42486275,42486275,-
05974800,"Lippstadt, Stadt",40,68258,18225701,-,-
05974800,Welver,40,12011,5369040,-,-
05978000,"Kamen, Stadt",40,42264,101983580,36983580,-
05978000,"Werne, Stadt",40,30289,42994110,32994110,10000000
05978010,"Unna, Kreisverwaltung",32,396802,89467190,-,-
05978200,"Fröndenberg/Ruhr, Stadt",40,20563,9236412,8885329,351083
05978200,"Selm, Stadt",40,26428,98939310,-,-
05978400,"Bergkamen, Stadt",40,49005,76423907,-,30000000
05978400,"Lünen, Stadt",40,85674,277628435,-,-
05978600,Holzwickede,40,17491,47752856,47752856,-
05978600,"Unna, Stadt",40,61071,48145371,-,186218
05978800,Bönen,40,18018,41085452,40325031,-
05978800,"Schwerte, Stadt",40,45999,131884432,-,66621954
06411000,"Darmstadt, kreisfreie Stadt, Wissenschaftsstadt",30,163349,582003734,573439307,-
06412000,"Frankfurt am Main, kreisfreie Stadt",30,746964,2655624687,2523654063,-
06413000,"Offenbach am Main, kreisfreie Stadt",30,131154,443262892,15507316,-
06414000,"Wiesbaden, kreisfreie Stadt, Landeshauptstadt",30,285461,355102283,328320529,-
06431000,Groß-Rohrheim,40,3687,1064809,308559,-
06431000,"Viernheim, Stadt",40,34295,36166760,32494278,-
06431010,"Bergstraße, Landkreisverwaltung",32,273924,39286326,39161326,-
06431100,Abtsteinach,40,2426,7013145,-,-
06431100,"Heppenheim (Bergstraße), Kreisstadt",40,27740,16489215,15928650,-
06431100,Wald-Michelbach,40,10557,13189018,11559964,-
06431200,"Bensheim, Stadt",40,41591,64947641,59380141,-
06431200,"Hirschhorn (Neckar), Stadt",40,3450,7922233,7762233,-
06431200,"Zwingenberg, Stadt",40,7243,8762306,923476,-
06431300,Biblis,40,9017,2158873,233287,-
06431300,"Lampertheim, Stadt",40,32176,48232502,46256373,-
06431400,Birkenau,40,9526,21373956,210000,-
06431400,Lautertal (Odenwald),40,6956,8645926,512000,-
06431500,"Bürstadt, Stadt",40,17478,30203229,27367687,-
06431500,"Lindenfels, Stadt",40,5268,10205744,9679404,-
06431600,Einhausen,40,6480,12010102,560500,-
06431600,"Lorsch, Karolingerstadt",40,14304,8921153,1059729,-
06431700,Fürth,40,10768,8392598,4208001,-
06431700,Mörlenbach,40,10284,3229486,562500,-
06431800,Gorxheimertal,40,4131,2173522,5000,-
06431800,"Neckarsteinach, Stadt",40,3794,11927794,676180,-
06431900,Grasellenbach,40,4049,9376186,8500155,-
06431900,Rimbach,40,8704,4827027,855007,-
06432000,"Groß-Umstadt, Stadt",40,21141,42364511,39571608,-
06432000,Roßdorf,40,13066,4698245,4593329,-
06432010,"Darmstadt-Dieburg, Landkreisverwaltung",32,301406,147472532,146645423,-
06432100,Alsbach-Hähnlein,40,9208,2026210,807500,-
06432100,Groß-Zimmern,40,14530,7439406,-,-
06432100,Schaafheim,40,9161,1154932,327951,-
06432200,"Babenhausen, Stadt",40,17333,9748644,9748644,-
06432200,Messel,40,4122,4430695,4420695,-
06432200,Seeheim-Jugenheim,40,16522,18445098,18435098,-
06432300,Bickenbach,40,5948,3006398,-,-
06432300,Modautal,40,5167,6044708,745140,-
06432300,"Weiterstadt, Stadt",40,26519,16515851,15320851,-
06432400,"Dieburg, Stadt",40,15782,5700038,4810038,-
06432400,Mühltal,40,14032,9037473,9037473,-
06432500,Eppertshausen,40,6409,3163982,1070690,-
06432500,Münster (Hessen),40,14805,12227405,142500,-
06432600,Erzhausen,40,7872,538591,-,-
06432600,"Ober-Ramstadt, Stadt",40,15070,25212826,4797500,-
06432700,Fischbachtal,40,2666,1175109,797553,-
06432700,Otzberg,40,6378,4834162,4641361,-
06432800,"Griesheim, Stadt",40,29009,29532640,28333,-
06432800,"Pfungstadt, Stadt",40,25566,108611222,2966600,-
06432900,"Groß-Bieberau, Stadt",40,4662,919427,919427,-
06432900,"Reinheim, Stadt",40,16438,8765265,6012765,-
06433000,"Raunheim, Stadt",40,15199,14916372,-,-
06433010,"Groß-Gerau, Landkreisverwaltung",32,267036,331153732,20758726,12297230
06433100,Biebesheim am Rhein,40,6387,8802993,8739953,-
06433100,"Riedstadt, Büchnerstadt",40,23249,32725569,32725569,-
06433200,Bischofsheim,40,12781,12341975,-,-
06433200,"Rüsselsheim am Main, Stadt",40,65120,237354860,225637830,-
06433300,Büttelborn,40,14526,17707884,357995,-
06433300,Stockstadt am Rhein,40,6066,5586109,-,-
06433400,"Gernsheim, Schöfferstadt",40,10580,7057535,6762250,-
06433400,Trebur,40,12936,2829053,2829053,-
06433500,"Ginsheim-Gustavsburg, Stadt",40,16427,8759057,1875000,-
06433600,"Groß-Gerau, Stadt",40,25187,19162364,19162364,-
06433700,"Kelsterbach, Stadt",40,15944,25096426,762929,-
06433800,"Mörfelden-Walldorf, Stadt",40,32232,57900927,-,-
06433900,Nauheim,40,10402,15487147,-,-
06434000,"Steinbach (Taunus), Stadt",40,10744,8912227,-,-
06434010,"Hochtaunuskreis, Landkreisverwaltung",32,239257,576606118,11717633,-
06434100,"Bad Homburg v.d.Höhe, Stadt",40,55311,198649780,196422120,-
06434100,"Usingen, Stadt",40,15393,24147699,24147699,-
06434200,"Friedrichsdorf, Philipp-Reis-Stadt",40,25635,35739276,67539,-
06434200,Wehrheim,40,9277,806287,-,-
06434300,Glashütten,40,5345,4707337,4707337,-
06434300,Weilrod,40,6776,4654791,4602291,-
06434400,Grävenwiesbach,40,5366,9894022,-,-
06434500,"Königstein im Taunus, Stadt",40,16699,31945913,31903495,-
06434600,"Kronberg im Taunus, Stadt",40,18518,7697853,7697853,-
06434700,"Neu-Anspach, Stadt",40,14440,26136330,-,-
06434800,"Oberursel (Taunus), Stadt",40,46424,39802121,39802121,-
06434900,Schmitten im Taunus,40,9329,10184152,-,-
06435000,"Gelnhausen, Barbarossastadt, Kreisstadt",40,23176,31500800,761290,-
06435000,Neuberg,40,5244,4982424,715528,-
06435010,"Main-Kinzig-Kreis, Landkreisverwaltung",32,417031,248029466,215612003,-
06435100,"Bad Orb, Stadt",40,9967,33525299,10226,-
06435100,Großkrotzenburg,40,7319,5193377,5193377,-
06435100,"Nidderau, Stadt",40,20130,22886515,5204486,-
06435200,"Bad Soden-Salmünster, Stadt",40,13577,24182567,23816860,-
06435200,Gründau,40,14452,650763,-,-
06435200,Niederdorfelden,40,3956,4577348,4577348,-
06435300,Biebergemünd,40,8274,518560,518560,-
06435300,Hammersbach,40,4828,4387108,4387108,-
06435300,Rodenbach,40,10942,17851972,112500,-
06435400,Birstein,40,6050,7099384,-,-
06435400,"Hanau, Brüder-Grimm-Stadt",40,95670,320412354,9761865,-
06435400,Ronneburg,40,3483,2520228,1449288,-
06435500,Brachttal,40,4914,5063295,4938295,-
06435500,Hasselroth,40,7288,2721956,-,-
06435500,"Schlüchtern, Stadt",40,15778,18200306,-,-
06435600,"Bruchköbel, Stadt",40,20409,53686393,-,-
06435600,Jossgrund,40,3403,1009653,1009653,-
06435600,Schöneck,40,11820,18165454,11875395,-
06435700,"Erlensee, Stadt",40,15683,44450303,43529965,-
06435700,"Langenselbold, Stadt",40,14373,18710485,-,1432275
06435700,Sinntal,40,8746,10313902,9902906,-
06435800,Flörsbachtal,40,2302,663303,663303,-
06435800,Linsengericht,40,9666,14617519,10686269,-
06435800,"Steinau an der Straße, Brüder-Grimm-Stadt",40,10170,21329331,888003,-
06435900,Freigericht,40,14299,9046441,163746,-
06435900,"Maintal, Stadt",40,38475,79679359,1750247,-
06435900,"Wächtersbach, Stadt",40,12637,18141793,17520564,-
06436000,Liederbach am Taunus,40,8859,5643041,-,-
06436010,"Main-Taunus-Kreis, Landkreisverwaltung",32,238177,361789190,347656310,-
06436100,"Bad Soden am Taunus, Stadt",40,23126,46734470,-,3000000
06436100,"Schwalbach am Taunus, Stadt",40,15401,1351569,1351569,-
06436200,"Eppstein, Stadt",40,13027,34723196,34492744,-
06436200,Sulzbach (Taunus),40,8865,5701728,-,-
06436300,"Eschborn, Stadt",40,22004,1237424,1237424,-
06436400,"Flörsheim am Main, Stadt",40,21274,30623062,30210110,-
06436500,"Hattersheim am Main, Stadt",40,28258,41120952,41120952,-
06436600,"Hochheim am Main, Stadt",40,18436,25935092,-,-
06436700,"Hofheim am Taunus, Kreisstadt",40,39394,54903151,54488000,-
06436800,"Kelkheim (Taunus), Stadt",40,28270,51636395,86000,-
06436900,Kriftel,40,11263,30139433,30139433,-
06437000,Lützelbach,40,6774,1493864,1473864,-
06437010,"Odenwaldkreis, Landkreisverwaltung",32,94577,35696778,35681778,-
06437100,"Bad König, Stadt",40,9521,24939263,547936,-
06437100,"Michelstadt, Stadt",40,15615,4731247,271998,-
06437200,Mossautal,40,2420,3480743,-,-
06437300,Brensbach,40,4879,6349563,-,-
06437300,Reichelsheim (Odenwald),40,8345,5607578,5118864,-
06437400,"Breuberg, Stadt",40,7207,9272238,9272238,-
06437500,Brombachtal,40,3390,1096231,798780,-
06437600,"Erbach, Kreisstadt",40,14066,12899209,150000,-
06437600,"Oberzent, Stadt",40,9617,10859365,187507,-
06437700,Fränkisch-Crumbach,40,2977,3922667,3904987,-
06437900,Höchst i. Odw.,40,9766,7287297,7242297,-
06438000,"Obertshausen, Stadt",40,25117,42715838,42715838,-
06438010,"Offenbach, Landkreisverwaltung",32,354881,375873077,23736105,-
06438100,"Dietzenbach, Kreisstadt",40,35396,72235233,2687379,-
06438100,"Rodgau, Stadt",40,44906,62900641,1684426,-
06438200,"Dreieich, Stadt",40,41600,59453857,59453857,-
06438200,"Rödermark, Stadt",40,28612,20058971,18706226,-
06438300,Egelsbach,40,10962,9217177,-,-
06438300,"Seligenstadt, Einhardstadt",40,21046,1655166,-,-
06438400,Hainburg,40,14381,1282884,1282884,-
06438500,"Heusenstamm, Stadt",40,19216,32990684,-,-
06438600,"Langen (Hessen), Stadt",40,37783,28540638,28540638,-
06438700,Mainhausen,40,9535,5685848,5685848,-
06438800,"Mühlheim am Main, Stadt",40,29003,55514037,-,-
06438900,"Neu-Isenburg, Hugenotten- und Waldenserstadt",40,37324,41829947,36493044,-
06439000,"Lorch, Stadt",40,3894,6767147,214000,444265
06439010,"Rheingau-Taunus-Kreis, Landkreisverwaltung",32,186242,118727764,13025563,-
06439100,Aarbergen,40,6263,19703699,19663699,-
06439100,Niedernhausen,40,14478,8255489,8159622,-
06439200,"Bad Schwalbach, Kreisstadt",40,11517,25803906,-,-
06439200,"Oestrich-Winkel, Stadt",40,11414,10067462,77115,-
06439300,"Eltville am Rhein, Stadt",40,17006,11453156,855944,-
06439300,"Rüdesheim am Rhein, Stadt",40,9855,6109449,44380,-
06439400,"Geisenheim, Hochschulstadt",40,11352,6255089,5480749,-
06439400,Schlangenbad,40,6112,16607641,16301190,-
06439500,Heidenrod,40,7430,14912020,343956,-
06439500,"Taunusstein, Stadt",40,30210,37989490,504792,-
06439600,Hohenstein,40,5945,8973266,8835766,-
06439600,Waldems,40,5273,12612244,12599461,-
06439700,Hünstetten,40,10439,11638682,722500,-
06439700,Walluf,40,5346,14095635,20500,-
06439800,"Idstein, Hochschulstadt",40,25811,29593779,28406475,-
06439900,Kiedrich,40,3897,3208278,491200,-
06440000,Glauburg,40,3021,9893258,83806,-
06440000,Ranstadt,40,5356,11077746,11024735,-
06440010,"Wetteraukreis, Landkreisverwaltung",32,310973,156867614,139438465,-
06440100,Altenstadt,40,12702,3375626,870145,-
06440100,Hirzenhain,40,2760,1450978,319795,-
06440100,"Reichelsheim (Wetterau), Stadt",40,6910,7622916,325000,-
06440200,"Bad Nauheim, Stadt",40,32729,73515627,-,-
06440200,"Karben, Stadt",40,22527,8574394,7776769,-
06440200,Rockenberg,40,4172,8012716,90396,-
06440300,"Bad Vilbel, Stadt",40,35445,32668127,32668127,-
06440300,Kefenrod,40,2686,10208353,-,-
06440300,"Rosbach v. d. Höhe, Stadt",40,13030,22816164,3352444,-
06440400,"Büdingen, Stadt",40,22397,16716988,16611988,-
06440400,Limeshain,40,5644,2133203,2107639,-
06440400,Wölfersheim,40,9440,6434654,1350833,-
06440500,"Butzbach, Friedrich-Ludwig-Weidig-Stadt",40,26846,63954288,3304389,-
06440500,"Münzenberg, Stadt",40,5676,406809,-,-
06440500,Wöllstadt,40,6637,4696034,4696034,-
06440600,Echzell,40,5515,2719470,2719470,-
06440600,"Nidda, Stadt",40,17244,12505548,12020726,-
06440700,"Florstadt, Stadt",40,9096,21630608,5490022,-
06440700,"Niddatal, Stadt",40,9997,7625643,7214514,-
06440800,"Friedberg (Hessen), Kreisstadt",40,29981,13309847,13309847,-
06440800,Ober-Mörlen,40,5728,747478,-,-
06440900,"Gedern, Stadt",40,6825,11266570,1441958,-
06440900,"Ortenberg, Stadt",40,8609,26645018,20936117,-
06531000,"Laubach, Stadt",40,9828,16608525,16608525,-
06531010,"Gießen, Landkreisverwaltung",32,266883,156200339,139518080,-
06531100,"Allendorf (Lumda), Stadt",40,3786,4760645,4660645,-
06531100,"Lich, Stadt",40,14070,13242325,-,-
06531200,Biebertal,40,9885,23895753,23480824,-
06531200,"Linden, Stadt",40,13167,831407,831407,-
06531300,Buseck,40,12383,11818356,-,-
06531300,"Lollar, Stadt",40,10218,9889430,1212550,-
06531400,Fernwald,40,6985,15940310,15890310,-
06531400,"Pohlheim, Stadt",40,17630,2191337,2137652,-
06531500,"Gießen, Universitätsstadt",40,88195,147000648,9508027,-
06531500,Rabenau,40,4900,14464630,14464630,-
06531600,"Grünberg, Stadt",40,13711,11497465,-,-
06531600,Reiskirchen,40,10335,10781597,60792,-
06531700,Heuchelheim a. d. Lahn,40,7730,4176553,4176553,-
06531700,"Staufenberg, Stadt",40,8240,6243152,5515652,-
06531800,"Hungen, Stadt",40,12810,24574136,132209,-
06531800,Wettenberg,40,12064,8159754,200000,-
06531900,Langgöns,40,10946,12621909,12621909,-
06532000,Greifenstein,40,6647,5248779,-,-
06532000,Sinn,40,6510,9716813,9679999,-
06532010,"Lahn-Dill-Kreis, Landkreisverwaltung",32,253823,446550408,426243162,-
06532100,"Aßlar, Stadt",40,14541,12207697,-,-
06532100,"Haiger, Stadt",40,19133,4090259,-,-
06532100,"Solms, Stadt",40,13455,19271557,310760,-
06532200,Bischoffen,40,3175,277368,15000,-
06532200,"Herborn, Stadt",40,20198,19106801,19106801,-
06532200,Waldsolms,40,4653,626480,209851,-
06532300,"Braunfels, Stadt",40,11004,8084827,7934827,-
06532300,Hohenahr,40,4829,746353,60000,-
06532300,"Wetzlar, Stadt",40,53738,112984819,7039480,-
06532400,Breitscheid,40,4615,5052117,5052117,-
06532400,Hüttenberg,40,10649,12586139,11738181,-
06532500,Dietzhölztal,40,5458,2015082,-,-
06532500,Lahnau,40,8230,9088113,503064,-
06532600,"Dillenburg, Oranienstadt",40,23029,23954947,17637923,-
06532600,"Leun, Stadt",40,5767,6508578,6472178,-
06532700,Driedorf,40,5073,3553733,142500,-
06532700,Mittenaar,40,4684,3494056,3494056,-
06532800,Ehringshausen,40,9388,1398464,1398464,-
06532800,Schöffengrund,40,6536,10595728,300000,-
06532900,Eschenburg,40,9967,4225532,4225532,-
06532900,Siegbach,40,2544,2758397,2238699,-
06533000,Löhnberg,40,4661,18919176,3099556,2000000
06533010,"Limburg-Weilburg, Landkreisverwaltung",32,173932,29866889,286900,-
06533100,Beselich,40,5683,1275638,1275638,-
06533100,"Mengerskirchen, Marktflecken",40,5747,2648295,1508295,-
06533200,Brechen,40,6323,1578006,710000,-
06533200,"Merenberg, Marktflecken",40,3253,8569999,8569999,-
06533300,"Bad Camberg, Stadt",40,14356,16267300,16047176,-
06533300,"Runkel, Stadt",40,9532,24323232,200000,-
06533400,Dornburg,40,8476,6439308,258228,-
06533400,Selters (Taunus),40,8240,8780594,8780594,-
06533500,Elbtal,40,2409,3051132,3051132,-
06533500,"Villmar, Marktflecken",40,6676,21178265,105000,-
06533600,Elz,40,8093,3233199,2781731,-
06533600,Waldbrunn (Westerwald),40,5834,10992163,10924663,-
06533700,"Hadamar, Stadt",40,13061,11706678,450090,-
06533700,"Weilburg, Stadt",40,12997,22841316,4769449,-
06533800,Hünfelden,40,9779,22292951,21274420,-
06533800,"Weilmünster, Marktflecken",40,8774,9745190,7538967,-
06533900,"Limburg a. d. Lahn, Kreisstadt",40,35878,5674076,876690,-
06533900,Weinbach,40,4160,9012845,9012845,-
06534000,"Gladenbach, Stadt",40,12459,6372223,-,-
06534000,Weimar (Lahn),40,7186,4521227,4444122,-
06534010,"Marburg-Biedenkopf, Landkreisverwaltung",32,242315,95832949,84253301,-
06534100,"Amöneburg, Stadt",40,4961,8028354,8028354,-
06534100,"Kirchhain, Stadt",40,16279,8785932,8617050,-
06534100,"Wetter (Hessen), Stadt",40,8974,9837006,-,-
06534200,Angelburg,40,3474,3430348,560170,-
06534200,Lahntal,40,7010,6534345,54167,-
06534200,Wohratal,40,2180,3583079,3523079,-
06534300,Bad Endbach,40,7839,29032648,29032648,-
06534300,Lohra,40,5805,5959376,30000,-
06534400,"Biedenkopf, Stadt",40,13099,15749932,27498,-
06534400,"Marburg, Universitätsstadt",40,73174,120130550,96411004,-
06534500,Breidenbach,40,6791,9911114,9911114,-
06534500,Münchhausen,40,3253,3601389,-,-
06534600,Cölbe,40,6492,6963370,5583370,-
06534600,"Neustadt (Hessen), Stadt",40,9001,6288661,5533440,-
06534700,Dautphetal,40,11399,1501055,1501055,-
06534700,"Rauschenberg, Stadt",40,4444,12296528,-,-
06534800,Ebsdorfergrund,40,9028,774637,774637,-
06534800,"Stadtallendorf, Stadt",40,21537,5160077,5160077,-
06534900,Fronhausen,40,4068,3759521,-,-
06534900,Steffenberg,40,3862,4102849,4102849,-
06535000,"Kirtorf, Stadt",40,3098,7709908,-,-
06535010,"Vogelsbergkreis, Landkreisverwaltung",32,101493,56024762,37845834,-
06535100,"Alsfeld, Stadt",40,15500,48431798,-,-
06535100,"Lauterbach (Hessen), Kreisstadt",40,13048,17385540,15337477,-
06535200,Antrifttal,40,1759,1216543,-,-
06535200,Lautertal (Vogelsberg),40,2225,2922485,-,-
06535300,Feldatal,40,2231,3532696,3532696,-
06535300,Mücke,40,9251,8939072,8893056,-
06535400,Freiensteinau,40,2992,4585833,189035,-
06535400,"Romrod, Stadt",40,2569,1232412,-,-
06535500,Gemünden (Felda),40,2677,2937453,2922453,-
06535500,"Schlitz, Stadt",40,9265,14523175,160000,-
06535600,"Grebenau, Stadt",40,2302,9625810,-,-
06535600,"Schotten, Stadt",40,9666,15724873,15724873,-
06535700,Grebenhain,40,4428,4790296,-,-
06535700,Schwalmtal,40,2721,8405456,-,-
06535800,"Herbstein, Stadt",40,4586,8171253,7519973,-
06535800,"Ulrichstein, Stadt",40,2781,3118103,3118103,-
06535900,"Homberg (Ohm), Stadt",40,6968,4155780,-,-
06535900,Wartenberg,40,3426,1194890,87500,-
06611000,"Kassel, kreisfreie Stadt, documenta-Stadt",30,196362,469509758,22187763,-
06631000,"Gersfeld (Rhön), Stadt",40,5315,7282955,7255059,-
06631000,Petersberg,40,15963,6374636,5540886,-
06631010,"Fulda, Landkreisverwaltung",32,222003,93715808,78598612,-
06631100,Bad Salzschlirf,40,3475,10145154,10145154,-
06631100,Großenlüder,40,8700,4136423,-,-
06631100,Poppenhausen (Wasserkuppe),40,2729,1313060,30625,-
06631200,"Burghaun, Marktgemeinde",40,6373,3422244,-,-
06631200,"Hilders, Marktgemeinde",40,4814,5340970,4206637,-
06631200,"Rasdorf, Point-Alpha-Gemeinde",40,1622,476325,-,-
06631300,Dipperz,40,3615,620046,35000,-
06631300,Hofbieber,40,6251,7141944,961413,-
06631300,"Tann (Rhön), Stadt",40,4529,6991947,6673544,-
06631400,Ebersburg,40,4666,2600297,2280852,-
06631400,Hosenfeld,40,4565,8758602,8758602,-
06631500,Ehrenberg (Rhön),40,2540,2360130,169822,-
06631500,"Hünfeld, Konrad-Zuse-Stadt",40,16801,3131731,1697968,-
06631600,Eichenzell,40,11791,13870507,13870507,-
06631600,Kalbach,40,6482,4319054,737196,-
06631700,"Eiterfeld, Marktgemeinde",40,7008,3576346,58100,-
06631700,Künzell,40,16956,1314465,1314465,-
06631800,Flieden,40,8744,10562374,9100680,-
06631800,Neuhof,40,10758,5554598,3433150,-
06631900,"Fulda, Stadt",40,65435,80518151,73760476,-
06631900,Nüsttal,40,2871,917068,917068,-
06632000,Hohenroda,40,3024,432193,-,-
06632000,Wildeck,40,4783,11799970,8699112,-
06632010,"Hersfeld-Rotenburg, Landkreisverwaltung",32,117998,166024434,8763815,-
06632100,Alheim,40,4804,9822473,9656457,-
06632100,Kirchheim,40,3675,830234,-,-
06632200,"Bad Hersfeld, Kreisstadt",40,30722,114594277,6791488,-
06632200,Ludwigsau,40,5456,398239,398239,-
06632300,"Bebra, Stadt",40,13066,19393709,19393709,-
06632300,Nentershausen,40,2436,4044815,19300,-
06632400,Breitenbach a. Herzberg,40,1715,4269748,24830,-
06632400,Neuenstein,40,3075,3621155,3621155,-
06632500,Cornberg,40,1288,1609334,373311,-
06632500,"Niederaula, Marktgemeinde",40,5186,6006806,26391,-
06632600,Friedewald,40,2655,10278691,10263691,-
06632600,"Philippsthal (Werra), Marktgemeinde",40,3956,252441,-,-
06632700,Hauneck,40,3123,7150762,-,-
06632700,Ronshausen,40,2288,4827543,4827543,-
06632800,"Haunetal, Marktgemeinde",40,2777,5718961,5712038,-
06632800,"Rotenburg a. d. Fulda, Stadt",40,12937,20954639,-,-
06632900,"Heringen (Werra), Stadt",40,6806,66413691,15339,-
06632900,Schenklengsfeld,40,4226,22376751,21977526,-
06633000,"Grebenstein, Stadt",40,5341,5281725,762500,-
06633000,Niestetal,40,11046,18213847,17409964,-
06633000,Wesertal,40,4754,2454342,2084997,-
06633010,"Kassel, Landkreisverwaltung",32,230626,155263349,13892691,-
06633100,Ahnatal,40,7549,20084280,19984822,-
06633100,Habichtswald,40,5197,4606426,4390232,-
06633100,Oberweser,-,-,-,-,-
06633200,"Bad Karlshafen, Stadt",40,3420,21885199,27500,-
06633200,Helsa,40,5348,5897227,5897227,-
06633200,Reinhardshagen,40,4260,6585979,6148479,300000
06633300,"Baunatal, Stadt",40,27782,4057425,3493996,-
06633300,"Hofgeismar, Stadt",40,14566,3184334,1575000,-
06633300,Schauenburg,40,10303,5476654,97839,-
06633400,Breuna,40,3375,6448325,733708,-
06633400,"Immenhausen, Stadt",40,6975,9927402,4362130,-
06633400,Söhrewald,40,4601,3599134,3599134,-
06633500,Calden,40,6842,14322377,14322377,-
06633500,"Kaufungen, Kunigundengemeinde",40,12815,7609266,-,-
06633500,"Trendelburg, Stadt",40,4799,6780859,6372026,-
06633600,Bad Emstal,40,5637,9589963,9303679,-
06633600,"Liebenau, Stadt",40,2928,5882891,5859491,-
06633600,"Vellmar, Stadt",40,17643,30654976,10524689,-
06633700,Espenau,40,5024,6591704,446042,-
06633700,Lohfelden,40,13843,9058094,196300,-
06633700,Wahlsburg,-,-,-,-,-
06633800,Fuldabrück,40,8459,17680522,15805000,-
06633800,"Naumburg, Stadt",40,5002,8174295,-,-
06633800,"Wolfhagen, Hans-Staden-Stadt",40,12628,14324480,2862462,-
06633900,Fuldatal,40,12407,45033317,-,3221057
06633900,Nieste,40,1934,1429385,1429385,-
06633900,"Zierenberg, Stadt",40,6148,13599174,13221589,-
06634000,Jesberg,40,2110,9234904,-,-
06634000,Ottrau,40,2200,9958051,66570,-
06634010,"Schwalm-Eder-Kreis, Landkreisverwaltung",32,179912,112855119,100090737,-
06634100,"Borken (Hessen), Stadt",40,12274,7391247,7366247,-
06634100,Knüllwald,40,4416,15162996,15162996,-
06634100,Schrecksbach,40,2927,10108537,9595774,-
06634200,Edermünde,40,7372,621254,-,-
06634200,Körle,40,3154,5362526,-,-
06634200,"Schwalmstadt, Konfirmationsstadt",40,18333,76506046,772950,-
06634300,"Felsberg, Stadt",40,10418,33312285,32510866,-
06634300,Malsfeld,40,3763,9437264,9414364,-
06634300,"Schwarzenborn, Stadt",40,1076,1248815,1242415,-
06634400,"Frielendorf, Marktflecken",40,7174,15747030,323860,-
06634400,"Melsungen, Stadt",40,13903,7800512,3779948,-
06634400,"Spangenberg, Liebenbachstadt",40,6004,22445976,22090799,-
06634500,"Fritzlar, Dom- und Kaiserstadt",40,14445,12056321,11409107,-
06634500,Morschen,40,3138,8938474,-,-
06634500,Wabern,40,7332,478835,-,-
06634600,Gilserberg,40,2896,7872995,25000,-
06634600,Neuental,40,3044,10176413,9976413,-
06634600,Willingshausen,40,4678,10999917,10780379,-
06634700,Bad Zwesten,40,3822,11713140,-,-
06634700,"Gudensberg, Stadt",40,9862,1876291,7917,-
06634700,"Neukirchen, Stadt",40,6800,17568920,18551,-
06634800,Guxhagen,40,5327,2765561,2765561,-
06634800,"Niedenstein, Stadt",40,5511,5956156,4061155,-
06634900,"Homberg (Efze), Reformationsstadt, Kreisstadt",40,14625,73683573,77500,-
06634900,Oberaula,40,3308,9399356,-,-
06635000,"Frankenau, Nationalparkstadt",40,2809,5865755,5653941,-
06635000,"Volkmarsen, Stadt",40,6445,5454484,566962,-
06635010,"Waldeck-Frankenberg, Landkreisverwaltung",32,155023,192072347,177984285,-
06635100,Allendorf (Eder),40,7428,2081749,177917,-
06635100,"Frankenberg (Eder), Philipp-Soldan-Stadt",40,17612,34599033,-,-
06635100,"Waldeck, Nationalparkstadt",40,6888,17342947,16782947,-
06635200,"Bad Arolsen, Stadt",40,15962,9517057,6884638,-
06635200,"Gemünden (Wohra), Stadt",40,3592,12144043,11990725,-
06635200,Willingen (Upland),40,5675,28512775,1264085,-
06635300,"Bad Wildungen, Stadt",40,17383,30686076,28006076,-
06635300,Haina (Kloster),40,3287,6202830,6202830,-
06635400,"Battenberg (Eder), Stadt",40,5499,11313463,41875,-
06635400,"Hatzfeld (Eder), Stadt",40,2875,10399999,-,-
06635500,Bromskirchen,-,-,-,-,-
06635500,"Korbach, Hansestadt, Kreisstadt",40,22954,40658755,29696691,-
06635600,Burgwald,40,4997,9668517,-,205308
06635600,"Lichtenfels, Stadt",40,4102,10424940,2196665,-
06635700,Diemelsee,40,4511,11902991,11880491,-
06635700,"Rosenthal, Stadt",40,2070,1234109,1234109,-
06635800,"Diemelstadt, Stadt",40,5123,9116248,691000,3496
06635800,Twistetal,40,4162,7426589,6946589,-
06635900,"Edertal, Nationalparkgemeinde",40,6173,4848452,416000,-
06635900,"Vöhl, Nationalparkgemeinde",40,5476,2376046,511800,-
06636000,Ringgau,40,2861,6954398,5954398,-
06636010,"Werra-Meißner-Kreis, Landkreisverwaltung",32,97937,79058311,72012337,-
06636100,"Bad Sooden-Allendorf, Stadt",40,8036,9848905,9848905,-
06636100,"Sontra, Stadt",40,7390,15199961,21000,-
06636200,Berkatal,40,1488,1481601,1231601,250000
06636200,"Waldkappel, Stadt",40,4091,16007996,15941196,-
06636300,"Eschwege, Kreisstadt",40,18855,35255722,758929,-
06636300,"Wanfried, Stadt",40,4024,10920761,665306,-
06636400,"Großalmerode, Stadt",40,6142,7709668,7709668,-
06636400,Wehretal,40,4932,14032981,14032981,-
06636500,Herleshausen,40,2714,2890642,2596694,-
06636500,Weißenborn,40,962,4836118,4586118,250000
06636600,"Hessisch Lichtenau, Stadt",40,12249,23418590,23388590,-
06636600,"Witzenhausen, Stadt",40,15192,17311151,192004,-
06636700,Meinhard,40,4326,10430706,10246787,-
06636800,Meißner,40,2939,6232585,278775,-
06636900,Neu-Eichenberg,40,1736,705619,705619,-
06700000,Landeswohlfahrtsverband Hessen,22,6248739,4962749,2462233,-
07111000,"Koblenz, kreisfreie Stadt",30,113221,430512726,390512726,-
07131000,Grafschaft,41,11047,22306080,20156080,-
07131000,"Remagen, Stadt",41,17655,9014213,-,-
07131010,"Ahrweiler, Landkreisverwaltung",32,128038,33720196,18220196,5500000
07131100,"Adenau, Stadt",50,2979,4045183,-,-
07131100,"Adenau, Verbandsgemeindeverwaltung",55,13102,1164077,1164077,-
07131100,Antweiler,50,507,324167,324167,-
07131100,Aremberg,50,205,-,-,-
07131100,Barweiler,50,400,-,-,-
07131100,Bauler,50,51,74451,-,74451
07131100,Dankerath,50,72,-,-,-
07131100,Dorsel,50,182,-,-,-
07131100,Eichenbach,50,73,-,-,-
07131100,Fuchshofen,50,94,3512,3512,-
07131100,Harscheid,50,146,-,-,-
07131100,Herschbroich,50,277,-,-,-
07131100,Hoffeld,50,302,43136,-,-
07131100,Honerath,50,169,142346,142346,-
07131100,Hümmel,50,493,-,-,-
07131100,Insul,50,458,28523,28523,-
07131100,Kaltenborn,50,351,-,-,-
07131100,Kottenborn,50,176,172542,172542,-
07131100,Leimbach,50,442,342495,342495,-
07131100,Meuspath,50,169,-,-,-
07131100,Müllenbach,50,510,-,-,-
07131100,Müsch,50,185,-,-,-
07131100,Nürburg,50,189,-,-,-
07131100,Ohlenhard,50,137,854254,-,854254
07131100,Pomster,50,153,7877,-,-
07131100,Quiddelbach,50,252,-,-,-
07131100,Reifferscheid,50,498,-,-,-
07131100,Rodder,50,241,-,-,-
07131100,Schuld,50,606,22660,-,-
07131100,Senscheid,50,82,-,-,-
07131100,Sierscheid,50,88,-,-,-
07131100,Trierscheid,50,76,-,-,-
07131100,Wershofen,50,926,909195,909195,-
07131100,Wiesemscheid,50,261,-,-,-
07131100,Wimbach,50,427,414100,-,-
07131100,Winnerath,50,194,-,-,-
07131100,Wirft,50,154,-,-,-
07131105,Dümpelfeld,50,577,-,-,-
07131200,Ahrbrück,50,1118,810751,-,353789
07131200,Altenahr,50,1541,9580971,-,-
07131200,"Altenahr, Verbandsgemeindeverwaltung",55,10126,7158382,-,5000000
07131200,Berg,50,1287,-,-,-
07131200,Dernau,50,1349,9427121,-,-
07131200,Heckenbach,50,234,-,-,-
07131200,Hönningen,50,1035,5193076,123644,-
07131200,Kalenborn,50,731,538065,-,-
07131200,Kesseling,50,560,198302,198302,-
07131200,Kirchsahr,50,364,-,-,-
07131200,Lind,50,568,-,-,-
07131200,Mayschoß,50,800,5108252,791194,4317058
07131200,Rech,50,539,10036695,966313,-
07131300,"Bad Breisig, Stadt",50,9592,13972796,8457884,-
07131300,"Bad Breisig, Verbandsgemeindeverwaltung",55,13649,14776385,-,-
07131300,Brohl-Lützing,50,2519,2489048,2489048,-
07131300,Gönnersdorf,50,646,655327,-,-
07131300,Waldorf,50,892,794899,794899,-
07131400,"Brohltal, Verbandsgemeindeverwaltung",55,18645,11232760,10662500,570260
07131400,Dedenbach,50,494,76851,-,-
07131400,Königsfeld,50,682,152519,-,-
07131400,Niederdürenbach,50,955,195823,195823,-
07131400,Niederzissen,50,2713,-,-,-
07131400,Oberdürenbach,50,659,187069,187069,-
07131400,Oberzissen,50,1114,729630,663291,56212
07131400,Schalkenbach,50,833,-,-,-
07131402,Brenk,50,183,172186,172186,-
07131402,Burgbrohl,50,3231,4028630,4028630,-
07131402,Galenberg,50,223,191114,191114,-
07131402,Glees,50,576,449214,447253,-
07131402,Hohenleimbach,50,349,-,-,-
07131402,Spessart,50,853,-,-,-
07131402,Wassenach,50,1234,309864,309864,-
07131402,Wehr,50,1135,1847590,1847590,-
07131402,Weibern,50,1531,643795,643795,-
07131405,Kempenich,50,1880,733942,-,-
07131700,"Bad Neuenahr-Ahrweiler, Stadt",41,26703,73852289,43852289,-
07131700,"Sinzig, Stadt",41,17111,22309520,-,-
07132000,Almersbach,50,405,-,-,-
07132000,"Altenkirchen-Flammersfeld, Verbandsgemeindeverwaltung",55,36369,30791787,30791787,-
07132000,Bachenberg,50,101,-,-,-
07132000,Berzhausen,50,210,-,-,-
07132000,Birnbach,50,676,-,-,-
07132000,Burglahr,50,479,21244,21244,-
07132000,Busenhausen,50,365,-,-,-
07132000,Bürdenbach,50,566,429895,429895,-
07132000,Eichelhardt,50,500,-,-,-
07132000,Eichen,50,560,-,-,-
07132000,Ersfeld,50,76,-,-,-
07132000,Eulenberg,50,50,95388,20743,74645
07132000,Fiersbach,50,284,-,-,-
07132000,Flammersfeld,50,1417,1118086,630596,487490
07132000,Fluterschen,50,634,-,-,-
07132000,Forstmehren,50,153,-,-,-
07132000,Gieleroth,50,686,-,-,-
07132000,Giershausen,50,94,-,-,-
07132000,Güllesheim,50,757,252828,-,-
07132000,Hasselbach,50,322,-,-,-
07132000,Helmenzen,50,936,-,-,-
07132000,Helmeroth,50,218,1825,1825,-
07132000,Hemmelzen,50,288,12920,12920,-
07132000,Heupelzen,50,250,-,-,-
07132000,Hilgenroth,50,295,-,-,-
07132000,Hirz-Maulsbach,50,324,-,-,-
07132000,Horhausen (Westerwald),50,2131,2168253,2168253,-
07132000,Idelberg,50,59,-,-,-
07132000,Ingelbach,50,511,-,-,-
07132000,Isert,50,109,-,-,-
07132000,Kescheid,50,133,-,-,-
07132000,Kettenhausen,50,316,-,-,-
07132000,Kircheib,50,551,-,-,-
07132000,Kraam,50,165,-,-,-
07132000,Krunkel,50,610,570968,570968,-
07132000,Mammelzen,50,1057,210150,-,-
07132000,Mehren,50,484,-,-,-
07132000,Michelbach (Westerwald),50,563,-,-,-
07132000,Neitersen,-,-,-,-,-
07132000,Niedersteinebach,50,205,312287,58557,253730
07132000,Obererbach (Westerwald),50,553,-,-,-
07132000,Oberirsen,50,632,-,-,-
07132000,Oberlahr,50,784,644013,644013,-
07132000,Obernau,-,-,-,-,-
07132000,Obersteinebach,50,240,22037,22037,-
07132000,Oberwambach,50,431,-,-,-
07132000,Orfgen,50,238,108752,108752,-
07132000,Peterslahr,50,328,14613,14613,-
07132000,Pleckhausen,50,850,993667,993667,-
07132000,Racksen,50,141,-,-,-
07132000,Reiferscheid,50,416,84044,20849,-
07132000,Rettersen,50,364,-,-,-
07132000,Rott,50,378,97583,97583,-
07132000,Schöneberg,50,435,119835,119835,-
07132000,Ölsen,50,77,-,-,-
07132001,Schürdt,50,282,-,-,-
07132001,Seelbach (Westerwald),50,291,362197,163310,198887
07132001,Seifen,50,117,232431,70273,162158
07132001,Stürzelbach,50,229,-,-,-
07132001,Sörth,50,260,-,-,-
07132001,Volkerzen,50,82,-,-,-
07132001,Walterschen,50,163,61482,-,-
07132001,Werkhausen,50,225,-,-,-
07132001,Weyerbusch,50,1438,99703,99703,-
07132001,Willroth,50,965,1246334,-,-
07132001,Wölmersen,50,378,-,-,-
07132001,Ziegenhain,50,167,-,-,-
07132002,Berod bei Hachenburg,50,602,-,-,-
07132005,"Altenkirchen (Westerwald), Stadt",50,6656,3799197,3799197,-
07132005,Neitersen,50,1107,46862,46862,-
07132010,"Altenkirchen (Westerwald), Landkreisverwaltung",32,131872,94258993,94258993,-
07132100,Almersbach,-,-,-,-,-
07132100,"Altenkirchen (Ww.), Verbandsgemeindeverwaltung",-,-,-,-,-
07132100,Bachenberg,-,-,-,-,-
07132100,Birnbach,-,-,-,-,-
07132100,Busenhausen,-,-,-,-,-
07132100,Eichelhardt,-,-,-,-,-
07132100,Ersfeld,-,-,-,-,-
07132100,Fiersbach,-,-,-,-,-
07132100,Fluterschen,-,-,-,-,-
07132100,Forstmehren,-,-,-,-,-
07132100,Gieleroth,-,-,-,-,-
07132100,Hasselbach,-,-,-,-,-
07132100,Helmenzen,-,-,-,-,-
07132100,Helmeroth,-,-,-,-,-
07132100,Hemmelzen,-,-,-,-,-
07132100,Heupelzen,-,-,-,-,-
07132100,Hilgenroth,-,-,-,-,-
07132100,Hirz-Maulsbach,-,-,-,-,-
07132100,Idelberg,-,-,-,-,-
07132100,Ingelbach,-,-,-,-,-
07132100,Isert,-,-,-,-,-
07132100,Kettenhausen,-,-,-,-,-
07132100,Kircheib,-,-,-,-,-
07132100,Kraam,-,-,-,-,-
07132100,Mammelzen,-,-,-,-,-
07132100,Mehren,-,-,-,-,-
07132100,Michelbach (Westerwald),-,-,-,-,-
07132100,Neitersen,-,-,-,-,-
07132100,Obererbach (Westerwald),-,-,-,-,-
07132100,Oberirsen,-,-,-,-,-
07132100,Oberwambach,-,-,-,-,-
07132100,Racksen,-,-,-,-,-
07132100,Rettersen,-,-,-,-,-
07132100,Schöneberg,-,-,-,-,-
07132100,Ölsen,-,-,-,-,-
07132101,Stürzelbach,-,-,-,-,-
07132101,Sörth,-,-,-,-,-
07132101,Volkerzen,-,-,-,-,-
07132101,Werkhausen,-,-,-,-,-
07132101,Weyerbusch,-,-,-,-,-
07132101,Wölmersen,-,-,-,-,-
07132102,Berod bei Hachenburg,-,-,-,-,-
07132105,"Altenkirchen (Westerwald), Stadt",-,-,-,-,-
07132300,"Daaden, Stadt",50,4336,1193832,1193832,-
07132300,"Daaden-Herdorf, Verbandsgemeindeverwaltung",55,17731,1178014,-,-
07132300,Derschen,50,987,160869,160869,-
07132300,Emmerzhausen,50,659,-,-,-
07132300,Friedewald,50,1118,-,-,-
07132300,"Herdorf, Stadt",50,6566,11672973,-,4109826
07132300,Mauden,50,117,84730,27958,56772
07132300,Niederdreisbach,50,857,92879,-,-
07132300,Nisterberg,50,353,-,-,-
07132301,Schutzbach,50,372,168974,168974,-
07132301,Weitefeld,50,2366,20076,20076,-
07132400,Berzhausen,-,-,-,-,-
07132400,Burglahr,-,-,-,-,-
07132400,Bürdenbach,-,-,-,-,-
07132400,Eichen,-,-,-,-,-
07132400,Eulenberg,-,-,-,-,-
07132400,Flammersfeld,-,-,-,-,-
07132400,"Flammersfeld, Verbandsgemeindeverwaltung",-,-,-,-,-
07132400,Giershausen,-,-,-,-,-
07132400,Güllesheim,-,-,-,-,-
07132400,Horhausen (Westerwald),-,-,-,-,-
07132400,Kescheid,-,-,-,-,-
07132400,Krunkel,-,-,-,-,-
07132400,Niedersteinebach,-,-,-,-,-
07132400,Oberlahr,-,-,-,-,-
07132400,Obernau,-,-,-,-,-
07132400,Obersteinebach,-,-,-,-,-
07132400,Orfgen,-,-,-,-,-
07132400,Peterslahr,-,-,-,-,-
07132400,Pleckhausen,-,-,-,-,-
07132400,Reiferscheid,-,-,-,-,-
07132400,Rott,-,-,-,-,-
07132401,Schürdt,-,-,-,-,-
07132401,Seelbach (Westerwald),-,-,-,-,-
07132401,Seifen,-,-,-,-,-
07132401,Walterschen,-,-,-,-,-
07132401,Willroth,-,-,-,-,-
07132401,Ziegenhain,-,-,-,-,-
07132600,Birkenbeul,50,434,144326,-,-
07132600,Bitzen,50,772,97125,97125,-
07132600,Breitscheidt,50,1016,290558,290558,-
07132600,Bruchertseifen,50,772,255588,255588,-
07132600,Etzbach,50,1325,-,-,-
07132600,Forst,50,610,268864,268864,-
07132600,Fürthen,50,1216,874419,346530,527889
07132600,Hamm (Sieg),50,3770,3618367,2610315,1008052
07132600,"Hamm (Sieg), Verbandsgemeindeverwaltung",55,13136,10165434,5344256,521178
07132600,Niederirsen,50,92,19139,19139,-
07132600,Pracht,50,1478,580364,-,-
07132600,Roth,50,1517,775088,775088,-
07132601,Seelbach bei Hamm (Sieg),50,134,-,-,-
07132700,Brachbach,50,2340,194382,194382,-
07132700,Friesenhagen,50,1594,427272,-,-
07132700,Harbach,50,525,10480,10480,-
07132700,"Kirchen (Sieg), Stadt",50,8287,19135967,-,-
07132700,"Kirchen (Sieg), Verbandsgemeindeverwaltung",55,22846,10072354,-,5500000
07132700,Mudersbach,50,5952,8241766,-,-
07132700,Niederfischbach,50,4148,5518606,-,-
07132800,Birken-Honigsessen,50,2493,5128731,2514822,2613909
07132800,Hövels,50,523,1178078,528837,649241
07132800,Katzwinkel (Sieg),50,1774,4649503,-,-
07132800,Mittelhof,50,1009,466310,-,-
07132800,"Wissen, Verbandsgemeindeverwaltung",55,15172,38686351,-,1220402
07132801,Selbach (Sieg),50,783,712429,-,-
07132801,"Wissen, Stadt",50,8590,32482269,-,12426584
07132900,Alsdorf,50,1496,755448,-,129163
07132900,"Betzdorf, Stadt",50,10313,27792300,11515829,16276471
07132900,"Betzdorf-Gebhardshain, Verbandsgemeindeverwaltung",55,26618,30174263,-,20000000
07132900,Dickendorf,50,353,15558,15558,-
07132900,Elben,50,334,38851,38851,-
07132900,Elkenroth,50,1820,143659,143659,-
07132900,Fensdorf,50,385,199346,199346,-
07132900,Gebhardshain,50,1886,-,-,-
07132900,Grünebach,50,513,567710,-,-
07132900,Kausen,50,784,175355,175355,-
07132900,Malberg,50,1024,66619,-,-
07132900,Molzhain,50,548,376827,376827,-
07132900,Nauroth,50,1245,546128,-,-
07132900,Rosenheim (Landkreis Altenkirchen),50,730,400246,400246,-
07132900,Scheuerfeld,50,2114,1169928,680894,489034
07132901,Steinebach/Sieg,50,1333,121604,121604,-
07132901,Steineroth,50,549,165991,165991,-
07132901,Wallmenroth,50,1191,1706128,-,-
07133000,Abtweiler,50,193,412474,35343,-
07133000,Auen,50,191,32227,-,-
07133000,Becherbach,50,863,1122766,118774,-
07133000,Breitenheim,50,400,58416,58416,-
07133000,Bärweiler,50,223,170377,-,-
07133000,Callbach,50,343,108001,-,-
07133000,Daubach,50,230,-,-,-
07133000,Desloch,50,325,113814,-,-
07133000,Hundsbach,50,370,25989,25989,-
07133000,Ippenschied,50,146,-,-,-
07133000,Jeckenbach,50,209,471321,16057,-
07133000,Kirschroth,50,288,177612,-,-
07133000,Langenthal,50,83,228066,5088,222978
07133000,Lauschied,50,546,676066,-,676066
07133000,Lettweiler,50,210,-,-,-
07133000,Löllbach,50,187,526980,193800,-
07133000,Martinstein,50,262,19183,19183,-
07133000,Meddersheim,50,1333,1106596,322495,-
07133000,"Meisenheim, Stadt",50,2840,526002,526002,-
07133000,Merxheim,50,1451,208891,208891,-
07133000,Monzingen,50,1569,360714,-,-
07133000,"Nahe-Glan, Verbandsgemeindeverwaltung",55,25248,21801195,-,8814917
07133000,Nußbaum,50,461,36652,-,36652
07133000,Odernheim am Glan,50,1743,2157731,855337,1302394
07133000,Raumbach,50,426,-,-,-
07133000,Rehbach,50,44,22340,-,22340
07133000,Rehborn,50,682,18278,-,-
07133000,Reiffelbach,50,232,-,-,-
07133000,Schmittweiler,50,176,221424,5882,-
07133000,Schweinschied,50,150,4306,-,-
07133000,Seesbach,50,522,286468,185365,101103
07133001,Staudernheim,50,1405,1730573,-,-
07133001,Weiler bei Monzingen,50,453,-,-,-
07133001,Winterburg,50,211,18188,15634,2554
07133005,"Bad Sobernheim, Stadt",50,6481,4621431,3557151,1064280
07133010,"Bad Kreuznach, Landkreisverwaltung",32,164194,233699856,-,105500000
07133100,Altenbamberg,50,820,1097730,-,-
07133100,"Bad Kreuznach, Verbandsgemeindeverwaltung",55,13615,2420198,1763268,-
07133100,Biebelsheim,50,717,-,-,-
07133100,Bretzenheim,50,2765,1660191,1660191,-
07133100,Daxweiler,50,739,-,-,-
07133100,Dorsheim,50,758,-,-,-
07133100,Dörrebach,50,744,-,-,-
07133100,Eckenroth,50,217,-,-,-
07133100,Feilbingert,50,1548,22585,-,22585
07133100,Frei-Laubersheim,50,1059,-,-,-
07133100,Fürfeld,50,1672,185254,-,-
07133100,Guldental,50,2480,-,-,-
07133100,Hackenheim,50,2160,71905,-,-
07133100,Hallgarten,50,806,989648,314319,675329
07133100,Hochstätten,50,655,1323813,226559,1097254
07133100,Langenlonsheim,50,4217,-,-,-
07133100,"Langenlonsheim-Stromberg, Verbandsgemeindeverwaltung",55,23989,4664860,3305702,759158
07133100,Laubenheim,50,847,832895,-,-
07133100,Neu-Bamberg,50,967,-,-,-
07133100,Pfaffen-Schwabenheim,50,1545,1246980,1242701,4279
07133100,Pleitersheim,50,352,-,-,-
07133100,Roth,50,275,1004053,-,-
07133100,Rümmelsheim,50,1398,115978,115978,-
07133100,Schweppenhausen,50,921,63544,-,-
07133100,Schöneberg,50,622,-,-,-
07133100,Seibersbach,50,1294,2150450,-,-
07133101,"Stromberg, Stadt",50,3520,2262262,19101,541851
07133101,Tiefenthal,50,136,-,-,-
07133101,Volxheim,50,1178,-,-,-
07133101,Waldlaubersheim,50,844,1850,-,-
07133101,Warmsroth,50,537,-,-,-
07133101,Windesheim,50,1811,-,-,-
07133200,"Kirn, Stadt",-,-,-,-,-
07133300,Becherbach bei Kirn,-,-,-,-,-
07133300,Brauweiler,-,-,-,-,-
07133300,Bärenbach,-,-,-,-,-
07133300,Hahnenbach,-,-,-,-,-
07133300,Heimweiler,-,-,-,-,-
07133300,Heinzenberg,-,-,-,-,-
07133300,Hennweiler,-,-,-,-,-
07133300,Hochstetten-Dhaun,-,-,-,-,-
07133300,Horbach,-,-,-,-,-
07133300,"Kirn-Land, Verbandsgemeindeverwaltung",-,-,-,-,-
07133300,Limbach,-,-,-,-,-
07133300,Meckenbach,-,-,-,-,-
07133300,Oberhausen bei Kirn,-,-,-,-,-
07133300,Otzweiler,-,-,-,-,-
07133300,Simmertal,-,-,-,-,-
07133301,Weitersborn,-,-,-,-,-
07133302,Bruschied,-,-,-,-,-
07133302,Kellenbach,-,-,-,-,-
07133302,Königsau,-,-,-,-,-
07133302,Schneppenbach,-,-,-,-,-
07133302,Schwarzerden,-,-,-,-,-
07133400,Bretzenheim,-,-,-,-,-
07133400,Dorsheim,-,-,-,-,-
07133400,Guldental,-,-,-,-,-
07133400,Langenlonsheim,-,-,-,-,-
07133400,"Langenlonsheim, Verbandsgemeindeverwaltung",-,-,-,-,-
07133400,Laubenheim,-,-,-,-,-
07133400,Rümmelsheim,-,-,-,-,-
07133401,Windesheim,-,-,-,-,-
07133500,Abtweiler,-,-,-,-,-
07133500,Becherbach,-,-,-,-,-
07133500,Breitenheim,-,-,-,-,-
07133500,Callbach,-,-,-,-,-
07133500,Desloch,-,-,-,-,-
07133500,Hundsbach,-,-,-,-,-
07133500,Jeckenbach,-,-,-,-,-
07133500,Lettweiler,-,-,-,-,-
07133500,Löllbach,-,-,-,-,-
07133500,"Meisenheim, Stadt",-,-,-,-,-
07133500,"Meisenheim, Verbandsgemeindeverwaltung",-,-,-,-,-
07133500,Raumbach,-,-,-,-,-
07133500,Rehborn,-,-,-,-,-
07133500,Reiffelbach,-,-,-,-,-
07133500,Schmittweiler,-,-,-,-,-
07133500,Schweinschied,-,-,-,-,-
07133600,Allenfeld,50,212,-,-,-
07133600,Argenschwang,50,349,-,-,-
07133600,"Bad Kreuznach, Stadt",41,53653,84677806,57718177,21179629
07133600,Bockenau,50,1194,-,-,-
07133600,Boos,50,354,-,-,-
07133600,Braunweiler,50,642,205823,-,71183
07133600,Burgsponheim,50,229,97779,-,37411
07133600,Dalberg,50,227,-,-,-
07133600,Duchroth,50,557,-,-,-
07133600,Gebroth,50,149,-,-,-
07133600,Gutenberg,50,1034,229807,-,229807
07133600,Hargesheim,50,2974,-,-,-
07133600,Hergenfeld,50,505,-,-,-
07133600,Hüffelsheim,50,1288,957814,-,227894
07133600,Mandel,50,926,504657,-,374657
07133600,Münchwald,50,286,-,-,-
07133600,Niederhausen,50,607,464845,226380,238465
07133600,Norheim,50,1584,71117,-,-
07133600,Oberhausen an d.Nahe,50,368,-,-,-
07133600,Oberstreit,50,279,-,-,-
07133600,Roxheim,50,2833,-,-,-
07133600,"Rüdesheim, Verbandsgemeindeverwaltung",55,29262,402559,206546,-
07133600,Sankt Katharinen,50,382,-,-,-
07133600,Schloßböckelheim,50,375,-,-,-
07133600,Sommerloch,50,402,-,-,-
07133600,Spabrücken,50,1198,-,-,-
07133601,Rüdesheim,50,2655,-,-,-
07133601,Spall,50,192,-,-,-
07133601,Sponheim,50,761,188892,188892,-
07133601,Traisen,50,599,-,-,-
07133601,Waldböckelheim,50,2229,-,-,-
07133601,Wallhausen,50,1599,-,-,-
07133601,Weinsheim,50,1783,339389,4109,-
07133601,Winterbach,50,490,136259,-,136259
07133700,Auen,-,-,-,-,-
07133700,"Bad Sobernheim, Verbandsgemeindeverwaltung",-,-,-,-,-
07133700,Bärweiler,-,-,-,-,-
07133700,Daubach,-,-,-,-,-
07133700,Ippenschied,-,-,-,-,-
07133700,Kirschroth,-,-,-,-,-
07133700,Langenthal,-,-,-,-,-
07133700,Lauschied,-,-,-,-,-
07133700,Martinstein,-,-,-,-,-
07133700,Meddersheim,-,-,-,-,-
07133700,Merxheim,-,-,-,-,-
07133700,Monzingen,-,-,-,-,-
07133700,Nußbaum,-,-,-,-,-
07133700,Odernheim am Glan,-,-,-,-,-
07133700,Rehbach,-,-,-,-,-
07133700,Seesbach,-,-,-,-,-
07133701,Staudernheim,-,-,-,-,-
07133701,Weiler bei Monzingen,-,-,-,-,-
07133701,Winterburg,-,-,-,-,-
07133705,"Bad Sobernheim, Stadt",-,-,-,-,-
07133800,Daxweiler,-,-,-,-,-
07133800,Dörrebach,-,-,-,-,-
07133800,Eckenroth,-,-,-,-,-
07133800,Roth,-,-,-,-,-
07133800,Schweppenhausen,-,-,-,-,-
07133800,Schöneberg,-,-,-,-,-
07133800,Seibersbach,-,-,-,-,-
07133800,"Stromberg, Verbandsgemeindeverwaltung",-,-,-,-,-
07133801,"Stromberg, Stadt",-,-,-,-,-
07133801,Waldlaubersheim,-,-,-,-,-
07133801,Warmsroth,-,-,-,-,-
07133900,Becherbach bei Kirn,50,457,307709,-,-
07133900,Brauweiler,50,66,101917,3081,98836
07133900,Bärenbach,50,483,226722,-,-
07133900,Hahnenbach,50,559,162906,-,-
07133900,Heimweiler,50,414,2639,2639,-
07133900,Heinzenberg,50,23,-,-,-
07133900,Hennweiler,50,1227,2040992,-,-
07133900,Hochstetten-Dhaun,50,1654,30347,30347,-
07133900,Horbach,50,46,93016,37943,-
07133900,"Kirn, Stadt",50,8569,16869667,-,13853926
07133900,"Kirner-Land, Verbandsgemeindeverwaltung",55,18427,19675664,-,16508870
07133900,Limbach,50,285,247,247,-
07133900,Meckenbach,50,357,-,-,-
07133900,Oberhausen bei Kirn,50,896,863535,-,-
07133900,Otzweiler,50,189,364936,-,-
07133900,Simmertal,50,1894,430794,46021,-
07133901,Weitersborn,50,195,38471,-,-
07133902,Bruschied,50,332,-,-,-
07133902,Kellenbach,50,237,24408,24408,-
07133902,Königsau,50,66,-,-,-
07133902,Schneppenbach,50,232,-,-,-
07133902,Schwarzerden,50,246,-,-,-
07134010,"Birkenfeld, Landkreisverwaltung",32,82514,125427264,-,-
07134100,"Baumholder, Stadt",50,4198,6414875,4153173,2261702
07134100,"Baumholder, Verbandsgemeindeverwaltung",55,9427,4676729,2350148,2326581
07134100,Berglangenbach,50,447,382880,382880,-
07134100,Berschweiler bei Baumholder,50,541,56880,-,-
07134100,Eckersweiler,50,174,-,-,-
07134100,Fohren-Linden,50,320,-,-,-
07134100,Frauenberg,50,364,351647,-,-
07134100,Hahnweiler,50,178,87496,-,-
07134100,Heimbach,50,1023,575791,575791,-
07134100,Leitzweiler,50,100,-,-,-
07134100,Mettweiler,50,225,1090,1090,-
07134100,Reichenbach,50,520,85934,85934,-
07134100,Rohrbach,50,171,246096,194425,-
07134100,Ruschberg,50,788,116314,116314,-
07134100,Rückweiler,50,378,376322,376322,-
07134200,Abentheuer,50,438,282182,-,-
07134200,Achtelsbach,50,377,-,-,-
07134200,"Birkenfeld, Stadt",50,7042,18410891,-,-
07134200,"Birkenfeld, Verbandsgemeindeverwaltung",55,20315,44681107,-,24500000
07134200,Brücken,50,1270,-,-,-
07134200,Buhlenberg,50,470,15400,-,-
07134200,Börfink,50,173,15552,-,-
07134200,Dambach,50,154,42520,42520,-
07134200,Dienstweiler,50,337,-,-,-
07134200,Elchweiler,50,103,47615,-,-
07134200,Ellenberg,50,88,-,-,-
07134200,Ellweiler,50,341,257269,-,-
07134200,Gimbweiler,50,401,1283066,-,-
07134200,Gollenberg,50,120,14951,-,-
07134200,Hattgenstein,50,257,25572,-,-
07134200,Hoppstädten-Weiersbach,50,3291,760612,168285,-
07134200,Kronweiler,50,324,303054,-,-
07134200,Leisel,50,538,174432,-,-
07134200,Meckenbach,50,109,34222,-,-
07134200,Niederbrombach,50,513,345448,-,345448
07134200,Niederhambach,50,323,264324,-,-
07134200,Nohen,50,350,194494,-,-
07134200,Oberbrombach,50,393,272661,237772,34889
07134200,Oberhambach,50,261,-,-,-
07134200,Rimsberg,50,119,-,-,-
07134200,Rinzenberg,50,326,73824,-,-
07134200,Rötsweiler-Nockenthal,50,460,114449,-,114449
07134200,Schmißberg,50,197,-,-,-
07134200,Schwollen,50,455,-,-,-
07134200,Siesbach,50,347,47044,-,-
07134200,Sonnenberg-Winnenberg,50,448,346178,-,-
07134200,Wilzenberg-Hußweiler,50,290,-,-,-
07134300,Allenbach,-,-,-,-,-
07134300,Bergen,-,-,-,-,-
07134300,Berschweiler bei Kirn,-,-,-,-,-
07134300,Breitenthal,-,-,-,-,-
07134300,Bruchweiler,-,-,-,-,-
07134300,Dickesbach,-,-,-,-,-
07134300,Fischbach,-,-,-,-,-
07134300,Gerach,-,-,-,-,-
07134300,Griebelschied,-,-,-,-,-
07134300,Herborn,-,-,-,-,-
07134300,Herrstein,-,-,-,-,-
07134300,"Herrstein, Verbandsgemeindeverwaltung",-,-,-,-,-
07134300,Hettenrodt,-,-,-,-,-
07134300,Hintertiefenbach,-,-,-,-,-
07134300,Kempfeld,-,-,-,-,-
07134300,Kirschweiler,-,-,-,-,-
07134300,Mackenrodt,-,-,-,-,-
07134300,Mittelreidenbach,-,-,-,-,-
07134300,Mörschied,-,-,-,-,-
07134300,Niederhosenbach,-,-,-,-,-
07134300,Niederwörresbach,-,-,-,-,-
07134300,Oberhosenbach,-,-,-,-,-
07134300,Oberreidenbach,-,-,-,-,-
07134300,Oberwörresbach,-,-,-,-,-
07134300,Schmidthachenbach,-,-,-,-,-
07134300,Sensweiler,-,-,-,-,-
07134300,Sien,-,-,-,-,-
07134300,Sienhachenbach,-,-,-,-,-
07134300,Sonnschied,-,-,-,-,-
07134300,Veitsrodt,-,-,-,-,-
07134300,Vollmersbach,-,-,-,-,-
07134300,Weiden,-,-,-,-,-
07134300,Wickenrodt,-,-,-,-,-
07134300,Wirschweiler,-,-,-,-,-
07134305,Langweiler,-,-,-,-,-
07134400,Asbach,-,-,-,-,-
07134400,Bollenbach,-,-,-,-,-
07134400,Bundenbach,-,-,-,-,-
07134400,Gösenroth,-,-,-,-,-
07134400,Hausen,-,-,-,-,-
07134400,Hellertshausen,-,-,-,-,-
07134400,Horbruch,-,-,-,-,-
07134400,Hottenbach,-,-,-,-,-
07134400,Krummenau,-,-,-,-,-
07134400,Oberkirn,-,-,-,-,-
07134400,Rhaunen,-,-,-,-,-
07134400,"Rhaunen, Verbandsgemeindeverwaltung",-,-,-,-,-
07134400,Schauren,-,-,-,-,-
07134400,Schwerbach,-,-,-,-,-
07134400,Stipshausen,-,-,-,-,-
07134400,Sulzbach,-,-,-,-,-
07134400,Weitersbach,-,-,-,-,-
07134500,Allenbach,50,639,273719,-,-
07134500,Asbach,50,141,-,-,-
07134500,Bergen,50,481,-,-,-
07134500,Berschweiler bei Kirn,50,260,-,-,-
07134500,Bollenbach,50,131,-,-,-
07134500,Breitenthal,50,339,-,-,-
07134500,Bruchweiler,50,545,90662,90662,-
07134500,Bundenbach,50,867,256124,-,-
07134500,Dickesbach,50,420,238947,238947,-
07134500,Fischbach,50,859,619590,-,243179
07134500,Gerach,50,233,-,-,-
07134500,Griebelschied,50,184,-,-,-
07134500,Gösenroth,50,239,-,-,-
07134500,Hausen,50,177,-,-,-
07134500,Hellertshausen,50,198,-,-,-
07134500,Herborn,50,517,-,-,-
07134500,Herrstein,50,789,91932,-,91932
07134500,"Herrstein-Rhaunen, Verbandsgemeindeverwaltung",55,22737,6020428,6020428,-
07134500,Hettenrodt,50,665,128825,-,-
07134500,Hintertiefenbach,50,316,113453,-,-
07134500,Horbruch,50,368,415329,415329,-
07134500,Hottenbach,50,565,415549,347928,-
07134500,"Idar-Oberstein, Stadt",41,30035,17533223,5533223,-
07134500,Kempfeld,50,781,466639,-,-
07134500,Kirschweiler,50,1077,-,-,-
07134500,Krummenau,50,157,147783,-,-
07134500,Mackenrodt,50,359,-,-,-
07134500,Mittelreidenbach,50,775,140328,-,-
07134500,Mörschied,50,741,374329,-,-
07134500,Niederhosenbach,50,303,-,-,-
07134500,Niederwörresbach,50,834,137494,-,-
07134500,Oberhosenbach,50,120,30642,-,-
07134500,Oberkirn,50,335,20916,-,-
07134500,Oberreidenbach,50,587,-,-,-
07134500,Oberwörresbach,50,114,-,-,-
07134500,Rhaunen,50,2308,3134506,-,-
07134500,Schauren,50,487,-,-,-
07134500,Schmidthachenbach,50,380,56938,56938,-
07134500,Schwerbach,50,56,-,-,-
07134500,Sensweiler,50,416,193114,-,-
07134500,Sien,50,548,146557,146557,-
07134500,Sienhachenbach,50,183,-,-,-
07134500,Sonnschied,50,101,-,-,-
07134500,Stipshausen,50,814,87759,87759,-
07134500,Sulzbach,50,292,-,-,-
07134500,Veitsrodt,50,701,143716,-,-
07134500,Vollmersbach,50,461,110727,-,-
07134500,Weiden,50,74,-,-,-
07134500,Weitersbach,50,88,-,-,-
07134500,Wickenrodt,50,163,-,-,-
07134500,Wirschweiler,50,298,-,-,-
07134505,Langweiler,50,251,75431,-,-
07135010,"Cochem-Zell, Landkreisverwaltung",32,61384,42848557,34485240,-
07135100,Beilstein,50,162,14347,14347,-
07135100,Bremm,50,716,300719,300719,-
07135100,Briedern,50,360,129752,129752,-
07135100,Bruttig-Fankel,50,1139,300501,300501,-
07135100,"Cochem, Stadt",50,4977,2275643,-,-
07135100,"Cochem, Verbandsgemeindeverwaltung",55,19159,8025749,-,-
07135100,Dohr,50,609,88997,88997,-
07135100,Ediger-Eller,50,903,-,-,-
07135100,Ellenz-Poltersdorf,50,832,188732,188732,-
07135100,Ernst,50,543,216692,216692,-
07135100,Faid,50,1021,760012,-,-
07135100,Greimersburg,50,697,316781,316781,-
07135100,Klotten,50,1189,929005,929005,-
07135100,Lieg,50,380,-,-,-
07135100,Lütz,50,277,46672,46672,-
07135100,Mesenich,50,294,380752,380752,-
07135100,Moselkern,50,568,631196,197727,408469
07135100,Müden (Mosel),50,651,736327,57012,679315
07135100,Nehren,50,114,-,-,-
07135100,Pommern,50,419,572544,391649,180895
07135100,Senheim,50,546,62216,62216,-
07135100,Treis-Karden,50,2103,291647,291647,-
07135100,Valwig,50,442,123089,123089,-
07135100,Wirfus,50,217,8937,8937,-
07135200,Binningen,50,703,1487698,1422255,65443
07135200,Brachtendorf,50,251,250571,-,-
07135200,Brieden,50,159,171000,171000,-
07135200,Brohl,50,338,48800,-,-
07135200,Dünfus,50,288,189098,-,-
07135200,Düngenheim,50,1319,515625,515625,-
07135200,Eppenberg,50,243,72581,-,-
07135200,Eulgem,50,186,-,-,-
07135200,Forst (Eifel),50,380,544883,-,-
07135200,Gamlen,50,516,-,-,-
07135200,Hambuch,50,730,1524498,760070,764428
07135200,Hauroth,50,323,17813,-,-
07135200,Illerich,50,805,30000,-,-
07135200,Kaifenheim,50,811,1034923,488048,-
07135200,Kail,50,291,205939,-,80120
07135200,"Kaisersesch, Stadt",50,3226,3550500,-,-
07135200,"Kaisersesch, Verbandsgemeindeverwaltung",55,15814,7466378,6566378,-
07135200,Kalenborn,50,248,86426,-,-
07135200,Landkern,50,937,-,-,-
07135200,Laubach,50,656,133569,-,-
07135200,Masburg,50,1049,321421,321421,-
07135200,Möntenich,50,114,159871,-,-
07135200,Müllenbach,50,655,855760,407475,-
07135200,Roes,50,493,148651,-,-
07135200,Urmersbach,50,462,-,-,-
07135200,Zettingen,50,268,785635,-,443302
07135205,Leienkaul,50,363,885284,-,-
07135300,Alflen,50,793,1077691,745451,332240
07135300,Auderath,50,633,371868,173792,198076
07135300,Beuren,50,431,-,-,-
07135300,Büchel,50,1244,10278435,-,-
07135300,Filz,50,83,67142,-,67142
07135300,Gevenich,50,696,5250,5250,-
07135300,Gillenbeuren,50,250,-,-,-
07135300,Kliding,50,223,11902,11902,-
07135300,Lutzerath,50,1510,1906067,-,-
07135300,Schmitt,50,122,166286,39906,126380
07135300,"Ulmen, Stadt",50,3402,4952588,2182484,-
07135300,"Ulmen, Verbandsgemeindeverwaltung",55,11113,12366793,2496678,9416144
07135300,Urschmitt,50,198,418240,62900,355340
07135300,Wagenhausen,50,66,43539,-,-
07135300,Weiler,50,275,-,-,-
07135300,Wollmerath,50,200,156329,72283,84046
07135305,Bad Bertrich,50,987,10326435,2811942,7514493
07135500,Alf,50,811,740706,236869,503837
07135500,Altlay,50,440,159750,-,-
07135500,Altstrimmig,50,326,104061,-,-
07135500,Blankenrath,50,1652,1482957,1482957,-
07135500,Briedel,50,876,664021,-,-
07135500,Bullay,50,1668,781455,744479,-
07135500,Forst (Hunsrück),50,61,-,-,-
07135500,Grenderich,50,373,175510,-,-
07135500,Haserich,50,208,-,-,-
07135500,Hesweiler,50,116,-,-,-
07135500,Liesenich,50,297,-,-,-
07135500,Mittelstrimmig,50,400,-,-,-
07135500,Moritzheim,50,136,125272,125272,-
07135500,Neef,50,400,507105,385393,-
07135500,Panzweiler,50,277,-,-,-
07135500,Peterswald-Löffelscheid,50,725,-,-,-
07135500,Pünderich,50,811,224850,224850,-
07135500,Reidenhausen,50,179,-,-,-
07135500,Sankt Aldegund,50,513,-,-,-
07135500,Schauren,50,425,-,-,-
07135500,Sosberg,50,163,-,-,-
07135500,Tellig,50,289,120765,-,-
07135500,Walhausen,50,224,-,-,-
07135500,"Zell (Mosel), Stadt",50,3928,3019282,-,-
07135500,"Zell (Mosel), Verbandsgemeindeverwaltung",55,15298,16452528,9667891,6784637
07137010,"Mayen-Koblenz, Landkreisverwaltung",32,216511,106406549,62386549,-
07137100,Kretz,50,728,551161,551161,-
07137100,Kruft,50,4750,9300347,7355623,1944724
07137100,Nickenich,50,3653,3466581,3466581,-
07137100,"Pellenz, Verbandsgemeindeverwaltung",55,17301,8498813,8498813,-
07137100,Plaidt,50,5995,12152823,11315821,837002
07137100,Saffig,50,2175,1471418,1188365,-
07137200,Einig,50,144,26315,-,-
07137200,Gappenach,50,334,111082,-,-
07137200,Gering,50,409,-,-,-
07137200,Gierschnach,50,271,-,-,-
07137200,Kalt,50,452,-,-,-
07137200,Kerben,50,519,-,-,-
07137200,Kollig,50,616,-,-,-
07137200,Lonnig,50,1233,112417,-,-
07137200,"Maifeld, Verbandsgemeindeverwaltung",55,24603,21750458,-,12212271
07137200,Mertloch,50,1343,101309,101309,-
07137200,Naunheim,50,459,751709,706959,44750
07137200,Ochtendung,50,5419,13596139,-,-
07137200,Pillig,50,499,240411,-,-
07137200,"Polch, Stadt",50,6701,16290601,-,2022789
07137200,Rüber,50,892,1788747,-,-
07137201,Trimbs,50,597,612142,-,-
07137201,Welling,50,940,2392137,-,-
07137201,Wierschem,50,339,122515,122515,-
07137205,"Münstermaifeld, Stadt",50,3436,13184272,6241165,6943107
07137300,Acht,50,81,60056,-,-
07137300,"Andernach, Stadt",41,29998,35077116,-,-
07137300,Anschau,50,281,570024,570024,-
07137300,Arft,50,236,-,-,-
07137300,Baar,50,744,154323,154323,-
07137300,"Bendorf, Stadt",41,17694,58835604,20364529,16471075
07137300,Bermel,50,360,-,-,-
07137300,Boos,50,613,393490,393490,-
07137300,Ditscheid,50,253,287809,-,129861
07137300,Ettringen,50,2865,5077888,-,-
07137300,Hausten,50,381,-,-,-
07137300,Herresbach,50,498,380468,-,-
07137300,Hirten,50,254,343161,130946,212215
07137300,Kehrig,50,1239,800360,800360,-
07137300,Kirchwald,50,1007,1351430,-,-
07137300,Kottenheim,50,2533,1521450,1521450,-
07137300,Langenfeld,50,669,282585,-,-
07137300,Langscheid,50,83,-,-,-
07137300,Lind,50,55,19414,19414,-
07137300,Luxem,50,336,181960,181960,-
07137300,Monreal,50,776,1351485,-,-
07137300,Münk,50,254,-,-,-
07137300,Nachtsheim,50,553,-,-,-
07137300,Reudelsterz,50,371,-,-,-
07137300,Sankt Johann,50,933,1624655,1027426,597229
07137300,Siebenbach,50,195,-,-,-
07137300,"Vordereifel, Verbandsgemeindeverwaltung",55,16505,1837793,1837793,-
07137301,Virneburg,50,371,301331,242128,59203
07137301,Weiler,50,513,-,-,-
07137301,Welschenbach,50,51,-,-,-
07137400,Bell,50,1330,1026633,-,-
07137400,"Mendig, Stadt",50,9027,17171329,-,1028558
07137400,"Mendig, Verbandsgemeindeverwaltung",55,13664,3364009,3364009,-
07137400,Rieden,50,1196,2093415,1079389,1014026
07137401,Thür,50,1542,2770156,-,-
07137401,Volkesfeld,50,569,524342,-,-
07137700,"Vallendar, Verbandsgemeindeverwaltung",55,15546,15624569,84399,9500000
07137702,Niederwerth,50,1243,1769806,-,-
07137702,Urbar,50,3170,6895406,-,-
07137702,"Vallendar, Stadt",50,8683,17610929,12692042,4918887
07137702,Weitersburg,50,2450,3825077,-,-
07137800,"Mayen, Stadt",41,19469,80653733,6794,38900000
07137800,"Weißenthurm, Verbandsgemeindeverwaltung",55,34836,17403086,10547573,6855513
07137802,Bassenheim,50,2954,535037,-,-
07137802,Kaltenengers,50,2227,1222554,1017165,205389
07137802,Kettig,50,3496,4673668,-,2645317
07137802,"Mülheim-Kärlich, Stadt",50,11167,8235288,-,-
07137802,Sankt Sebastian,50,2709,1483720,204349,-
07137802,Urmitz,50,3383,-,-,-
07137802,"Weißenthurm, Stadt",50,8900,10942333,4201293,6741040
07137900,"Rhein-Mosel, Verbandsgemeindeverwaltung",55,26895,8505853,8505853,-
07137902,Alken,50,683,648475,648475,-
07137902,Brey,50,1475,1644882,-,-
07137902,Brodenbach,50,676,1134201,-,-
07137902,Burgen,50,763,856994,769386,87608
07137902,Dieblich,50,2612,-,-,-
07137902,Hatzenport,50,592,438005,-,-
07137902,Kobern-Gondorf,50,2997,1132362,-,-
07137902,Löf,50,1464,131719,-,-
07137902,Macken,50,375,-,-,-
07137902,Niederfell,50,960,-,-,-
07137902,Nörtershausen,50,1144,1466681,-,-
07137902,Oberfell,50,1133,524865,-,-
07137902,"Rhens, Stadt",50,2983,6891929,5523092,1368837
07137902,Spay,50,1914,1860670,-,-
07137902,Waldesch,50,2292,1814280,-,-
07137902,Winningen,50,2444,323715,-,-
07137902,Wolken,50,1110,301052,301052,-
07137905,Lehmen,50,1278,369458,325496,-
07138010,"Neuwied, Landkreisverwaltung",32,188372,108458455,61055455,47403000
07138100,Asbach,50,7705,-,-,-
07138100,"Asbach, Verbandsgemeindeverwaltung",55,23551,1251769,218432,-
07138100,Buchholz (Westerwald),50,4671,-,-,-
07138100,Neustadt (Wied),50,6579,-,-,-
07138100,Windhagen,50,4596,-,-,-
07138200,"Bad Hönningen, Stadt",50,6265,14516221,-,-
07138200,"Bad Hönningen, Verbandsgemeindeverwaltung",55,12637,17543852,-,12000000
07138200,Hammerstein,50,356,375574,-,-
07138200,Leutesdorf,50,1844,3425436,-,-
07138200,Rheinbrohl,50,4172,1867211,-,-
07138300,"Dierdorf, Stadt",50,6092,1146237,-,-
07138300,"Dierdorf, Verbandsgemeindeverwaltung",55,11221,4485522,4485522,-
07138300,Großmaischeid,50,2338,-,-,-
07138300,Isenburg,50,618,263568,-,-
07138300,Kleinmaischeid,50,1338,-,-,-
07138300,Stebach,50,364,-,-,-
07138302,Marienhausen,50,471,-,-,-
07138400,Dattenberg,50,1520,-,-,-
07138400,Leubsdorf,50,1631,324715,-,-
07138400,"Linz am Rhein, Stadt",50,6357,20481,11868,-
07138400,"Linz am Rhein, Verbandsgemeindeverwaltung",55,19176,4197944,31143,-
07138400,Ockenfels,50,1032,196061,196061,-
07138400,St. Katharinen (Landkreis Neuwied),50,3463,2500019,-,-
07138400,Vettelschoß,50,3732,-,-,-
07138405,Kasbach-Ohlenberg,50,1441,36117,36117,-
07138500,Dernbach,50,1093,225321,107232,-
07138500,Döttesfeld,50,678,1144102,199336,825379
07138500,Dürrholz,50,1314,165183,165183,-
07138500,Hanroth,50,654,-,-,-
07138500,Harschbach,50,427,20390,20390,-
07138500,Linkenbach,50,574,32265,-,-
07138500,"Neuwied, Stadt",41,66576,116799016,-,58624878
07138500,Niederhofen,50,452,79791,79791,-
07138500,Niederwambach,50,444,-,-,-
07138500,Oberdreis,50,934,721176,721176,-
07138500,Puderbach,50,2521,4347422,3491660,620986
07138500,"Puderbach, Verbandsgemeindeverwaltung",55,15499,14078366,7073923,453123
07138500,Ratzert,50,255,-,-,-
07138500,Raubach,50,2070,474950,-,-
07138500,Rodenbach bei Puderbach,50,701,-,-,-
07138500,Steimel,50,1306,335983,-,-
07138500,Urbach,50,1507,-,-,-
07138500,Woldert,50,569,-,-,-
07138700,Bruchhausen,50,977,4569372,-,-
07138700,Erpel,50,2572,8212314,-,-
07138700,Rheinbreitbach,50,4583,2624281,-,-
07138700,"Unkel, Stadt",50,4971,5281486,-,-
07138700,"Unkel, Verbandsgemeindeverwaltung",55,13103,7763198,-,5500000
07138900,Anhausen,50,1393,-,-,-
07138900,Bonefeld,50,938,-,-,-
07138900,Breitscheid,50,2245,262023,262023,-
07138900,Datzeroth,50,301,-,-,-
07138900,Ehlscheid,50,1580,-,-,-
07138900,Hardert,50,859,-,-,-
07138900,Hausen (Wied),50,1864,362282,-,-
07138900,Hümmerich,50,798,-,-,-
07138900,Kurtscheid,50,997,-,-,-
07138900,Meinborn,50,553,-,-,-
07138900,Melsbach,50,1959,-,-,-
07138900,Niederbreitbach,50,1541,2712565,1390000,-
07138900,Oberhonnefeld-Gierend,50,1049,-,-,-
07138900,Oberraden,50,676,-,-,-
07138900,Rengsdorf,50,2932,-,-,-
07138900,"Rengsdorf-Waldbreitbach, Verbandsgemeindeverwaltung",55,26609,1750897,-,-
07138900,Roßbach,50,1455,2166752,1810752,-
07138900,Rüscheid,50,835,-,-,-
07138900,Straßenhaus,50,1950,848864,830000,-
07138900,Thalhausen,50,781,-,-,-
07138900,Waldbreitbach,50,1903,2721355,1680000,-
07140010,"Rhein-Hunsrück-Kreis, Landkreisverwaltung",32,106086,9553572,-,-
07140100,"Boppard, Stadt",41,15756,33969592,-,3000000
07140200,Badenhard,-,-,-,-,-
07140200,Bickenbach,-,-,-,-,-
07140200,Birkheim,-,-,-,-,-
07140200,Dörth,-,-,-,-,-
07140200,"Emmelshausen, Stadt",-,-,-,-,-
07140200,"Emmelshausen, Verbandsgemeindeverwaltung",-,-,-,-,-
07140200,Gondershausen,-,-,-,-,-
07140200,Halsenbach,-,-,-,-,-
07140200,Hausbay,-,-,-,-,-
07140200,Hungenroth,-,-,-,-,-
07140200,Karbach,-,-,-,-,-
07140200,Kratzenburg,-,-,-,-,-
07140200,Leiningen,-,-,-,-,-
07140200,Lingerhahn,-,-,-,-,-
07140200,Maisborn,-,-,-,-,-
07140200,Mermuth,-,-,-,-,-
07140200,Mühlpfad,-,-,-,-,-
07140201,Ney,-,-,-,-,-
07140201,Niedert,-,-,-,-,-
07140201,Norath,-,-,-,-,-
07140201,Pfalzfeld,-,-,-,-,-
07140201,Schwall,-,-,-,-,-
07140201,Thörlingen,-,-,-,-,-
07140201,Utzenhain,-,-,-,-,-
07140202,Beulich,-,-,-,-,-
07140202,Morshausen,-,-,-,-,-
07140300,Alterkülz,50,378,25464,-,-
07140300,Bell (Hunsrück),50,1451,41564,41564,-
07140300,Beltheim,50,1976,-,-,-
07140300,Braunshorn,50,663,20932,20932,-
07140300,Buch,50,867,-,-,-
07140300,Gödenroth,50,472,-,-,-
07140300,Hasselbach,50,225,-,-,-
07140300,Hollnich,50,311,-,-,-
07140300,"Kastellaun, Stadt",50,5742,75445,-,-
07140300,"Kastellaun, Verbandsgemeindeverwaltung",55,16309,324127,324127,-
07140300,Korweiler,50,78,-,-,-
07140300,Michelbach,50,205,-,-,-
07140301,Roth,50,251,132286,132286,-
07140301,Spesenroth,50,150,-,-,-
07140301,Uhler,50,350,35000,-,-
07140302,Dommershausen,50,1121,-,-,-
07140302,Mastershausen,50,998,90000,-,-
07140305,Lahr,50,175,367707,-,-
07140305,Mörsdorf,50,622,297086,297086,-
07140305,Zilshausen,50,274,65948,65948,-
07140400,Belg,50,114,-,-,-
07140400,Bärenbach,50,465,-,-,-
07140400,Büchenbeuren,50,1868,-,-,-
07140400,Dickenschied,50,697,-,-,-
07140400,Dill,50,205,-,-,-
07140400,Dillendorf,50,564,-,-,-
07140400,Gehlweiler,50,220,-,-,-
07140400,Gemünden,50,1284,180888,-,180888
07140400,Hahn,50,211,-,-,-
07140400,Hecken,50,114,-,-,-
07140400,Heinzenbach,50,436,-,-,-
07140400,Henau,50,167,-,-,-
07140400,Hirschfeld (Hunsrück),50,287,-,-,-
07140400,Kappel,50,431,83157,-,83157
07140400,"Kirchberg (Hunsr.), Verbandsgemeindeverwaltung",55,20466,-,-,-
07140400,"Kirchberg (Hunsrück), Stadt",50,4233,-,-,-
07140400,Kludenbach,50,124,-,-,-
07140400,Laufersweiler,50,797,-,-,-
07140400,Lautzenhausen,50,622,-,-,-
07140400,Lindenschied,50,182,-,-,-
07140400,Maitzborn,50,105,-,-,-
07140400,Metzenhausen,50,98,-,-,-
07140401,Nieder-Kostenz,50,208,-,-,-
07140401,Niedersohren,50,444,-,-,-
07140401,Niederweiler,50,397,-,-,-
07140401,Ober Kostenz,50,253,-,-,-
07140401,Raversbeuren,50,131,-,-,-
07140401,Reckershausen,50,378,-,-,-
07140401,Rohrbach,50,169,-,-,-
07140401,Rödelhausen,50,125,-,-,-
07140401,Rödern,50,193,-,-,-
07140401,Schlierschied,50,176,-,-,-
07140401,Schwarzen,50,143,-,-,-
07140401,Sohren,50,3225,-,-,-
07140401,Sohrschied,50,112,-,-,-
07140401,Todenroth,50,89,-,-,-
07140401,Unzenberg,50,416,-,-,-
07140401,Wahlenau,50,210,67816,-,-
07140401,Womrath,50,190,-,-,-
07140401,Woppenroth,50,221,-,-,-
07140401,Würrich,50,162,-,-,-
07140500,Argenthal,-,-,-,-,-
07140500,Benzweiler,-,-,-,-,-
07140500,Dichtelbach,-,-,-,-,-
07140500,Ellern (Hunsrück),-,-,-,-,-
07140500,Erbach,-,-,-,-,-
07140500,Kisselbach,-,-,-,-,-
07140500,Liebshausen,-,-,-,-,-
07140500,Mörschbach,-,-,-,-,-
07140500,"Rheinböllen, Verbandsgemeindeverwaltung",-,-,-,-,-
07140501,"Rheinböllen, Stadt",-,-,-,-,-
07140501,Riesweiler,-,-,-,-,-
07140501,Schnorbach,-,-,-,-,-
07140501,Steinbach,-,-,-,-,-
07140600,Damscheid,-,-,-,-,-
07140600,Laudert,-,-,-,-,-
07140600,"Sankt Goar-Oberwesel, Verbandsgemeindeverwaltung",-,-,-,-,-
07140601,Niederburg,-,-,-,-,-
07140601,"Oberwesel, Stadt",-,-,-,-,-
07140601,Perscheid,-,-,-,-,-
07140601,"Sankt Goar, Stadt",-,-,-,-,-
07140601,Urbar,-,-,-,-,-
07140601,Wiebelsheim,-,-,-,-,-
07140700,Altweidelbach,-,-,-,-,-
07140700,Belgweiler,-,-,-,-,-
07140700,Bergenhausen,-,-,-,-,-
07140700,Biebern,-,-,-,-,-
07140700,Bubach,-,-,-,-,-
07140700,Budenbach,-,-,-,-,-
07140700,Fronhofen,-,-,-,-,-
07140700,Holzbach,-,-,-,-,-
07140700,Horn,-,-,-,-,-
07140700,Keidelheim,-,-,-,-,-
07140700,Klosterkumbd,-,-,-,-,-
07140700,Külz (Hunsrück),-,-,-,-,-
07140700,Kümbdchen,-,-,-,-,-
07140700,Laubach,-,-,-,-,-
07140700,Mengerschied,-,-,-,-,-
07140700,Mutterschied,-,-,-,-,-
07140700,"Simmern/Hunsrück, Verbandsgemeindeverwaltung",-,-,-,-,-
07140701,Nannhausen,-,-,-,-,-
07140701,Neuerkirch,-,-,-,-,-
07140701,Niederkumbd,-,-,-,-,-
07140701,Ohlweiler,-,-,-,-,-
07140701,Oppertshausen,-,-,-,-,-
07140701,Pleizenhausen,-,-,-,-,-
07140701,Ravengiersburg,-,-,-,-,-
07140701,Rayerschied,-,-,-,-,-
07140701,Reich,-,-,-,-,-
07140701,Riegenroth,-,-,-,-,-
07140701,Sargenroth,-,-,-,-,-
07140701,Schönborn,-,-,-,-,-
07140701,"Simmern/Hunsrück, Stadt",-,-,-,-,-
07140701,Tiefenbach,-,-,-,-,-
07140701,Wahlbach,-,-,-,-,-
07140701,Wüschheim,-,-,-,-,-
07140800,Altweidelbach,50,284,450000,-,-
07140800,Argenthal,50,1679,-,-,-
07140800,Belgweiler,50,187,-,-,-
07140800,Benzweiler,50,216,-,-,-
07140800,Bergenhausen,50,114,-,-,-
07140800,Biebern,50,313,140000,-,-
07140800,Bubach,50,241,-,-,-
07140800,Budenbach,50,193,-,-,-
07140800,Dichtelbach,50,634,-,-,-
07140800,Ellern (Hunsrück),50,913,-,-,-
07140800,Erbach,50,287,-,-,-
07140800,Fronhofen,50,232,-,-,-
07140800,Holzbach,50,561,97,-,-
07140800,Horn,50,359,-,-,-
07140800,Keidelheim,50,330,-,-,-
07140800,Kisselbach,50,600,-,-,-
07140800,Klosterkumbd,50,278,-,-,-
07140800,Külz (Hunsrück),50,487,2196070,-,-
07140800,Kümbdchen,50,503,-,-,-
07140800,Laubach,50,434,-,-,-
07140800,Liebshausen,50,492,-,-,-
07140800,Mengerschied,50,730,-,-,-
07140800,Mutterschied,50,451,-,-,-
07140800,Mörschbach,50,348,58750,-,-
07140800,"Simmern-Rheinböllen, Verbandsgemeindeverwaltung",55,29403,1362780,1362780,-
07140801,Nannhausen,50,617,-,-,-
07140801,Neuerkirch,50,318,799410,-,-
07140801,Niederkumbd,50,323,-,-,-
07140801,Ohlweiler,50,318,-,-,-
07140801,Oppertshausen,50,136,-,-,-
07140801,Pleizenhausen,50,324,-,-,-
07140801,Ravengiersburg,50,333,-,-,-
07140801,Rayerschied,50,108,-,-,-
07140801,Reich,50,337,-,-,-
07140801,"Rheinböllen, Stadt",50,4202,-,-,-
07140801,Riegenroth,50,244,-,-,-
07140801,Riesweiler,50,814,-,-,-
07140801,Sargenroth,50,458,27168,-,-
07140801,Schnorbach,50,260,-,-,-
07140801,Schönborn,50,277,-,-,-
07140801,"Simmern/Hunsrück, Stadt",50,8063,4367024,-,-
07140801,Steinbach,50,137,-,-,-
07140801,Tiefenbach,50,766,58067,-,-
07140801,Wahlbach,50,181,-,-,-
07140801,Wüschheim,50,321,-,-,-
07140900,Badenhard,50,154,-,-,-
07140900,Bickenbach,50,357,-,-,-
07140900,Birkheim,50,142,-,-,-
07140900,Damscheid,50,671,52910,52910,-
07140900,Dörth,50,526,51250,51250,-
07140900,"Emmelshausen, Stadt",50,4940,2534143,2516206,17937
07140900,Gondershausen,50,1311,490181,-,-
07140900,Halsenbach,50,1278,919925,919925,-
07140900,Hausbay,50,222,-,-,-
07140900,Hungenroth,50,278,-,-,-
07140900,"Hunsrück-Mittelrhein, Verbandsgemeindeverwaltung",55,24152,15916,-,-
07140900,Karbach,50,646,194001,-,-
07140900,Kratzenburg,50,398,146876,146876,-
07140900,Laudert,50,452,56670,56670,-
07140900,Leiningen,50,729,-,-,-
07140900,Lingerhahn,50,512,-,-,-
07140900,Maisborn,50,135,-,-,-
07140900,Mermuth,50,239,39699,39699,-
07140900,Mühlpfad,50,62,-,-,-
07140901,Ney,50,363,-,-,-
07140901,Niederburg,50,661,422472,422472,-
07140901,Niedert,50,121,-,-,-
07140901,Norath,50,500,-,-,-
07140901,"Oberwesel, Stadt",50,2924,-,-,-
07140901,Perscheid,50,327,-,-,-
07140901,Pfalzfeld,50,619,-,-,-
07140901,"Sankt Goar, Stadt",50,2912,1940241,1940241,-
07140901,Schwall,50,313,-,-,-
07140901,Thörlingen,50,141,-,-,-
07140901,Urbar,50,686,955093,-,699972
07140901,Utzenhain,50,109,-,-,-
07140901,Wiebelsheim,50,592,-,-,-
07140902,Beulich,50,489,-,-,-
07140902,Morshausen,50,343,59084,-,-
07141000,Attenhausen,50,415,305250,155539,149711
07141000,"Bad Ems, Stadt",50,9933,8529862,6568874,-
07141000,"Bad Ems-Nassau, Verbandsgemeindeverwaltung",55,29152,15477850,38902,-
07141000,Becheln,50,665,-,-,-
07141000,Dausenau,50,1299,2377755,-,-
07141000,Dessighofen,50,177,-,-,-
07141000,Dienethal,50,233,80293,80293,-
07141000,Dornholzhausen,50,212,17358,17358,-
07141000,Fachbach,50,1299,1515171,1077533,-
07141000,Frücht,50,573,16969,-,-
07141000,Geisig,50,376,67995,67995,-
07141000,Hömberg,50,335,-,-,-
07141000,Kemmenau,50,523,29464,29464,-
07141000,Lollschied,50,188,4937,-,4937
07141000,Miellen,50,348,834305,661890,172415
07141000,Misselberg,50,91,-,-,-
07141000,"Nassau, Stadt",50,4897,7751729,1573253,6178476
07141000,Nievern,50,1058,151824,-,-
07141001,Obernhof,50,389,728091,-,362238
07141001,Oberwies,50,153,365676,131626,234050
07141001,Pohl,50,346,-,-,-
07141001,Schweighausen,50,224,69638,-,-
07141001,Seelbach,50,442,-,-,-
07141001,Singhofen,50,1788,-,-,-
07141001,Sulzbach,50,179,119623,-,-
07141001,Weinähr,50,455,211110,84997,126113
07141001,Winden,50,737,28905,10421,18484
07141001,Zimmerschied,50,96,-,-,-
07141002,Arzbach,50,1721,1053320,-,591494
07141010,"Rhein-Lahn-Kreis, Landkreisverwaltung",32,125097,56022020,9335400,-
07141100,"Aar-Einrich, Verbandsgemeindeverwaltung",55,18784,9102293,9102293,-
07141100,Allendorf,50,588,-,-,-
07141100,"Bad Ems, Stadt",-,-,-,-,-
07141100,"Bad Ems, Verbandsgemeindeverwaltung",-,-,-,-,-
07141100,Becheln,-,-,-,-,-
07141100,Berghausen,50,301,-,-,-
07141100,Berndroth,50,408,280590,-,-
07141100,Biebrich,50,328,-,-,-
07141100,Bremberg,50,268,109616,-,-
07141100,Burgschwalbach,50,1067,1137469,1033320,104149
07141100,Dausenau,-,-,-,-,-
07141100,Dörsdorf,50,431,-,-,-
07141100,Ebertshausen,50,133,-,-,-
07141100,Eisighofen,50,275,61311,-,-
07141100,Ergeshausen,50,138,-,-,-
07141100,Fachbach,-,-,-,-,-
07141100,Flacht,50,996,718637,-,-
07141100,Frücht,-,-,-,-,-
07141100,Gutenacker,50,363,-,-,-
07141100,Hahnstätten,50,2964,2546248,-,-
07141100,Herold,50,403,-,-,-
07141100,Kaltenholzhausen,50,554,-,-,-
07141100,"Katzenelnbogen, Stadt",50,2293,348722,348722,-
07141100,Kemmenau,-,-,-,-,-
07141100,Klingelbach,50,762,-,-,-
07141100,Kördorf,50,555,52415,-,-
07141100,Lohrheim,50,609,628094,-,-
07141100,Miellen,-,-,-,-,-
07141100,Mittelfischbach,50,148,-,-,-
07141100,Mudershausen,50,433,-,-,-
07141100,Netzbach,50,353,309483,309483,-
07141100,Niederneisen,50,1471,1623350,-,-
07141100,Niedertiefenbach,50,181,-,-,-
07141100,Nievern,-,-,-,-,-
07141101,Oberfischbach,50,153,-,-,-
07141101,Oberneisen,50,716,623546,-,-
07141101,Reckenroth,50,242,-,-,-
07141101,Rettert,50,456,51412,51412,-
07141101,Roth,50,204,-,-,-
07141101,Schiesheim,50,268,147266,-,-
07141101,Schönborn,50,723,581914,-,-
07141102,Arzbach,-,-,-,-,-
07141300,Altendiez,50,2188,1531666,-,-
07141300,Aull,50,405,132720,132720,-
07141300,Birlenbach,50,1595,1980017,1980017,-
07141300,Charlottenberg,50,147,-,-,-
07141300,Cramberg,50,473,-,-,-
07141300,"Diez, Stadt",50,11218,6684517,6684517,-
07141300,"Diez, Verbandsgemeindeverwaltung",55,25581,188431,188431,-
07141300,Dörnberg,50,457,118344,118344,-
07141300,Eppenrod,50,746,525830,525830,-
07141300,Geilnau,50,354,199753,-,-
07141300,Gückingen,50,1153,-,-,-
07141300,Hambach,50,497,244804,-,-
07141300,Heistenbach,50,1027,46888,-,-
07141300,Hirschberg,50,398,716564,-,-
07141300,Holzappel,50,1074,629166,-,-
07141300,Holzheim,50,883,-,-,-
07141300,Horhausen,50,315,171028,-,-
07141300,Isselbach,50,391,-,-,-
07141300,Langenscheid,50,532,39900,-,-
07141300,Laurenburg,50,274,9510,-,-
07141301,Scheidt,50,334,-,-,-
07141301,Steinsberg,50,232,-,-,-
07141301,Wasenbach,50,316,70803,70803,-
07141305,Balduinstein,50,572,20761,-,-
07141400,Burgschwalbach,-,-,-,-,-
07141400,Flacht,-,-,-,-,-
07141400,Hahnstätten,-,-,-,-,-
07141400,"Hahnstätten, Verbandsgemeindeverwaltung",-,-,-,-,-
07141400,Kaltenholzhausen,-,-,-,-,-
07141400,Lohrheim,-,-,-,-,-
07141400,Mudershausen,-,-,-,-,-
07141400,Netzbach,-,-,-,-,-
07141400,Niederneisen,-,-,-,-,-
07141401,Oberneisen,-,-,-,-,-
07141401,Schiesheim,-,-,-,-,-
07141500,Allendorf,-,-,-,-,-
07141500,Berghausen,-,-,-,-,-
07141500,Berndroth,-,-,-,-,-
07141500,Biebrich,-,-,-,-,-
07141500,Bremberg,-,-,-,-,-
07141500,Dörsdorf,-,-,-,-,-
07141500,Ebertshausen,-,-,-,-,-
07141500,Eisighofen,-,-,-,-,-
07141500,Ergeshausen,-,-,-,-,-
07141500,Gutenacker,-,-,-,-,-
07141500,Herold,-,-,-,-,-
07141500,"Katzenelnbogen, Stadt",-,-,-,-,-
07141500,"Katzenelnbogen, Verbandsgemeindeverwaltung",-,-,-,-,-
07141500,Klingelbach,-,-,-,-,-
07141500,Kördorf,-,-,-,-,-
07141500,"Lahnstein, Stadt",41,18584,43528814,19978285,21000000
07141500,Mittelfischbach,-,-,-,-,-
07141500,Niedertiefenbach,-,-,-,-,-
07141501,Oberfischbach,-,-,-,-,-
07141501,Reckenroth,-,-,-,-,-
07141501,Rettert,-,-,-,-,-
07141501,Roth,-,-,-,-,-
07141501,Schönborn,-,-,-,-,-
07141600,Attenhausen,-,-,-,-,-
07141600,Dessighofen,-,-,-,-,-
07141600,Dienethal,-,-,-,-,-
07141600,Dornholzhausen,-,-,-,-,-
07141600,Geisig,-,-,-,-,-
07141600,Hömberg,-,-,-,-,-
07141600,Lollschied,-,-,-,-,-
07141600,Misselberg,-,-,-,-,-
07141600,"Nassau, Stadt",-,-,-,-,-
07141600,"Nassau, Verbandsgemeindeverwaltung",-,-,-,-,-
07141601,Obernhof,-,-,-,-,-
07141601,Oberwies,-,-,-,-,-
07141601,Pohl,-,-,-,-,-
07141601,Schweighausen,-,-,-,-,-
07141601,Seelbach,-,-,-,-,-
07141601,Singhofen,-,-,-,-,-
07141601,Sulzbach,-,-,-,-,-
07141601,Weinähr,-,-,-,-,-
07141601,Winden,-,-,-,-,-
07141601,Zimmerschied,-,-,-,-,-
07141700,Berg,50,250,-,-,-
07141700,Bettendorf,50,331,-,-,-
07141700,Bogel,50,822,-,-,-
07141700,Buch,50,603,-,-,-
07141700,Ehr,50,81,4789,-,-
07141700,Endlichhofen,50,150,-,-,-
07141700,Eschbach,50,149,64370,-,-
07141700,Gemmerich,50,547,-,-,-
07141700,Himmighofen,50,325,-,-,-
07141700,Holzhausen an der Haide,50,1175,288009,-,-
07141700,Hunzel,50,257,-,-,-
07141700,Kasdorf,50,235,-,-,-
07141700,Kehlbach,50,178,-,-,-
07141700,Lautert,50,246,-,-,-
07141700,Lipporn,50,277,-,-,-
07141700,Marienfels,50,334,-,-,-
07141700,Miehlen,50,2053,-,-,-
07141700,"Nastätten, Stadt",50,4530,3053242,2456548,596694
07141700,"Nastätten, Verbandsgemeindeverwaltung",55,16667,2335482,-,2335482
07141700,Niederbachheim,50,267,-,-,-
07141700,Niederwallmenach,50,409,-,-,-
07141701,Hainau,50,157,-,-,-
07141701,Oberbachheim,50,204,-,-,-
07141701,Obertiefenbach,50,376,-,-,-
07141701,Oberwallmenach,50,207,-,-,-
07141701,Oelsberg,50,576,229157,229157,-
07141701,Rettershain,50,311,62842,62842,-
07141701,Ruppertshofen,50,344,-,-,-
07141701,Strüth,50,329,-,-,-
07141701,Weidenbach,50,111,-,-,-
07141701,Welterod,50,458,-,-,-
07141701,Winterwerb,50,149,43011,43011,-
07141705,Diethardt,50,226,-,-,-
07141900,Auel,50,173,70709,4118,66591
07141900,Bornich,50,945,815840,257603,558237
07141900,Dachsenhausen,50,987,342625,342625,-
07141900,Dahlheim,50,847,1025483,-,-
07141900,Dörscheid,50,376,-,-,-
07141900,Filsen,50,642,931312,140328,790984
07141900,Kamp-Bornhofen,50,1521,3044768,1204256,1840512
07141900,"Kaub, Stadt",50,796,2490807,1131466,-
07141900,Kestert,50,598,572849,243911,328938
07141900,Lierschied,50,484,218710,216154,2556
07141900,"Loreley, Verbandsgemeindeverwaltung",55,16329,27452222,-,14917372
07141900,Lykershausen,50,219,77163,-,-
07141900,Nochern,50,474,-,-,-
07141901,Osterspai,50,1240,4023664,1251575,-
07141901,Patersberg,50,340,361675,119023,-
07141901,Prath,50,291,1284203,-,917034
07141901,Reichenberg,50,159,367551,357500,10051
07141901,Reitzenhain,50,352,-,-,-
07141901,"Sankt Goarshausen, Stadt",50,1248,6084308,2128586,3955722
07141901,Sauerthal,50,147,-,-,-
07141901,Weisel,50,1020,-,-,-
07141901,Weyer,50,474,170720,153791,16929
07141905,"Braubach, Stadt",50,2996,12152718,5510087,-
07143000,Bannberscheid,50,684,136495,136495,-
07143000,Dernbach (Westerwald),50,2526,363627,363627,-
07143000,Ebernhahn,50,1232,-,-,-
07143000,Helferskirchen,50,1224,-,-,-
07143000,Leuterod,50,852,-,-,-
07143000,Mogendorf,50,1377,-,-,-
07143000,Moschheim,50,744,40735,40735,-
07143000,Siershahn,50,2938,38113,38113,-
07143000,Staudt,50,1274,-,-,-
07143000,"Wirges, Stadt",50,5634,1165451,-,-
07143000,"Wirges, Verbandsgemeindeverwaltung",55,20025,1847773,1847773,-
07143000,Ötzingen,50,1362,61789,61789,-
07143002,Niedersayn,50,178,-,-,-
07143010,"Westerwaldkreis, Landkreisverwaltung",32,207421,4070444,-,-
07143100,"Bad Marienberg (Ww.), Verbandsgemeindeverwaltung",55,19713,1699300,-,-
07143102,"Bad Marienberg (Westerwald), Stadt",50,6171,2101541,-,-
07143102,Bölsberg,50,231,-,-,-
07143102,Dreisbach,50,599,-,-,-
07143102,Fehl-Ritzhausen,50,794,-,-,-
07143102,Großseifen,50,617,-,-,-
07143102,Hahn bei Marienberg,50,472,70647,-,-
07143102,Hardt,50,455,-,-,-
07143102,Hof,50,1309,-,-,-
07143102,Kirburg,50,608,-,-,-
07143102,Langenbach bei Kirburg,50,1068,-,-,-
07143102,Lautzenbrücken,50,442,-,-,-
07143102,Mörlen,50,527,-,-,-
07143102,Neunkhausen,50,1022,-,-,-
07143102,Nisterau,50,842,-,-,-
07143102,Nistertal,50,1191,43174,-,-
07143102,Norken,50,973,-,-,-
07143102,Stockhausen-Illfurth,50,429,-,-,-
07143103,Unnau,50,1963,406052,-,-
07143200,"Hachenburg, Verbandsgemeindeverwaltung",55,24949,862722,862722,-
07143202,Alpenrod,50,1644,332308,-,-
07143202,Astert,50,268,-,-,-
07143202,Atzelgift,50,639,-,-,-
07143202,Borod,50,530,62183,-,-
07143202,Dreifelden,50,258,-,-,-
07143202,Gehlert,50,616,77785,-,-
07143202,Giesenhausen,50,341,-,-,-
07143202,"Hachenburg, Stadt",50,6226,2473175,2473175,-
07143202,Hattert,50,1767,-,-,-
07143202,Heimborn,50,276,-,-,-
07143202,Heuzert,50,122,-,-,-
07143202,Höchstenbach,50,745,-,-,-
07143202,Kroppach,50,758,155364,155364,-
07143202,Kundert,50,278,-,-,-
07143202,Limbach,50,401,173040,-,-
07143202,Linden,50,150,-,-,-
07143202,Lochum,50,308,-,-,-
07143202,Luckenbach,50,670,-,-,-
07143202,Marzhausen,50,270,-,-,-
07143202,Merkelbach,50,432,69874,-,-
07143202,Mudenbach,50,783,-,-,-
07143202,Mörsbach,50,402,93858,-,-
07143202,Mündersbach,50,793,727241,727241,-
07143202,Müschenbach,50,958,-,-,-
07143202,Nister,50,1087,568108,-,-
07143202,Roßbach,50,845,-,-,-
07143202,Stein-Wingert,50,212,-,-,-
07143202,Steinebach an der Wied,50,841,-,-,-
07143202,Streithausen,50,491,286528,-,-
07143203,Wahlrod,50,908,-,-,-
07143203,Welkenbach,50,152,-,-,-
07143203,Wied,50,534,-,-,-
07143203,Winkelbach,50,244,-,-,-
07143300,Hilgert,50,1549,455075,-,-
07143300,Hillscheid,50,2475,-,-,-
07143300,"Höhr-Grenzhausen, Stadt",50,9342,5067784,5067784,-
07143300,"Höhr-Grenzhausen, Verbandsgemeindeverwaltung",55,13621,1844078,-,-
07143300,Kammerforst,50,255,-,-,-
07143400,Boden,50,663,15000,15000,-
07143400,Daubach,50,478,-,-,-
07143400,Eitelborn,50,2524,-,-,-
07143400,Gackenbach,50,554,712205,-,712205
07143400,Girod,50,1207,-,-,-
07143400,Großholbach,50,978,-,-,-
07143400,Görgeshausen,50,965,-,-,-
07143400,Heilberscheid,50,646,-,-,-
07143400,Heiligenroth,50,1477,378502,378502,-
07143400,Holler,50,1034,-,-,-
07143400,Horbach,50,725,-,-,-
07143400,Hübingen,50,519,-,-,-
07143400,Kadenbach,50,1332,-,-,-
07143400,"Montabaur, Stadt",50,14730,5524003,5524003,-
07143400,"Montabaur, Verbandsgemeindeverwaltung",55,41638,4836061,4836061,-
07143400,Nentershausen,50,2103,-,-,-
07143400,Neuhäusel,50,2069,-,-,-
07143400,Niederelbert,50,1747,1119795,-,65282
07143400,Niedererbach,50,1038,71954,71954,-
07143400,Nomborn,50,710,-,-,-
07143400,Oberelbert,50,1170,236500,236500,-
07143400,Ruppach-Goldhausen,50,1190,-,-,-
07143400,Simmern,50,1534,-,-,-
07143400,Stahlhofen,50,746,-,-,-
07143400,Untershausen,50,522,65921,65921,-
07143400,Welschneudorf,50,977,-,-,-
07143500,Alsbach,50,642,-,-,-
07143500,Breitenau,50,719,-,-,-
07143500,Caan,50,690,-,-,-
07143500,Deesen,50,780,-,-,-
07143500,Hundsdorf,50,463,-,-,-
07143500,Nauort,50,2336,-,-,-
07143500,Oberhaid,50,379,-,-,-
07143500,"Ransbach-Baumbach, Stadt",50,8113,2101703,-,-
07143500,"Ransbach-Baumbach, Verbandsgemeindeverwaltung",55,15636,3007967,-,-
07143500,Sessenbach,50,516,115486,-,-
07143500,Wirscheid,50,345,-,-,-
07143500,Wittgert,50,653,64708,64708,-
07143600,"Rennerod, Verbandsgemeindeverwaltung",55,17126,-,-,-
07143602,Bretthausen,50,219,-,-,-
07143602,Elsoff (Westerwald),50,970,-,-,-
07143602,Hellenhahn-Schellenberg,50,1234,-,-,-
07143602,Homberg,50,189,-,-,-
07143602,Hüblingen,50,312,-,-,-
07143602,Irmtraut,50,788,-,-,-
07143602,Liebenscheid,50,846,-,-,-
07143602,Neunkirchen,50,574,-,-,-
07143602,Neustadt/Westerwald,50,575,-,-,-
07143602,Niederroßbach,50,696,-,-,-
07143602,Nister-Möhrendorf,50,305,-,-,-
07143602,Oberrod,50,640,-,-,-
07143602,Oberroßbach,50,347,-,-,-
07143602,Rehe,50,995,-,-,-
07143602,"Rennerod, Stadt",50,4423,105479,105479,-
07143602,Salzburg,50,231,-,-,-
07143602,Seck,50,1188,-,-,-
07143602,Stein-Neukirch,50,445,-,-,-
07143603,Waigandshain,50,218,-,-,-
07143603,Waldmühlen,50,317,-,-,-
07143603,Westernohe,50,941,-,-,-
07143603,Willingen,50,281,-,-,-
07143603,Zehnhausen bei Rennerod,50,392,-,-,-
07143700,Ellenhausen,50,292,-,-,-
07143700,Freilingen,50,716,-,-,-
07143700,Freirachdorf,50,712,-,-,-
07143700,Goddert,50,449,-,-,-
07143700,Hartenfels,50,754,78390,78390,-
07143700,Herschbach,50,2991,341191,341191,-
07143700,Krümmel,50,300,-,-,-
07143700,Marienrachdorf,50,1033,104320,104320,-
07143700,Maroth,50,248,30788,-,-
07143700,Maxsain,50,1023,-,-,-
07143700,Nordhofen,50,542,-,-,-
07143700,Quirnbach,50,492,-,-,-
07143700,Rückeroth,50,484,-,-,-
07143700,Schenkelberg,50,653,85868,-,-
07143700,"Selters (Westerwald), Stadt",50,2905,-,-,-
07143700,"Selters (Westerwald), Verbandsgemeindeverwaltung",55,16504,316991,316991,-
07143700,Sessenhausen,50,842,949335,-,-
07143700,Steinen,50,231,-,-,-
07143700,Vielbach,50,560,-,-,-
07143700,Wölferlingen,50,473,-,-,-
07143702,Ewighausen,50,240,-,-,-
07143703,Weidenhahn,50,564,725472,-,-
07143800,Dreikirchen,50,1023,280130,199890,-
07143800,Hundsangen,50,1948,1066729,-,-
07143800,Obererbach,50,499,-,-,-
07143800,Steinefrenz,50,776,50845,-,-
07143800,"Wallmerod, Verbandsgemeindeverwaltung",55,14717,2356041,-,-
07143800,Weroth,50,560,-,-,-
07143802,Arnshöfen,50,178,105668,69720,35948
07143802,Berod bei Wallmerod,50,549,-,-,-
07143802,Bilkheim,50,474,-,-,-
07143802,Ettinghausen,50,344,-,-,-
07143802,Hahn am See,50,391,89720,89720,-
07143802,Herschbach (Oberwesterwald),50,948,10000,-,-
07143802,Kuhnhöfen,50,152,-,-,-
07143802,Meudt,50,1896,792000,792000,-
07143802,Molsberg,50,451,-,-,-
07143802,Niederahr,50,822,405445,125515,-
07143802,Oberahr,50,567,557401,172491,-
07143802,Salz,50,872,-,-,-
07143803,Wallmerod,50,1541,30000,-,-
07143803,Zehnhausen bei Wallmerod,50,192,-,-,-
07143805,Elbingen,50,327,-,-,-
07143805,Mähren,50,207,54133,54133,-
07143900,"Westerburg, Verbandsgemeindeverwaltung",55,23492,7298782,7298782,-
07143902,Ailertchen,50,653,15918,15918,-
07143902,Bellingen,50,622,57505,-,-
07143902,Berzhahn,50,504,310781,310781,-
07143902,Brandscheid,50,480,-,-,-
07143902,Enspel,50,301,281445,273275,-
07143902,Gemünden,50,1049,200801,200801,-
07143902,Girkenroth,50,606,607043,-,-
07143902,Guckheim,50,974,945228,733927,211301
07143902,Halbs,50,351,-,-,-
07143902,Hergenroth,50,441,-,-,-
07143902,Härtlingen,50,381,62499,17499,-
07143902,Höhn,50,3147,882457,-,-
07143902,Kaden,50,573,488284,-,-
07143902,Kölbingen,50,994,-,-,-
07143902,Langenhahn,50,1371,-,-,-
07143902,Pottum,50,1057,16410,-,-
07143902,Rotenhain,50,499,673841,658692,-
07143902,Rothenbach,50,932,-,-,-
07143902,Stahlhofen am Wiesensee,50,373,-,-,-
07143902,Stockum-Püschen,50,660,-,-,-
07143903,Weltersburg,50,304,14013,14013,-
07143903,"Westerburg, Stadt",50,6031,7596440,-,-
07143903,Willmenrod,50,675,128220,128220,-
07143903,Winnen,50,514,-,-,-
07211000,"Trier, kreisfreie Stadt",30,103612,714713018,-,382454912
07231010,"Bernkastel-Wittlich, Landkreisverwaltung",32,113419,78732599,78638906,93693
07231100,"Bernkastel-Kues, Stadt",50,6754,16416009,16416009,-
07231100,"Bernkastel-Kues, Verbandsgemeindeverwaltung",55,27531,8800551,8784670,-
07231100,Brauneberg,50,1137,904840,-,-
07231100,Burgen,50,566,629577,-,-
07231100,Erden,50,427,266640,266640,-
07231100,Gornhausen,50,198,-,-,-
07231100,Graach an der Mosel,50,652,219628,-,-
07231100,Hochscheid,50,266,-,-,-
07231100,Kesten,50,333,1418140,603407,-
07231100,Kleinich,50,678,-,-,-
07231100,Kommen,50,277,-,-,-
07231100,Lieser,50,1251,366541,-,-
07231100,Longkamp,50,1099,-,-,-
07231100,Lösnich,50,496,132421,132421,-
07231100,Maring-Noviand,50,1412,184071,-,-
07231100,Minheim,50,455,159467,131678,27789
07231100,Monzelfeld,50,1304,1393574,1393574,-
07231100,Mülheim (Mosel),50,985,352970,-,-
07231100,Neumagen-Dhron,50,2296,3295092,2747287,547805
07231101,Piesport,50,2015,687315,-,-
07231101,Veldenz,50,955,910310,910310,-
07231101,Wintrich,50,937,167848,-,-
07231101,Zeltingen-Rachtig,50,2171,2674605,2674605,-
07231101,Ürzig,50,867,-,-,-
07231200,Morbach,41,10580,2017429,-,-
07231400,"Wittlich, Stadt",41,18973,47986672,-,-
07231600,Berglicht,50,464,843764,-,-
07231600,Burtscheid,50,114,189798,63516,-
07231600,Deuselbach,50,280,1033441,292631,740810
07231600,Dhronecken,50,122,741099,156798,584301
07231600,Etgert,50,66,-,-,-
07231600,Gielert,50,137,70878,70878,-
07231600,Gräfendhron,50,103,981102,174277,-
07231600,Hilscheid,50,252,110399,55010,55389
07231600,Horath,50,505,409805,409805,-
07231600,Immert,50,160,355210,144282,210928
07231600,Lückenburg,50,103,500923,25715,475208
07231600,Malborn,50,1393,2393903,-,-
07231600,Merschbach,50,64,38080,38080,-
07231600,Neunkirchen,50,157,855802,197736,658066
07231600,"Thalfang am Erbeskopf, Verbandsgemeindeverwaltung",55,7551,34858336,13393713,9029951
07231601,Rorodt,50,56,141535,52100,89435
07231601,Schönberg,50,235,468426,468426,-
07231601,Talling,50,234,-,-,-
07231601,Thalfang,50,1895,7950728,3281168,4669560
07231602,Breit,50,310,396997,-,18300
07231602,Büdlich,50,213,159133,-,-
07231602,Heidenburg,50,688,507770,507770,-
07231800,Altrich,50,1709,255484,-,-
07231800,Arenrath,50,364,397728,388101,-
07231800,Bergweiler,50,868,202201,-,-
07231800,Bettenfeld,50,676,672539,-,-
07231800,Binsfeld,50,1308,1137005,-,-
07231800,Bruch,50,477,176279,-,-
07231800,Dierfeld,50,17,-,-,-
07231800,Dierscheid,50,168,21734,-,-
07231800,Dodenburg,50,98,-,-,-
07231800,Dreis,50,1400,504800,-,-
07231800,Eckfeld,50,385,30729,-,-
07231800,Eisenschmitt,50,339,151657,-,-
07231800,Esch,50,425,82394,-,-
07231800,Gipperath,50,222,-,-,-
07231800,Gladbach,50,369,357744,176308,-
07231800,Greimerath,50,278,12734,-,-
07231800,Großlittgen,50,1000,2100613,-,-
07231800,Hasborn,50,612,226734,-,-
07231800,Heckenmünster,50,135,17565,-,-
07231800,Heidweiler,50,177,-,-,-
07231800,Hetzerath,50,2496,678004,678004,-
07231800,Hupperath,50,658,36407,36407,-
07231800,Karl,50,213,-,-,-
07231800,Klausen,50,1521,1790669,-,-
07231800,Laufeld,50,509,23420,-,-
07231800,"Manderscheid, Stadt",50,1451,1953814,-,-
07231800,Meerfeld,50,347,-,-,-
07231800,Minderlittgen,50,720,651672,-,-
07231800,Musweiler,50,48,-,-,-
07231800,Niederscheidweiler,50,267,-,-,-
07231800,Niederöfflingen,50,443,1799534,-,-
07231800,"Wittlich-Land, Verbandsgemeindeverwaltung",55,31507,6900595,-,-
07231801,Oberscheidweiler,50,192,71830,71830,-
07231801,Oberöfflingen,50,285,103235,-,-
07231801,Osann-Monzel,50,1847,33213,-,-
07231801,Pantenburg,50,251,160467,-,-
07231801,Platten,50,860,104029,-,-
07231801,Plein,50,630,-,-,-
07231801,Rivenich,50,745,451066,196704,-
07231801,Salmtal,50,2487,1442754,-,942970
07231801,Schladt,50,151,580169,-,-
07231801,Schwarzenborn,50,62,15515,15515,-
07231801,Sehlem,50,996,140287,-,-
07231801,Wallscheid,50,364,1472522,-,1472522
07231805,Landscheid,50,2229,2070740,1749803,320937
07231805,Niersbach,50,708,365095,-,-
07231900,Bausendorf,50,1427,996844,996844,-
07231900,Bengel,50,847,2099025,1184595,914430
07231900,Burg (Mosel),50,362,-,-,-
07231900,Diefenbach,50,91,-,-,-
07231900,Enkirch,50,1430,2265773,1419443,826331
07231900,Flußbach,50,429,566694,-,-
07231900,Hontheim,50,822,473119,-,-
07231900,Kinderbeuern,50,1027,1620707,913804,-
07231900,Kinheim,50,775,1944800,1065469,879331
07231900,Kröv,50,2194,6040919,-,-
07231900,"Traben-Trarbach, Verbandsgemeindeverwaltung",55,17277,15812350,10346035,-
07231901,Reil,50,963,1196987,1150902,46085
07231901,Starkenburg,50,232,162845,117351,45494
07231901,"Traben-Trarbach, Stadt",50,5510,7926742,5836590,2090152
07231901,Willwerscheid,50,60,-,-,-
07231902,Lötzbeuren,50,469,-,-,-
07231905,Irmenach,50,639,279131,258838,20293
07232010,"Eifelkreis Bitburg-Prüm, Landkreisverwaltung",32,100302,151426254,-,14150025
07232100,"Arzfeld, Verbandsgemeindeverwaltung",55,9565,33508094,7320501,7948298
07232102,Arzfeld,50,1429,1944882,1625002,319880
07232102,Dackscheid,50,113,145227,-,145227
07232102,Dahnen,50,341,832817,26810,806007
07232102,Daleiden,50,922,3623900,-,-
07232102,Dasburg,50,219,990181,223971,-
07232102,Eilscheid,50,43,-,-,-
07232102,Eschfeld,50,192,249203,21800,227403
07232102,Euscheid,50,147,5070,5070,-
07232102,Großkampenberg,50,148,40850,40850,-
07232102,Hargarten,50,96,-,-,-
07232102,Harspelt,50,74,-,-,-
07232102,Herzfeld,50,37,24263,-,24263
07232102,Irrhausen,50,221,242288,38833,203455
07232102,Jucken,50,167,19222,10969,8253
07232102,Kesfeld,50,71,-,-,-
07232102,Kickeshausen,50,46,55514,-,55514
07232102,Kinzenburg,50,46,38544,417,38127
07232102,Krautscheid,50,209,129049,36997,-
07232102,Lambertsberg,50,388,435360,180200,255160
07232102,Lascheid,50,81,2776,2776,-
07232102,Lauperath,50,100,19934,4289,15645
07232102,Leidenborn,50,193,265409,92365,173044
07232102,Lichtenborn,50,324,2107,2107,-
07232102,Lierfeld,50,86,49707,767,48940
07232102,Lünebach,50,605,1279453,-,-
07232102,Lützkampen,50,340,1994786,263123,-
07232102,Manderscheid,50,53,-,-,-
07232102,Mauel,50,50,-,-,-
07232102,Merlscheid,50,35,46673,350,46323
07232102,Niederpierscheid,50,32,118489,3507,-
07232102,Oberpierscheid,50,331,28671,24773,3898
07232102,Olmscheid,50,192,-,-,-
07232102,Pintesfeld,50,37,33364,-,24814
07232102,Plütscheid,50,299,288034,288034,-
07232102,Preischeid,50,156,60099,23583,36516
07232102,Reiff,50,56,1515,-,1515
07232102,Reipeldingen,50,76,2260,2260,-
07232103,Roscheid,50,49,70502,-,63424
07232103,Sengerich,50,26,84867,-,84867
07232103,Sevenig (Our),50,63,23475,-,23475
07232103,Strickscheid,50,34,221214,-,221214
07232103,Waxweiler,50,1043,5761172,1788259,-
07232103,Üttfeld,50,395,654676,67507,587169
07232500,Affler,50,30,30642,-,-
07232500,Alsdorf,50,462,762818,-,-
07232500,Altscheid,50,87,33693,5860,-
07232500,Ammeldingen an der Our,50,19,25026,-,18876
07232500,Ammeldingen bei Neuerburg,50,245,71505,-,-
07232500,Bauler,50,84,-,-,-
07232500,Berkoth,50,79,709,-,-
07232500,Berscheid,50,57,-,-,-
07232500,Biesdorf,50,240,410555,-,-
07232500,Bollendorf,50,1651,4308897,-,-
07232500,Burg,50,19,-,-,-
07232500,Dauwelshausen,50,85,187318,-,-
07232500,Echternacherbrück,50,1058,2274300,-,455913
07232500,Emmelbaum,50,81,26630,-,-
07232500,Ernzen,50,405,146074,146074,-
07232500,Ferschweiler,50,1041,1178802,679809,498993
07232500,Fischbach-Oberraden,50,50,57143,-,19456
07232500,Geichlingen,50,438,-,-,-
07232500,Gemünd,50,45,77451,-,-
07232500,Gentingen,50,96,120745,20180,-
07232500,Heilbach,50,112,-,-,-
07232500,Herbstmühle,50,21,57194,-,-
07232500,Holsthum,50,632,184402,-,13796
07232500,Hommerdingen,50,97,859,-,-
07232500,Hütten,50,47,-,-,-
07232500,Hüttingen bei Lahr,50,149,770,-,-
07232500,Irrel,50,1631,8931365,-,4734120
07232500,Karlshausen,50,424,318473,-,-
07232500,Kaschenbach,50,72,116832,-,-
07232500,Keppeshausen,50,18,54417,2906,-
07232500,Koxhausen,50,91,7680,-,-
07232500,Kruchten,50,389,81164,-,-
07232500,Körperich,50,1119,3000999,475737,2525262
07232500,Lahr,50,201,47941,47941,-
07232500,Leimbach,50,39,15247,-,-
07232500,Menningen,50,169,1182170,-,-
07232500,Mettendorf,50,1090,477777,-,-
07232500,Minden,50,264,1362596,660027,702569
07232500,Muxerath,50,37,-,-,-
07232500,Nasingen,50,44,4823,-,-
07232500,"Neuerburg, Stadt",50,1395,5853014,-,-
07232500,Niedergeckler,50,47,39111,-,-
07232500,Niederraden,50,46,22822,-,-
07232500,Niederweis,50,269,432814,-,-
07232500,Niehl,50,72,-,-,-
07232500,Nusbaum,50,428,182621,-,-
07232500,Obergeckler,50,138,-,-,-
07232500,"Südeifel, Verbandsgemeindeverwaltung",55,19329,28158302,38828,14000000
07232501,Peffingen,50,212,316389,-,-
07232501,Plascheid,50,96,165556,49662,115894
07232501,Prümzurlay,50,573,50012,-,-
07232501,Rodershausen,50,166,29329,-,-
07232501,Roth an der Our,50,237,80622,-,42325
07232501,Schankweiler,50,203,383117,-,-
07232501,Scheitenkorb,50,28,-,-,-
07232501,Scheuern,50,39,31089,-,-
07232501,Sevenig bei Neuerburg,50,41,114112,30051,84061
07232501,Sinspelt,50,399,731000,-,416618
07232501,Uppershausen,50,59,-,-,-
07232501,Utscheid,50,456,2554346,-,203503
07232501,Waldhof-Falkenstein,50,19,32782,-,-
07232501,Wallendorf,50,394,623930,207663,416267
07232501,Weidingen,50,168,188568,-,-
07232501,Zweifelscheid,50,62,41329,-,-
07232501,Übereisenbach,50,50,102536,-,-
07232502,Eisenach,50,390,66978,66978,-
07232502,Gilzem,50,424,424105,-,-
07232505,Obergeckler,-,-,-,-,-
07232600,"Prüm, Verbandsgemeindeverwaltung",55,21413,2605723,224610,-
07232602,Auw bei Prüm,50,602,157093,157093,-
07232602,Bleialf,50,1321,1847188,1666605,180583
07232602,Brandscheid,50,306,-,-,-
07232602,Buchet,50,254,-,-,-
07232602,Büdesheim,50,578,1150,1150,-
07232602,Dingdorf,50,107,-,-,-
07232602,Feuerscheid,50,312,14503,14503,-
07232602,Fleringen,50,395,-,-,-
07232602,Giesdorf,50,128,-,-,-
07232602,Gondenbrett,50,484,185035,-,-
07232602,Großlangenfeld,50,124,-,-,-
07232602,Habscheid,50,646,-,-,-
07232602,Heckhuscheid,50,150,-,-,-
07232602,Heisdorf,50,114,-,-,-
07232602,Kleinlangenfeld,50,146,-,-,-
07232602,Lasel,50,305,-,-,-
07232602,Masthorn,50,57,-,-,-
07232602,Matzerath,50,49,-,-,-
07232602,Mützenich,50,118,-,-,-
07232602,Neuendorf,50,105,-,-,-
07232602,Niederlauch,50,33,-,-,-
07232602,Nimshuscheid,50,266,2500,2500,-
07232602,Nimsreuland,50,92,-,-,-
07232602,Oberlascheid,50,139,-,-,-
07232602,Oberlauch,50,73,-,-,-
07232602,Olzheim,50,588,247960,247960,-
07232602,Orlenbach,50,252,15798,15798,-
07232602,Pittenbach,50,101,-,-,-
07232602,Pronsfeld,50,957,10490,10490,-
07232602,"Prüm, Stadt",50,5228,4219750,-,-
07232602,Weinsheim,50,1028,-,-,-
07232603,Hersdorf,50,407,7950,7950,-
07232603,Rommersheim,50,683,-,-,-
07232603,Roth bei Prüm,50,450,-,-,-
07232603,Schwirzheim,50,447,55000,55000,-
07232603,Schönecken,50,1461,2978534,2930988,47546
07232603,Seiwerath,50,135,-,-,-
07232603,Sellerich,50,286,-,-,-
07232603,Wallersheim,50,736,-,-,-
07232603,Watzerath,50,411,88600,88600,-
07232603,Wawern,50,274,-,-,-
07232603,Winringen,50,59,-,-,-
07232603,Winterscheid,50,150,-,-,-
07232603,Winterspelt,50,856,791247,791247,-
07232700,Auw an der Kyll,50,112,331976,211686,-
07232700,Beilingen,50,381,761492,-,-
07232700,Herforst,50,1206,769812,-,-
07232700,Hosten,50,171,132916,17031,-
07232700,"Speicher, Verbandsgemeindeverwaltung",55,8606,5877790,-,2575200
07232701,Philippsheim,50,92,258641,250167,-
07232701,Preist,50,721,1760727,-,-
07232701,"Speicher, Stadt",50,3634,7180994,-,-
07232702,Orenhofen,50,1382,3925085,-,-
07232703,Spangdahlem,50,907,826368,741983,84385
07232800,Badem,50,1257,1050404,-,-
07232800,Baustert,50,440,186242,77844,108398
07232800,Bettingen,50,1029,4278876,-,2067546
07232800,Bickendorf,50,529,-,-,-
07232800,Biersdorf am See,50,565,1690109,-,1140937
07232800,Birtlingen,50,46,-,-,-
07232800,"Bitburg, Stadt",41,16206,20041298,-,-
07232800,"Bitburger-Land, Verbandsgemeindeverwaltung",55,25183,21463423,14963423,-
07232800,Brecht,50,192,148313,45000,103313
07232800,Dahlem,50,245,-,-,-
07232800,Dockendorf,50,239,-,-,-
07232800,Dudeldorf,50,1255,1192991,-,-
07232800,Echtershausen,50,89,7559,-,-
07232800,Ehlenz,50,439,-,-,-
07232800,Enzen,50,34,-,-,-
07232800,Etteldorf,50,23,88741,-,88741
07232800,Eßlingen,50,117,-,-,-
07232800,Feilsdorf,50,31,44116,-,-
07232800,Fließem,50,657,568997,-,32030
07232800,Gindorf,50,296,37164,37164,-
07232800,Gondorf,50,314,291740,291740,-
07232800,Halsdorf,50,106,35077,-,-
07232800,Hamm,50,16,125375,-,-
07232800,Heilenbach,50,102,-,-,-
07232800,Hütterscheid,50,161,366870,106675,-
07232800,Hüttingen an der Kyll,50,321,9500,9500,-
07232800,Idenheim,50,441,67416,67416,-
07232800,Idesheim,50,418,34956,-,-
07232800,Ingendorf,50,212,35189,-,-
07232800,"Kyllburg, Stadt",50,898,4789478,-,-
07232800,Kyllburgweiler,50,93,-,-,-
07232800,Ließem,50,75,-,-,-
07232800,Malberg,50,553,1080517,-,-
07232800,Malbergweich,50,364,387216,-,-
07232800,Meckel,50,410,-,-,-
07232800,Messerich,50,558,52299,-,-
07232800,Metterich,50,544,-,-,-
07232800,Mülbach,50,111,12127,3025,9102
07232800,Nattenheim,50,546,-,-,-
07232800,Neidenbach,50,858,666262,666262,-
07232800,Niederstedem,50,239,-,-,-
07232800,Niederweiler,50,92,-,-,-
07232800,Oberstedem,50,68,-,-,-
07232800,Oberweiler,50,171,189538,-,10017
07232800,Oberweis,50,563,837745,-,-
07232801,Olsdorf,50,93,-,-,-
07232801,Orsfeld,50,201,63434,-,-
07232801,Pickließem,50,303,130346,-,-
07232801,Rittersdorf,50,1311,-,-,-
07232801,Röhl,50,419,52378,-,-
07232801,Sankt Thomas,50,247,400140,-,317965
07232801,Scharfbillig,50,101,29425,-,-
07232801,Schleid,50,368,897860,646781,251079
07232801,Seffern,50,305,1170205,-,-
07232801,Sefferweich,50,255,89996,-,-
07232801,Stockem,50,95,228795,-,-
07232801,Sülm,50,411,367298,-,-
07232801,Trimport,50,291,193054,193054,-
07232801,Usch,50,51,1840,-,-
07232801,Wettlingen,50,29,20516,20516,-
07232801,Wiersdorf,50,259,-,-,-
07232801,Wilsecker,50,173,8576,-,-
07232801,Wolsfeld,50,1073,314758,-,314758
07232802,Balesfeld,50,218,22308,-,-
07232802,Burbach,50,711,575618,575618,-
07232802,Gransdorf,50,321,42801,42801,-
07232802,Neuheilenbach,50,253,44307,24796,19511
07232802,Oberkail,50,585,520884,-,-
07232803,Seinsfeld,50,168,-,-,-
07232803,Steinborn,50,177,-,-,-
07232803,Zendscheid,50,134,7536,-,-
07232805,Brimingen,50,110,-,-,-
07232805,Wißmannsdorf,50,804,876931,-,-
07233010,"Vulkaneifel, Landkreisverwaltung",32,59415,46109768,-,27000000
07233100,Betteldorf,50,248,-,-,-
07233100,Bleckhausen,50,285,-,-,-
07233100,Brockscheid,50,193,100307,100307,-
07233100,Darscheid,50,939,-,-,-
07233100,"Daun, Verbandsgemeindeverwaltung",55,22174,11468299,11468299,-
07233100,Demerath,50,274,7686,-,7686
07233100,Deudesfeld,50,403,279910,-,181577
07233100,Dockweiler,50,701,147600,-,-
07233100,Dreis-Brück,50,800,-,-,-
07233100,Ellscheid,50,285,-,-,-
07233100,Gefell,50,86,51154,-,51154
07233100,Gillenfeld,50,1383,478186,-,-
07233100,Hinterweiler,50,221,25797,25797,-
07233100,Hörscheid,50,118,-,-,-
07233100,Immerath,50,233,143251,143251,-
07233100,Kirchweiler,50,379,-,-,-
07233100,Kradenbach,50,153,-,-,-
07233100,Mehren,50,1283,983873,-,172976
07233100,Meisburg,50,237,-,-,-
07233100,Mückeln,50,222,180315,99980,80335
07233100,Nerdlen,50,237,27482,27482,-
07233100,Niederstadtfeld,50,449,-,-,-
07233100,Oberstadtfeld,50,525,-,-,-
07233100,Sarmersbach,50,175,-,-,-
07233100,Saxler,50,61,-,-,-
07233100,Schalkenmehren,50,622,215704,215704,-
07233100,Schutz,50,151,411690,196940,214750
07233100,Schönbach,50,253,386584,39145,347439
07233100,Steineberg,50,196,76773,-,-
07233100,Steiningen,50,195,68278,68278,-
07233100,Strohn,50,492,-,-,-
07233100,Strotzbüsch,50,416,-,-,-
07233100,Udler,50,269,-,-,-
07233100,Utzerath,50,170,54869,54869,-
07233100,Wallenborn,50,399,107514,107514,-
07233100,Weidenbach,50,255,-,-,-
07233100,Winkel (Eifel),50,146,27597,27597,-
07233100,Üdersdorf,50,1092,154164,154164,-
07233105,"Daun, Stadt",50,7628,11280381,3509536,7770845
07233200,Berlingen,-,-,-,-,-
07233200,"Gerolstein, Stadt",-,-,-,-,-
07233200,"Gerolstein, Verbandsgemeindeverwaltung",-,-,-,-,-
07233200,Hohenfels-Essingen,-,-,-,-,-
07233200,Kalenborn-Scheuern,-,-,-,-,-
07233200,Neroth,-,-,-,-,-
07233200,Pelm,-,-,-,-,-
07233200,Rockeskyll,-,-,-,-,-
07233200,Salm,-,-,-,-,-
07233202,Birresborn,-,-,-,-,-
07233202,Densborn,-,-,-,-,-
07233202,Duppach,-,-,-,-,-
07233202,Kopp,-,-,-,-,-
07233202,Mürlenbach,-,-,-,-,-
07233300,Basberg,-,-,-,-,-
07233300,Berndorf,-,-,-,-,-
07233300,Dohm-Lammersdorf,-,-,-,-,-
07233300,"Hillesheim, Stadt",-,-,-,-,-
07233300,"Hillesheim, Verbandsgemeindeverwaltung",-,-,-,-,-
07233300,Kerpen (Eifel),-,-,-,-,-
07233300,Oberbettingen,-,-,-,-,-
07233300,Oberehe-Stroheich,-,-,-,-,-
07233300,Walsdorf,-,-,-,-,-
07233300,Wiesbaum,-,-,-,-,-
07233300,Üxheim,-,-,-,-,-
07233302,Nohn,-,-,-,-,-
07233400,Beinhausen,50,90,-,-,-
07233400,Boxberg,50,204,-,-,-
07233400,Hörschhausen,50,120,-,-,-
07233400,Katzwinkel,50,135,-,-,-
07233400,"Kelberg, Verbandsgemeindeverwaltung",55,6884,118560,-,-
07233400,Neichen,50,137,-,-,-
07233402,Arbach,50,127,-,-,-
07233402,Bereborn,50,120,-,-,-
07233402,Berenbach,50,169,112414,112414,-
07233402,Bodenbach,50,200,-,-,-
07233402,Bongard,50,234,-,-,-
07233402,Borler,50,74,-,-,-
07233402,Brücktal,50,71,-,-,-
07233402,Drees,50,159,-,-,-
07233402,Gelenberg,50,80,-,-,-
07233402,Gunderath,50,101,-,-,-
07233402,Horperath,50,121,-,-,-
07233402,Höchstberg,50,341,-,-,-
07233402,Kaperich,50,166,-,-,-
07233402,Kelberg,50,1854,-,-,-
07233402,Kirsbach,50,79,-,-,-
07233402,Kolverath,50,102,-,-,-
07233402,Kötterichen,50,120,-,-,-
07233402,Lirstal,50,187,-,-,-
07233402,Mannebach,50,247,-,-,-
07233402,Mosbruch,50,156,-,-,-
07233402,Nitz,50,29,-,-,-
07233402,Oberelz,50,127,-,-,-
07233402,Reimerath,50,72,-,-,-
07233402,Retterath,50,315,-,-,-
07233402,Sassen,50,93,-,-,-
07233402,Uersfeld,50,685,61226,61226,-
07233402,Ueß,50,57,-,-,-
07233402,Welcherath,50,112,-,-,-
07233500,Birgel,-,-,-,-,-
07233500,Esch,-,-,-,-,-
07233500,Feusdorf,-,-,-,-,-
07233500,Gönnersdorf,-,-,-,-,-
07233500,Jünkerath,-,-,-,-,-
07233500,Lissendorf,-,-,-,-,-
07233500,"Obere Kyll, Verbandsgemeindeverwaltung",-,-,-,-,-
07233502,Hallschlag,-,-,-,-,-
07233502,Kerschenbach,-,-,-,-,-
07233502,Ormont,-,-,-,-,-
07233502,Reuth,-,-,-,-,-
07233502,Scheid,-,-,-,-,-
07233502,Schüller,-,-,-,-,-
07233502,Stadtkyll,-,-,-,-,-
07233502,Steffeln,-,-,-,-,-
07233600,Basberg,50,85,133632,43980,89652
07233600,Berlingen,50,209,-,-,-
07233600,Berndorf,50,504,-,-,-
07233600,Birgel,50,442,90331,-,90331
07233600,Dohm-Lammersdorf,50,205,-,-,-
07233600,Esch,50,433,288078,288078,-
07233600,Feusdorf,50,509,406237,-,-
07233600,"Gerolstein, Stadt",50,7219,14895441,6794630,8100811
07233600,"Gerolstein, Verbandsgemeindeverwaltung",55,30357,56816208,25236977,-
07233600,Gönnersdorf,50,464,161341,-,-
07233600,"Hillesheim, Stadt",50,3131,3968298,2005354,1962944
07233600,Hohenfels-Essingen,50,335,-,-,-
07233600,Jünkerath,50,1800,2327685,2327685,-
07233600,Kalenborn-Scheuern,50,388,92507,92507,-
07233600,Kerpen (Eifel),50,464,266731,-,-
07233600,Lissendorf,50,1115,2036664,1820146,216518
07233600,Neroth,50,839,696409,527560,168849
07233600,Oberbettingen,50,753,426568,-,-
07233600,Oberehe-Stroheich,50,313,-,-,-
07233600,Pelm,50,953,12396,12396,-
07233600,Rockeskyll,50,268,-,-,-
07233600,Salm,50,313,301116,197885,103231
07233600,Walsdorf,50,897,-,-,-
07233600,Wiesbaum,50,628,-,-,-
07233600,Üxheim,50,1359,601066,-,-
07233602,Birresborn,50,1069,677131,-,-
07233602,Densborn,50,519,879620,-,-
07233602,Duppach,50,274,176378,147459,28919
07233602,Hallschlag,50,452,700317,-,-
07233602,Kerschenbach,50,185,3354,-,-
07233602,Kopp,50,151,-,-,-
07233602,Mürlenbach,50,509,74592,74592,-
07233602,Nohn,50,460,-,-,-
07233602,Ormont,50,354,-,-,-
07233602,Reuth,50,182,-,-,-
07233602,Scheid,50,121,-,-,-
07233602,Schüller,50,294,6103,6103,-
07233602,Stadtkyll,50,1518,638259,638259,-
07233602,Steffeln,50,643,-,-,-
07235010,"Trier-Saarburg, Landkreisverwaltung",32,148873,140808339,-,-
07235100,Bescheid,50,399,-,-,-
07235100,Beuren (Hochwald),50,933,630363,557759,72604
07235100,Damflos,50,630,1550569,-,1248352
07235100,Geisfeld,50,486,632031,-,-
07235100,Grimburg,50,442,107963,107963,-
07235100,Gusenburg,50,1115,2518824,1225831,1292993
07235100,"Hermeskeil, Stadt",50,7001,3181253,3181253,-
07235100,"Hermeskeil, Verbandsgemeindeverwaltung",55,15726,16482109,-,-
07235100,Hinzert-Pölert,50,292,-,-,-
07235100,Naurath (Wald),50,213,203062,203062,-
07235100,Neuhütten,50,728,1087338,-,-
07235101,Rascheid,50,471,341636,341636,-
07235101,Reinsfeld,50,2464,1121554,1121554,-
07235101,Züsch,50,552,1345579,1345579,-
07235200,Baldringen,-,-,-,-,-
07235200,Greimerath,-,-,-,-,-
07235200,Heddert,-,-,-,-,-
07235200,Hentern,-,-,-,-,-
07235200,Kell am See,-,-,-,-,-
07235200,"Kell am See, Verbandsgemeindeverwaltung",-,-,-,-,-
07235200,Lampaden,-,-,-,-,-
07235200,Mandern,-,-,-,-,-
07235201,Paschel,-,-,-,-,-
07235201,Schillingen,-,-,-,-,-
07235201,Schömerich,-,-,-,-,-
07235201,Vierherrenborn,-,-,-,-,-
07235201,Waldweiler,-,-,-,-,-
07235201,Zerf,-,-,-,-,-
07235300,Kanzem,50,633,1491755,854252,637503
07235300,"Konz, Stadt",50,18113,46439141,-,-
07235300,"Konz, Verbandsgemeindeverwaltung",55,32061,40106828,-,23000000
07235300,Nittel,50,2585,4833622,4833622,-
07235300,Oberbillig,50,956,3490771,-,1764389
07235301,Onsdorf,50,148,708133,708133,-
07235301,Pellingen,50,1244,8023266,-,-
07235301,Tawern,50,2634,5303664,-,-
07235301,Temmels,50,776,2523296,1465913,1057383
07235301,Wasserliesch,50,2186,4758997,2749860,2009137
07235301,Wawern,50,608,1063204,534527,528677
07235301,Wellen,50,821,2249582,-,-
07235301,Wiltingen,50,1357,894879,894879,-
07235400,Bonerath,50,239,104186,104186,-
07235400,Farschweiler,50,829,346608,-,-
07235400,Gusterath,50,1978,1216355,665058,551297
07235400,Gutweiler,50,757,1048109,713173,334936
07235400,Herl,50,254,31035,31035,-
07235400,Hinzenburg,50,128,25017,25017,-
07235400,Holzerath,50,452,344391,-,-
07235400,Kasel,50,1283,1113071,1113071,-
07235400,Korlingen,50,780,3205362,-,-
07235400,Lorscheid,50,548,760146,-,-
07235400,Mertesdorf,50,1690,1214266,1214266,-
07235400,Morscheid,50,900,488525,-,-
07235400,"Ruwer, Verbandsgemeindeverwaltung",55,18278,14714351,11214351,-
07235401,Ollmuth,50,163,71524,-,-
07235401,Osburg,50,2235,936768,-,936768
07235401,Pluwig,50,1668,3806219,1078805,2727414
07235401,Riveris,50,407,1103221,254491,848730
07235401,Schöndorf,50,774,316945,-,-
07235401,Sommerau,50,80,-,-,-
07235401,Thomm,50,1042,2147935,1784229,-
07235401,Waldrach,50,2071,3789271,3789271,-
07235500,Ayl,-,-,-,-,-
07235500,Fisch,-,-,-,-,-
07235500,Freudenburg,-,-,-,-,-
07235500,Irsch,-,-,-,-,-
07235500,Kastel-Staadt,-,-,-,-,-
07235500,Kirf,-,-,-,-,-
07235500,Mannebach,-,-,-,-,-
07235500,Ockfen,-,-,-,-,-
07235500,"Saarburg, Verbandsgemeindeverwaltung",-,-,-,-,-
07235501,Merzkirchen,-,-,-,-,-
07235501,Palzem,-,-,-,-,-
07235501,"Saarburg, Stadt",-,-,-,-,-
07235501,Schoden,-,-,-,-,-
07235501,Serrig,-,-,-,-,-
07235501,Taben-Rodt,-,-,-,-,-
07235501,Trassem,-,-,-,-,-
07235501,Wincheringen,-,-,-,-,-
07235600,Bekond,50,963,274935,274935,-
07235600,Detzem,50,585,-,-,-
07235600,Ensch,50,456,170053,-,-
07235600,Fell,50,2384,1841829,1841829,-
07235600,Föhren,50,2968,215558,215558,-
07235600,Kenn,50,2898,197592,-,-
07235600,Klüsserath,50,1111,4149049,4149049,-
07235600,Köwerich,50,396,98161,98161,-
07235600,Leiwen,50,1600,2512920,-,-
07235600,Longen,50,118,-,-,-
07235600,Longuich,50,1307,451605,-,-
07235600,Mehring,50,2294,5075437,-,-
07235600,Naurath (Eifel),50,319,588594,588594,-
07235600,"Schweich a.d.R.Weinst, Verbandsgemeindeverwaltung",55,28254,29712772,25481300,-
07235601,Pölich,50,427,323495,-,-
07235601,Riol,50,1289,1386713,1386713,-
07235601,Schleich,50,243,253693,225391,28302
07235601,"Schweich, Stadt",50,7634,3168037,3168037,-
07235601,Thörnich,50,217,58006,24481,33525
07235602,Trittenheim,50,1045,1692799,1692799,-
07235700,Aach,50,1064,915653,-,588853
07235700,Franzenheim,50,360,112751,-,-
07235700,Hockweiler,50,288,-,-,-
07235700,Igel,50,2067,1036431,-,-
07235700,Kordel,50,1997,2687782,-,1796051
07235700,Langsur,50,1729,1476309,1476309,-
07235700,Newel,50,2641,657041,-,-
07235700,"Trier-Land, Verbandsgemeindeverwaltung",55,21143,5322495,5322495,-
07235701,Ralingen,50,1964,1012264,-,-
07235701,Trierweiler,50,3690,-,-,-
07235701,Zemmer,50,2853,1321565,-,-
07235705,Welschbillig,50,2490,1134333,-,-
07235800,Ayl,50,1595,766660,766660,-
07235800,Baldringen,50,262,45553,-,-
07235800,Fisch,50,411,412144,412144,-
07235800,Freudenburg,50,1816,5175349,-,-
07235800,Greimerath,50,974,2015828,2015828,-
07235800,Heddert,50,277,-,-,-
07235800,Hentern,50,435,235742,-,106082
07235800,Irsch,50,1561,2791757,-,-
07235800,Kastel-Staadt,50,418,751798,751798,-
07235800,Kell am See,50,1897,2235857,-,-
07235800,Kirf,50,813,228254,-,-
07235800,Lampaden,50,550,740833,405158,335675
07235800,Mandern,50,865,3774893,3587494,187399
07235800,Mannebach,50,344,680813,615715,65098
07235800,Ockfen,50,579,1069865,699354,-
07235800,"Saarburg-Kell, Verbandsgemeindeverwaltung",55,33411,28427214,-,3071925
07235801,Merzkirchen,50,813,1623608,1090585,533023
07235801,Palzem,50,1480,1025691,1025691,-
07235801,Paschel,50,236,-,-,-
07235801,"Saarburg, Stadt",50,7405,21323258,12825700,8497558
07235801,Schillingen,50,1203,1390777,1390777,-
07235801,Schoden,50,753,781228,-,-
07235801,Schömerich,50,121,50227,-,-
07235801,Serrig,50,1606,2705061,-,-
07235801,Taben-Rodt,50,793,1663180,680590,982590
07235801,Trassem,50,1145,1513821,-,-
07235801,Vierherrenborn,50,190,307891,307891,-
07235801,Waldweiler,50,835,1396101,-,-
07235801,Wincheringen,50,2477,772410,-,-
07235801,Zerf,50,1557,688585,-,-
07311000,"Frankenthal (Pfalz), kreisfreie Stadt",30,48120,291626528,-,194250000
07312000,"Kaiserslautern, kreisfreie Stadt",30,100445,729127274,-,529249375
07313000,"Landau in der Pfalz, kreisfreie Stadt",30,47778,46712159,-,11300000
07314000,"Ludwigshafen am Rhein, kreisfreie Stadt",30,174968,1385005485,550548174,-
07315000,"Mainz, kreisfreie Stadt",30,222681,475050597,225050597,150000000
07316000,"Neustadt an der Weinstraße, kreisfreie Stadt",30,52736,93207416,5117,-
07317000,"Pirmasens, kreisfreie Stadt",30,39331,416922957,-,339500000
07318000,"Speyer, kreisfreie Stadt",30,49890,132061515,12699698,-
07319000,"Worms, kreisfreie Stadt",30,85657,492896503,218517078,14379425
07320000,"Zweibrücken, kreisfreie Stadt",30,33341,240540842,350000,170000000
07331010,"Alzey-Worms, Landkreisverwaltung",32,130312,134538834,-,-
07331100,Albig,50,1627,1959257,-,369985
07331100,"Alzey-Land, Verbandsgemeindeverwaltung",55,24863,17755371,17755371,-
07331100,Bechenheim,50,408,1203309,1065172,138137
07331100,Bechtolsheim,50,1795,1971528,-,-
07331100,Bermersheim vor der Höhe,50,388,258994,258994,-
07331100,Biebelnheim,50,660,1177777,918376,259401
07331100,Bornheim,50,881,-,-,-
07331100,Dintesheim,50,160,-,-,-
07331100,Eppelsheim,50,1180,-,-,-
07331100,Erbes-Büdesheim,50,1424,-,-,-
07331100,Esselborn,50,385,307374,-,-
07331100,Flomborn,50,1052,1956757,1285583,671174
07331100,Flonheim,50,2634,4384267,-,1356799
07331100,Framersheim,50,1558,153202,-,-
07331100,Freimersheim,50,687,309019,-,-
07331100,Gau-Heppenheim,50,549,181233,-,-
07331100,Gau-Odernheim,50,3902,4656566,-,-
07331100,Kettenheim,50,317,-,-,-
07331100,Lonsheim,50,592,-,-,-
07331100,Mauchenheim,50,950,1319213,410159,909054
07331100,Nack,50,584,-,-,-
07331100,Nieder-Wiesen,50,585,292932,-,-
07331100,Ober-Flörsheim,50,1304,1768456,-,-
07331100,Offenheim,50,658,1472773,1472773,-
07331100,Wahlheim,50,583,893581,359732,-
07331200,Alsheim,50,2722,4134364,3864582,269782
07331200,Eich,50,3791,4649482,-,-
07331200,"Eich, Verbandsgemeindeverwaltung",55,13054,7176750,-,3000000
07331200,Gimbsheim,50,3079,2418208,-,-
07331200,Hamm am Rhein,50,1886,1713844,-,-
07331200,Mettenheim,50,1576,2796656,2483039,-
07331300,"Alzey, Stadt",41,19198,44400191,-,3057107
07331300,Flörsheim-Dalsheim,50,3193,1295233,1295233,-
07331300,Hohen-Sülzen,50,741,76788,-,-
07331300,Monsheim,50,2287,4756757,-,-
07331300,"Monsheim, Verbandsgemeindeverwaltung",55,10340,14280451,439523,300582
07331300,Mölsheim,50,551,477202,-,-
07331300,Mörstadt,50,1014,1360292,1360292,-
07331300,Offstein,50,1854,2590057,-,-
07331300,Wachenheim,50,700,-,-,-
07331500,Eckelsheim,50,423,-,-,-
07331500,Gau-Bickelheim,50,2147,57975,-,-
07331500,Gumbsheim,50,600,562425,-,-
07331500,Siefersheim,50,1252,-,-,-
07331500,Stein-Bockenheim,50,648,1184829,483436,701393
07331500,Wendelsheim,50,1450,-,-,-
07331500,Wonsheim,50,968,2142963,2045000,-
07331500,Wöllstein,50,4457,241195,241195,-
07331500,"Wöllstein, Verbandsgemeindeverwaltung",55,11945,11614333,-,-
07331600,Armsheim,50,2404,5693565,3528176,2165389
07331600,Ensheim,50,492,270099,195307,74792
07331600,Gabsheim,50,715,586584,586584,-
07331600,Gau-Weinheim,50,625,153890,153890,-
07331600,Partenheim,50,1580,1437108,-,-
07331600,Saulheim,50,7870,7589171,7334973,254198
07331600,Schornsheim,50,1598,-,-,-
07331600,Spiesheim,50,975,281953,-,-
07331600,Sulzheim,50,1247,-,-,-
07331600,Udenheim,50,1322,393977,393977,-
07331600,Vendersheim,50,532,21000,-,-
07331600,Wallertheim,50,1774,2109605,2109605,-
07331600,"Wörrstadt, Stadt",50,8391,8760872,8760872,-
07331600,"Wörrstadt, Verbandsgemeindeverwaltung",55,29525,17460614,16670811,789803
07331700,Bechtheim,50,1867,1000000,1000000,-
07331700,Bermersheim,50,347,19701,-,-
07331700,Dittelsheim-Heßloch,50,2135,489978,489978,-
07331700,Frettenheim,50,315,82587,-,-
07331700,Gundersheim,50,1556,-,-,-
07331700,Gundheim,50,974,355398,355398,-
07331700,Hangen-Weisheim,50,422,-,-,-
07331700,Hochborn,50,407,723404,723404,-
07331700,Monzernheim,50,557,362843,258959,-
07331700,"Osthofen, Stadt",50,9461,10312672,10312672,-
07331700,Westhofen,50,3346,751358,751358,-
07331700,"Wonnegau, Verbandsgemeindeverwaltung",55,21387,3218043,146317,-
07332010,"Bad Dürkheim, Landkreisverwaltung",32,134202,172587361,-,81045000
07332100,"Deidesheim, Stadt",50,3630,4040913,3046853,994060
07332100,"Deidesheim, Verbandsgemeindeverwaltung",55,11575,9746065,7746065,2000000
07332100,Forst an der Weinstraße,50,781,642769,-,115110
07332100,Meckenheim,50,3461,-,-,-
07332100,Niederkirchen bei Deidesheim,50,2289,707026,707026,-
07332100,Ruppertsberg,50,1414,390606,-,-
07332200,"Bad Dürkheim, Stadt",41,19079,5449646,-,-
07332200,Bobenheim am Berg,50,827,408097,-,-
07332200,Dackenheim,50,447,-,-,-
07332200,Erpolzheim,50,1314,302454,-,-
07332200,"Freinsheim, Stadt",50,4778,4311505,-,-
07332200,"Freinsheim, Verbandsgemeindeverwaltung",55,15321,6345900,-,-
07332200,Herxheim am Berg,50,719,67407,67407,-
07332200,Kallstadt,50,1272,701417,254198,447219
07332200,Weisenheim am Berg,50,1684,481931,-,-
07332200,Weisenheim am Sand,50,4280,1458831,-,-
07332400,"Grünstadt, Stadt",41,14329,13621021,-,1500000
07332500,Elmstein,50,2392,7309843,1783000,5440843
07332500,Esthal,50,1355,4294073,78000,-
07332500,Frankeneck,50,809,3676043,804000,2647043
07332500,Haßloch,41,20400,7366159,7366159,-
07332500,"Lambrecht (Pfalz), Stadt",50,3973,9978460,272000,-
07332500,"Lambrecht (Pfalz), Verbandsgemeindeverwaltung",55,12074,67623469,670534,13244935
07332500,Lindenberg,50,1115,6055592,50000,3597592
07332500,Neidenfels,50,777,5454766,1534000,-
07332500,Weidenthal,50,1653,9051497,133000,6318497
07332600,Ellerstadt,50,2467,-,-,-
07332600,Friedelsheim,50,1434,1234862,866634,308228
07332600,Gönnheim,50,1585,1007627,1007627,-
07332600,"Wachenheim a.d.W., Verbandsgemeindeverwaltung",55,9928,10799565,-,-
07332600,"Wachenheim an der Weinstraße, Stadt",50,4442,7413175,5350294,2062881
07332700,Altleiningen,50,1715,4174001,-,-
07332700,Battenberg (Pfalz),50,388,-,-,-
07332700,Bissersheim,50,449,122413,122413,-
07332700,Bockenheim a.d.W.,50,2344,555531,555531,-
07332700,Carlsberg,50,3530,4598574,1705319,-
07332700,Dirmstein,50,3000,2562526,-,-
07332700,Ebertsheim,50,1300,2276930,926541,-
07332700,Gerolsheim,50,1822,146568,-,-
07332700,Großkarlbach,50,1149,1503785,708350,795435
07332700,Hettenleidelheim,50,3049,8812019,2793148,6018871
07332700,Kindenheim,50,1033,-,-,-
07332700,Kirchheim an der Weinstraße,50,1900,1048280,-,-
07332700,Kleinkarlbach,50,853,-,-,-
07332700,Laumersheim,50,890,610466,59650,550816
07332700,"Leiningerland, Verbandsgemeindeverwaltung",55,31496,20298657,58500,10000000
07332700,Mertesheim,50,406,72333,72333,-
07332700,Neuleiningen,50,809,419498,391377,-
07332700,Obersülzen,50,716,-,-,-
07332700,Obrigheim (Pfalz),50,2827,6292125,4499691,-
07332700,Quirnheim,50,805,736017,104757,631260
07332700,Tiefenthal,50,859,904995,-,-
07332700,Wattenheim,50,1652,1325024,619715,705309
07333010,"Donnersbergkreis, Landkreisverwaltung",32,74786,99954335,-,68440000
07333100,Alsenz,-,-,-,-,-
07333100,"Alsenz-Obermoschel, Verbandsgemeindeverwaltung",-,-,-,-,-
07333100,Finkenbach-Gersweiler,-,-,-,-,-
07333100,Gaugrehweiler,-,-,-,-,-
07333100,Kalkofen,-,-,-,-,-
07333100,Mannweiler-Cölln,-,-,-,-,-
07333100,Münsterappel,-,-,-,-,-
07333100,Niederhausen an der Appel,-,-,-,-,-
07333100,Niedermoschel,-,-,-,-,-
07333100,Oberhausen an der Appel,-,-,-,-,-
07333100,"Obermoschel, Stadt",-,-,-,-,-
07333100,Oberndorf,-,-,-,-,-
07333100,Schiersfeld,-,-,-,-,-
07333100,Sitters,-,-,-,-,-
07333100,Unkenbach,-,-,-,-,-
07333100,Waldgrehweiler,-,-,-,-,-
07333100,Winterborn,-,-,-,-,-
07333200,"Eisenberg (Pfalz), Stadt",50,9144,27470695,6223236,21247459
07333200,"Eisenberg (Pfalz), Verbandsgemeindeverwaltung",55,13079,46507871,8279617,-
07333200,Kerzenheim,50,2070,6053927,1312994,4740933
07333200,Ramsen,50,1865,3073903,-,-
07333300,Albisheim,50,1843,6500048,1708885,4791163
07333300,Biedesheim,50,628,656600,-,650771
07333300,Bubenheim,50,430,95680,-,-
07333300,Dreisen,50,914,2862895,-,-
07333300,Einselthum,50,794,1373565,-,-
07333300,Göllheim,50,3811,9306481,-,-
07333300,"Göllheim, Verbandsgemeindeverwaltung",55,11864,34150138,-,28000000
07333300,Immesheim,50,135,-,-,-
07333300,Lautersheim,50,605,622437,-,592612
07333300,Ottersheim,50,355,821334,162501,-
07333300,Rüssingen,50,534,921249,165030,756219
07333300,Standenbühl,50,191,190280,18619,171661
07333300,Weitersweiler,50,496,1083465,-,-
07333305,Zellertal,50,1128,1051115,-,730702
07333400,Bennhausen,50,159,139000,-,-
07333400,Bischheim,50,776,43000,-,43000
07333400,Bolanden,50,2315,775000,-,-
07333400,Dannenfels,50,863,3531500,1269500,2262000
07333400,Gauersheim,50,661,580000,580000,-
07333400,Ilbesheim,50,593,1091250,1091250,-
07333400,Jakobsweiler,50,242,224000,-,-
07333400,"Kirchheimbolanden, Stadt",50,7812,10440000,-,-
07333400,"Kirchheimbolanden, Verbandsgemeindeverwaltung",55,19455,18708500,-,-
07333400,Kriegsfeld,50,985,1029000,-,-
07333400,Marnheim,50,1760,-,-,-
07333400,Morschheim,50,739,506000,-,506000
07333400,Mörsfeld,50,466,894000,310000,584000
07333400,Oberwiesen,50,545,653000,120000,533000
07333400,Orbis,50,698,-,-,-
07333400,Rittersheim,50,189,181750,33750,148000
07333400,Stetten,50,652,1498500,1498500,-
07333500,Bayerfeld-Steckweiler,-,-,-,-,-
07333500,Bisterschied,-,-,-,-,-
07333500,Dielkirchen,-,-,-,-,-
07333500,Dörrmoschel,-,-,-,-,-
07333500,Gehrweiler,-,-,-,-,-
07333500,Gerbach,-,-,-,-,-
07333500,Gundersweiler,-,-,-,-,-
07333500,Imsweiler,-,-,-,-,-
07333500,Katzenbach,-,-,-,-,-
07333500,Ransweiler,-,-,-,-,-
07333500,"Rockenhausen, Verbandsgemeindeverwaltung",-,-,-,-,-
07333500,Ruppertsecken,-,-,-,-,-
07333500,Sankt Alban,-,-,-,-,-
07333500,Schönborn,-,-,-,-,-
07333500,Stahlberg,-,-,-,-,-
07333500,Teschenmoschel,-,-,-,-,-
07333500,Würzweiler,-,-,-,-,-
07333502,Rathskirchen,-,-,-,-,-
07333502,Reichsthal,-,-,-,-,-
07333502,Seelen,-,-,-,-,-
07333505,"Rockenhausen, Stadt",-,-,-,-,-
07333600,Breunigweiler,50,453,-,-,-
07333600,Börrstadt,50,934,1021679,-,-
07333600,Falkenstein,50,192,206356,-,-
07333600,Gonbach,50,509,76465,-,-
07333600,Höringen,50,625,168530,168530,-
07333600,Imsbach,50,874,158277,-,-
07333600,Lohnsfeld,50,908,-,-,-
07333600,Münchweiler an der Alsenz,50,1177,515400,-,-
07333600,Schweisweiler,50,344,131650,41310,90340
07333600,Sippersfeld,50,1084,494468,494468,-
07333600,Steinbach am Donnersberg,50,735,591981,398177,193804
07333600,Wartenberg-Rohrbach,50,428,-,-,-
07333600,"Winnweiler, Verbandsgemeindeverwaltung",55,13075,16519542,78995,6022000
07333605,Winnweiler,50,4812,6885177,-,3724080
07333700,Alsenz,50,1601,3204898,1424475,1780423
07333700,Bayerfeld-Steckweiler,50,372,175052,175052,-
07333700,Bisterschied,50,225,64271,64271,-
07333700,Dielkirchen,50,458,791082,209554,581528
07333700,Dörrmoschel,50,135,70171,-,-
07333700,Finkenbach-Gersweiler,50,277,540965,-,-
07333700,Gaugrehweiler,50,522,592777,301708,-
07333700,Gehrweiler,50,315,1156716,-,865822
07333700,Gerbach,50,515,488620,-,-
07333700,Gundersweiler,50,518,122246,122246,-
07333700,Imsweiler,50,553,663032,-,594259
07333700,Kalkofen,50,169,382479,-,-
07333700,Katzenbach,50,479,606947,143396,-
07333700,Mannweiler-Cölln,50,375,284940,59924,225016
07333700,Münsterappel,50,494,1199652,-,-
07333700,Niederhausen an der Appel,50,229,90570,-,-
07333700,Niedermoschel,50,484,501729,-,-
07333700,"Nordpfälzer Land, Verbandsgemeindeverwaltung",55,17313,45574115,-,-
07333700,Oberhausen an der Appel,50,140,57689,57689,-
07333700,"Obermoschel, Stadt",50,1072,3887009,1455222,2431787
07333700,Oberndorf,50,259,222154,-,-
07333700,Ransweiler,50,236,411974,-,-
07333700,Ruppertsecken,50,355,223319,-,-
07333700,Sankt Alban,50,275,339066,223203,115863
07333700,Schiersfeld,50,212,422790,85580,337210
07333700,Schönborn,50,102,227555,-,159959
07333700,Sitters,50,93,138444,138444,-
07333700,Stahlberg,50,170,335942,-,164960
07333700,Teschenmoschel,50,120,-,-,-
07333700,Unkenbach,50,196,105351,105351,-
07333700,Waldgrehweiler,50,234,216981,-,-
07333700,Winterborn,50,169,52536,-,-
07333700,Würzweiler,50,214,481184,-,-
07333702,Rathskirchen,50,170,252663,-,156908
07333702,Reichsthal,50,107,191727,-,-
07333702,Seelen,50,158,240888,-,-
07333705,"Rockenhausen, Stadt",50,5310,29651366,-,-
07334010,"Germersheim, Landkreisverwaltung",32,131299,108285043,-,18500000
07334100,Bellheim,50,8725,8098559,-,-
07334100,"Bellheim, Verbandsgemeindeverwaltung",55,13853,-,-,-
07334100,Knittelsheim,50,1043,744315,-,-
07334100,Ottersheim bei Landau,50,1868,4267053,-,-
07334100,"Wörth am Rhein, Stadt",41,18539,-,-,-
07334100,Zeiskam,50,2217,228977,228977,-
07334200,Berg (Pfalz),50,1973,4255714,-,-
07334200,"Hagenbach, Stadt",50,5359,7426607,3077847,-
07334200,"Hagenbach, Verbandsgemeindeverwaltung",55,10502,10881612,3881612,-
07334200,Neuburg am Rhein,50,2568,1856073,-,-
07334200,Scheibenhardt,50,602,1849989,-,-
07334300,Hatzenbühl,50,2852,-,-,-
07334300,Jockgrim,50,7537,22981239,6078432,16902807
07334300,"Jockgrim, Verbandsgemeindeverwaltung",55,17258,21446259,-,13000000
07334300,Neupotz,50,1925,-,-,-
07334300,Rheinzabern,50,4944,5554277,-,-
07334400,Erlenbach bei Kandel,50,730,316788,100796,215992
07334400,Freckenfeld,50,1548,108719,-,-
07334400,"Kandel, Stadt",50,9224,26473163,17231823,9241340
07334400,"Kandel, Verbandsgemeindeverwaltung",55,16489,11901880,101880,-
07334400,Minfeld,50,1692,384389,384389,-
07334400,Steinweiler,50,2005,-,-,-
07334400,Vollmersweiler,50,214,-,-,-
07334400,Winden,50,1076,2940736,2940736,-
07334500,Freisbach,50,1219,2801730,-,2114071
07334500,Lingenfeld,50,5852,9024603,23604,-
07334500,"Lingenfeld, Verbandsgemeindeverwaltung",55,17335,31338499,-,19500000
07334500,Lustadt,50,3425,6468610,-,-
07334500,Schwegenheim,50,3150,3749694,-,-
07334500,Weingarten (Pfalz),50,1948,7126731,-,-
07334500,Westheim (Pfalz),50,1741,3695646,-,-
07334600,Hördt,50,2714,6091000,-,-
07334600,Kuhardt,50,1891,5474898,-,-
07334600,Leimersheim,50,2609,9031049,4959787,4071262
07334600,Rülzheim,50,8438,26983469,-,-
07334600,"Rülzheim, Verbandsgemeindeverwaltung",55,15652,31183196,-,-
07334700,"Germersheim, Stadt",41,21671,35150509,28150509,-
07335000,Frankelbach,50,311,135195,135195,-
07335000,Heiligenmoschel,50,587,234000,-,-
07335000,Hirschhorn/Pfalz,50,744,2452243,851741,1600502
07335000,Katzweiler,50,1888,2858170,-,-
07335000,Mehlbach,50,1108,1370146,1162477,207669
07335000,Niederkirchen,50,1865,1183712,1183712,-
07335000,Olsbrücken,50,1046,1516496,671815,-
07335000,Otterbach,50,3962,736635,736635,-
07335000,"Otterbach-Otterberg, Verbandsgemeindeverwaltung",55,18707,12828371,7261618,566753
07335000,"Otterberg, Stadt",50,5335,3258918,3258918,-
07335000,Schallodenbach,50,867,315583,315583,-
07335000,Schneckenhausen,50,564,149543,-,-
07335000,Sulzbachtal,50,430,730258,-,-
07335010,"Kaiserslautern, Landkreisverwaltung",32,105843,227277797,55777797,-
07335100,Bann,50,2218,1765374,190493,-
07335100,"Bruchmühlbach-M., Verbandsgemeindeverwaltung",55,10387,28712690,6908833,4762834
07335100,Bruchmühlbach-Miesau,50,7831,14374476,2543336,11831140
07335100,Gerhardsbrunn,50,165,-,-,-
07335100,Hauptstuhl,50,1187,2939078,698515,2240563
07335100,Kindsbach,50,2494,1081298,-,-
07335100,Krickenbach,50,1186,1968050,-,-
07335100,"Landstuhl, Stadt",50,8238,15129612,4228015,10901597
07335100,"Landstuhl, Verbandsgemeindeverwaltung",55,25929,50888040,-,28000000
07335100,Linden,50,1155,2308344,-,-
07335100,Mittelbrunn,50,717,1931624,-,1272474
07335100,Oberarnbach,50,416,131993,131992,-
07335100,Queidersbach,50,2735,1033781,-,-
07335100,Stelzenberg,50,1250,1499578,-,-
07335100,Trippstadt,50,2869,3928581,-,-
07335102,Lambsborn,50,701,341202,-,-
07335102,Langwieden,50,273,219554,-,-
07335102,Martinshöhe,50,1417,1158084,750568,407516
07335102,Schopp,50,1464,1339063,-,438118
07335200,Enkenbach-Alsenborn,50,7198,21144166,10152642,10991524
07335200,"Enkenbach-Alsenborn, Verbandsgemeindeverwaltung",55,19945,45122987,5192451,39930536
07335200,Fischbach,50,775,586255,-,-
07335200,Frankenstein,50,912,5486761,719901,-
07335200,Hochspeyer,50,4662,14913053,5373626,9539427
07335200,Mehlingen,50,3887,96663,96663,-
07335200,Neuhemsbach,50,945,-,-,-
07335200,Waldleiningen,50,414,1423987,398444,-
07335202,Sembach,50,1152,10442,10442,-
07335400,"Kaiserslautern-Süd, Verbandsgemeindeverwaltung",-,-,-,-,-
07335400,Krickenbach,-,-,-,-,-
07335400,Linden,-,-,-,-,-
07335400,Queidersbach,-,-,-,-,-
07335400,Stelzenberg,-,-,-,-,-
07335400,Trippstadt,-,-,-,-,-
07335402,Schopp,-,-,-,-,-
07335500,Bann,-,-,-,-,-
07335500,Hauptstuhl,-,-,-,-,-
07335500,Kindsbach,-,-,-,-,-
07335500,"Landstuhl, Stadt",-,-,-,-,-
07335500,"Landstuhl, Verbandsgemeindeverwaltung",-,-,-,-,-
07335500,Mittelbrunn,-,-,-,-,-
07335500,Oberarnbach,-,-,-,-,-
07335800,Hütschenhausen,50,3902,568362,-,-
07335800,Kottweiler-Schwanden,50,1283,30677,-,-
07335800,Niedermohr,50,1426,-,-,-
07335800,"Ramstein-Miesenbach, Stadt",50,7668,5122583,3113427,-
07335800,"Ramstein-Miesenbach, Verbandsgemeindeverwaltung",55,16716,1196573,-,-
07335800,Steinwenden,50,2437,45506,-,-
07335900,Erzenhausen,50,756,-,-,-
07335900,Eulenbis,50,489,139424,-,-
07335900,Kollweiler,50,509,-,-,-
07335900,Mackenbach,50,2068,206288,206288,-
07335900,Rodenbach,50,3218,83843,83843,-
07335900,Schwedelbach,50,1091,-,-,-
07335900,Weilerbach,50,4555,-,-,-
07335900,"Weilerbach, Verbandsgemeindeverwaltung",55,14159,35275,35275,-
07335905,Reichenbach-Steegen,50,1473,878322,878322,-
07336000,Albessen,50,142,392798,154473,224193
07336000,Altenglan,50,2788,8000811,-,5021123
07336000,Blaubach,50,419,1797740,696347,1101393
07336000,Bosenbach,50,690,3956978,586908,3370070
07336000,Dennweiler-Frohnbach,50,272,479312,270627,177529
07336000,Ehweiler,50,171,44397,-,-
07336000,Elzweiler,50,134,244958,17133,227825
07336000,Erdesbach,50,605,1364928,314431,1050497
07336000,Etschberg,50,664,1611977,691326,-
07336000,Föckelberg,50,364,783028,263447,519581
07336000,Haschbach a.Remig.,50,660,434344,401835,-
07336000,Herchweiler,50,486,1786245,1093906,692339
07336000,Horschbach,50,225,80008,80008,-
07336000,Konken,50,823,3572631,-,1255516
07336000,"Kusel, Stadt",50,5695,25675937,19654689,6021248
07336000,"Kusel-Altenglan, Verbandsgemeindeverwaltung",55,23362,63218496,24118496,39100000
07336000,Körborn,50,327,1278516,558444,720072
07336000,Neunkirchen a.Potzb.,50,439,557736,-,424601
07336000,Niederalben,50,319,1136882,-,-
07336000,Niederstaufenbach,50,264,546403,221422,324981
07336000,Oberalben,50,219,846386,286356,560030
07336000,Oberstaufenbach,50,260,828726,258697,570029
07336000,Pfeffelbach,50,864,455730,455730,-
07336000,Rammelsbach,50,1468,5902855,1499482,4403373
07336000,Rathsweiler,50,139,-,-,-
07336000,Reichweiler,50,524,731323,454700,276623
07336000,Ruthweiler,50,456,2222273,696512,1525161
07336000,Rutsweiler am Glan,50,310,627266,300585,326681
07336000,Schellweiler,50,495,1461023,-,591048
07336000,Selchenbach,50,307,771868,158163,326847
07336000,Thallichtenberg,50,529,809674,809674,-
07336000,Theisbergstegen,50,680,2879642,1247517,1632125
07336000,Ulmet,50,673,2417269,886473,1530796
07336001,Bedesbach,50,772,1605794,-,-
07336001,Welchweiler,50,179,105358,57247,48111
07336010,"Kusel, Landkreisverwaltung",32,70048,216881409,36881409,-
07336800,Adenbach,50,147,353396,-,-
07336800,Aschbach,50,320,620676,-,-
07336800,Buborn,50,129,101167,-,-
07336800,Cronenberg,50,150,36953,11069,-
07336800,Deimberg,50,96,428714,-,290754
07336800,Einöllen,50,408,680282,509342,170940
07336800,Eßweiler,50,356,821502,255090,566412
07336800,Ginsweiler,50,265,312351,-,-
07336800,Glanbrücken,50,468,1612943,-,-
07336800,Grumbach,50,483,2547167,636128,1911039
07336800,Hausweiler,50,45,67849,-,-
07336800,Hefersweiler,50,559,531364,-,-
07336800,Heinzenhausen,50,248,412994,-,253463
07336800,Herren-Sulzbach,50,154,364919,-,-
07336800,Hinzweiler,50,331,1129045,451908,-
07336800,Hohenöllen,50,345,33206,33206,-
07336800,Homberg,50,206,63737,63737,-
07336800,Hoppstädten,50,287,292725,-,-
07336800,Jettenbach,50,762,1029732,-,-
07336800,Kappeln,50,197,441170,-,-
07336800,Kirrweiler,50,160,-,-,-
07336800,Kreimbach-Kaulbach,50,709,437052,437052,-
07336800,Langweiler,50,214,246550,80662,165888
07336800,"Lauterecken, Stadt",50,1965,9623249,3613912,6009337
07336800,"Lauterecken-Wolfstein, Verbandsgemeindeverwaltung",55,17796,49480969,-,-
07336800,Lohnweiler,50,376,323180,-,-
07336800,Medard,50,461,406418,-,-
07336800,Merzweiler,50,151,-,-,-
07336800,Nerzweiler,50,116,87705,-,-
07336800,Nußbach,50,562,1142370,-,-
07336800,Oberweiler im Tal,50,162,500960,139127,361833
07336800,Oberweiler-Tiefenbach,50,280,732812,12680,490818
07336800,Odenbach,50,784,1314195,-,-
07336800,Offenbach-Hundheim,50,1009,2536137,-,-
07336800,Reipoltskirchen,50,358,1042144,-,-
07336800,Relsberg,50,169,153072,93514,-
07336800,Rothselberg,50,609,-,-,-
07336800,Rutsweiler an der Lauter,50,357,1113498,-,-
07336800,Sankt Julian,50,1093,3179047,808324,2370723
07336801,Unterjeckenbach,50,72,15400,-,-
07336801,Wiesweiler,50,378,985286,-,-
07336801,"Wolfstein, Stadt",50,1855,14831043,5023767,9807276
07336900,Altenkirchen,50,1297,2570619,944091,-
07336900,Breitenbach,50,1815,3510982,1577712,1933270
07336900,Brücken (Pfalz),50,2101,4891426,2846070,2045356
07336900,Börsborn,50,431,181189,-,-
07336900,Dittweiler,50,873,3243912,1388457,1855455
07336900,Dunzweiler,50,852,2707416,-,-
07336900,Frohnhofen,50,444,1882633,47546,-
07336900,Glan-Münchweiler,50,1176,2586258,1855409,730849
07336900,Gries,50,1087,2360584,-,-
07336900,Henschtal,50,319,1240577,-,-
07336900,Herschweiler-Petter.,50,1301,1523772,635607,888165
07336900,Hüffler,50,488,1263872,-,-
07336900,Krottelbach,50,641,987122,543427,-
07336900,Langenbach,50,454,937626,-,-
07336900,Nanzdietschweiler,50,1112,3252794,1790255,1462539
07336900,"Oberes Glantal, Verbandsgemeindeverwaltung",55,28890,43707687,14141746,-
07336900,Ohmbach,50,751,2715798,-,-
07336900,Rehweiler,50,423,719015,-,-
07336900,Schönenberg-Kübelb.,50,5553,8050169,8046930,-
07336900,Steinbach am Glan,50,880,1188674,-,-
07336901,Matzenbach,50,606,1118877,551989,566888
07336901,Wahnwegen,50,651,674796,-,-
07336901,"Waldmohr, Stadt",50,5145,23969120,9736832,-
07336905,Quirnbach/Pfalz,50,490,1325904,456844,869060
07337010,"Südliche Weinstraße, Landkreisverwaltung",32,113091,24662929,24662929,-
07337100,Albersweiler,50,1988,1631348,739700,891648
07337100,"Annweiler am Trifels, Verbandsgemeindeverwaltung",55,17014,14004232,4704232,-
07337100,Dernbach,50,440,107971,-,-
07337100,Eußerthal,50,925,233600,233600,-
07337100,Gossersweiler-Stein,50,1402,367650,367650,-
07337100,Münchweiler am Klingbach,50,211,-,-,-
07337100,Ramberg,50,974,-,-,-
07337100,Rinnthal,50,682,-,-,-
07337100,Silz,50,721,-,-,-
07337100,Völkersweiler,50,571,-,-,-
07337100,Waldhambach,50,390,-,-,-
07337100,Waldrohrbach,50,434,-,-,-
07337100,Wernersberg,50,1108,-,-,-
07337105,"Annweiler am Trifels, Stadt",50,7168,5838747,2333500,3505247
07337200,"Bad Bergzabern, Stadt",50,8660,13735576,-,-
07337200,"Bad Bergzabern, Verbandsgemeindeverwaltung",55,24701,9529248,-,5259580
07337200,Barbelroth,50,675,14072,14072,-
07337200,Birkenhördt,50,652,332862,332862,-
07337200,Böllenborn,50,221,32860,32860,-
07337200,Dierbach,50,560,16314,-,-
07337200,Dörrenbach,50,906,191615,-,-
07337200,Gleiszellen-Gleishorbach,50,778,6538,-,-
07337200,Hergersweiler,50,227,8250,8250,-
07337200,Kapellen-Drusweiler,50,995,203677,203677,-
07337200,Kapsweyer,50,901,32950,32950,-
07337200,Klingenmünster,50,2289,1636688,35930,-
07337200,Niederhorbach,50,461,291052,291052,-
07337200,Niederotterbach,50,347,-,-,-
07337200,Oberhausen,50,467,-,-,-
07337200,Oberotterbach,50,1110,13111,13111,-
07337200,Oberschlettenbach,50,140,6066,6066,-
07337200,Pleisweiler-Oberhofen,50,856,454585,454585,-
07337200,Schweigen-Rechtenbach,50,1371,112403,-,112403
07337200,Schweighofen,50,578,174365,174365,-
07337200,Steinfeld,50,1875,632535,-,-
07337200,Vorderweidenthal,50,632,572223,272909,-
07337300,Altdorf,50,935,830,-,-
07337300,Burrweiler,50,801,64477,64477,-
07337300,Böbingen,50,792,-,-,-
07337300,"Edenkoben, Stadt",50,6888,5671029,-,-
07337300,"Edenkoben, Verbandsgemeindeverwaltung",55,20868,1644999,1644999,-
07337300,Edesheim,50,2496,-,-,-
07337300,Flemlingen,50,397,-,-,-
07337300,Freimersheim,50,1040,-,-,-
07337300,Gleisweiler,50,608,68250,68250,-
07337300,Gommersheim,50,1606,202092,-,-
07337300,Großfischlingen,50,606,-,-,-
07337300,Hainfeld,50,903,-,-,-
07337300,Kleinfischlingen,50,325,-,-,-
07337300,Rhodt unter Rietburg,50,1157,196958,-,-
07337300,Roschbach,50,867,256500,-,-
07337300,Venningen,50,902,-,-,-
07337300,Weyher in der Pfalz,50,545,-,-,-
07337400,Herxheim bei Landau/Pfalz,50,10963,24943619,24943619,-
07337400,"Herxheim, Verbandsgemeindeverwaltung",55,15543,3976928,3976928,-
07337400,Herxheimweyher,50,585,123552,-,123552
07337400,Insheim,50,2198,1572221,1572221,-
07337400,Rohrbach,50,1797,3013155,2496972,516183
07337500,Billigheim-Ingenheim,50,3828,348214,348214,-
07337500,Birkweiler,50,732,2138,-,-
07337500,Böchingen,50,737,-,-,-
07337500,Eschbach,50,649,18640,-,-
07337500,Frankweiler,50,898,-,-,-
07337500,Göcklingen,50,882,-,-,-
07337500,Heuchelheim-Klingen,50,816,274440,-,-
07337500,Ilbesheim bei Landau in der Pfalz,50,1187,48488,48488,-
07337500,Impflingen,50,971,454982,-,-
07337500,Knöringen,50,442,-,-,-
07337500,"Landau-Land, Verbandsgemeindeverwaltung",55,13952,1298031,-,-
07337500,Leinsweiler,50,516,2448,-,-
07337500,Ranschbach,50,633,12048,-,-
07337500,Siebeldingen,50,1047,149952,-,-
07337500,Walsheim,50,614,1918,1918,-
07337600,Kirrweiler (Pfalz),50,2055,367967,367967,-
07337600,Maikammer,50,4400,961991,20207,-
07337600,"Maikammer, Verbandsgemeindeverwaltung",55,8134,6068629,4708066,1360563
07337600,Sankt Martin,50,1679,881942,831675,-
07337700,Bornheim,50,1557,-,-,-
07337700,Essingen,50,2318,155585,155585,-
07337700,Hochstadt (Pfalz),50,2719,298731,159000,-
07337700,"Offenbach a.d.Queich, Verbandsgemeindeverwaltung",55,12879,5819425,-,-
07337700,Offenbach an der Queich,50,6285,1628490,1628490,-
07338010,"Rhein-Pfalz-Kreis, Landkreisverwaltung",32,155131,47548287,-,-
07338100,"Dannstadt-Schauernh., Verbandsgemeindeverwaltung",55,13544,670270,670270,-
07338100,Dannstadt-Schauernheim,50,7550,4505830,4505830,-
07338100,Hochdorf-Assenheim,50,3116,1380859,1380859,-
07338100,Rödersheim-Gronau,50,2878,3980681,3008158,972523
07338400,Birkenheide,50,3116,730167,650647,79520
07338400,Bobenheim-Roxheim,41,9920,2201469,2201469,-
07338400,Fußgönheim,50,2540,72000,72000,-
07338400,Maxdorf,50,7085,683894,-,-
07338400,"Maxdorf, Verbandsgemeindeverwaltung",55,12741,1549120,-,-
07338500,Böhl-Iggelheim,41,10505,393750,-,-
07338500,"Schifferstadt, Stadt",41,21302,15436559,10436559,-
07338600,Beindersheim,50,3392,-,-,-
07338600,Großniedesheim,50,1398,-,-,-
07338600,Heuchelheim bei Frankenthal,50,1259,1150070,-,995434
07338600,Heßheim,50,3059,-,-,-
07338600,Kleinniedesheim,50,930,-,-,-
07338600,Lambsheim,50,6842,3648754,3648754,-
07338600,"Lambsheim-Heßheim, Verbandsgemeindeverwaltung",55,16880,7003894,2294429,-
07338700,Dudenhofen,50,6037,1074255,-,-
07338700,Hanhofen,50,2584,3769027,319963,-
07338700,Harthausen,50,3164,823497,157176,-
07338700,Limburgerhof,41,11592,10301957,10301957,-
07338700,Römerberg,50,9635,4645906,4021798,624108
07338700,"Römerberg-Dudenhofen, Verbandsgemeindeverwaltung",55,21420,1554186,-,-
07338800,Altrip,50,7634,1700348,1539845,160503
07338800,Neuhofen,50,6998,6973797,585723,6388074
07338800,Otterstadt,50,3344,-,-,-
07338800,"Rheinauen, Verbandsgemeindeverwaltung",55,24005,-,-,-
07338800,Waldsee,50,6029,573291,573291,-
07338900,Mutterstadt,41,13222,4562595,4562595,-
07339000,"Ingelheim am Rhein, Stadt",41,34971,1727732,1727732,-
07339010,"Mainz-Bingen, Landkreisverwaltung",32,206074,-,-,-
07339100,"Bacharach, Stadt",50,1614,6135628,1654935,4065363
07339100,Breitscheid,50,147,-,-,-
07339100,Manubach,50,289,30111,30111,-
07339100,Münster-Sarmsheim,50,3008,1134618,-,-
07339100,Niederheimbach,50,814,1044685,770034,-
07339100,Oberdiebach,50,816,396057,396057,-
07339100,Oberheimbach,50,536,312939,312939,-
07339100,"Rhein-Nahe, Verbandsgemeindeverwaltung",55,14601,5149853,-,-
07339100,Trechtingshausen,50,1002,1061127,-,-
07339100,Waldalgesheim,50,3952,832808,832808,-
07339100,Weiler bei Bingen,50,2423,11700847,-,-
07339200,Bodenheim,50,7684,10620579,-,-
07339200,"Bodenheim, Verbandsgemeindeverwaltung",55,19706,383017,-,-
07339200,Gau-Bischofsheim,50,2128,2581423,-,-
07339200,Harxheim,50,2258,2597183,-,-
07339200,Lörzweiler,50,2289,7595503,-,-
07339200,Nackenheim,50,5347,8943533,-,-
07339300,Appenheim,50,1397,-,-,-
07339300,Bubenheim,50,812,-,-,-
07339300,Engelstadt,50,737,122753,-,122753
07339300,"Gau-Algesheim, Stadt",50,6467,3962078,3391330,376527
07339300,"Gau-Algesheim, Verbandsgemeindeverwaltung",55,16310,-,-,-
07339300,Nieder-Hilbersheim,50,651,25082,-,-
07339300,Ober-Hilbersheim,50,1008,-,-,-
07339300,Ockenheim,50,2742,-,-,-
07339300,Schwabenheim an der Selz,50,2496,-,-,-
07339500,"Bingen am Rhein, Stadt",41,24980,31326376,-,-
07339500,Heidesheim am Rhein,-,-,-,-,-
07339500,"Heidesheim am Rhein, Verbandsgemeindeverwaltung",-,-,-,-,-
07339500,Wackernheim,-,-,-,-,-
07339600,Essenheim,50,3466,873667,873667,-
07339600,Jugenheim in Rheinhessen,50,1648,-,-,-
07339600,Klein-Winternheim,50,3648,-,-,-
07339600,"Nieder-Olm, Stadt",50,9639,271638,271638,-
07339600,"Nieder-Olm, Verbandsgemeindeverwaltung",55,32469,640340,-,-
07339600,Ober-Olm,50,4509,682853,682853,-
07339600,Stadecken-Elsheim,50,4745,2777235,2777235,-
07339600,Sörgenloch,50,1217,-,-,-
07339600,Zornheim,50,3597,3284683,-,-
07339700,Dalheim,50,1014,626386,-,100406
07339700,Dexheim,50,1427,-,-,-
07339700,Dienheim,50,2212,-,-,-
07339700,Dolgesheim,50,952,119257,-,-
07339700,Eimsheim,50,503,339738,-,-
07339700,Friesenheim,50,711,-,-,-
07339700,Guntersblum,50,3891,4516669,2841061,1491608
07339700,Hahnheim,50,1523,-,-,-
07339700,Hillesheim,50,651,985814,309753,676061
07339700,Köngernheim,50,1293,2845895,571975,-
07339700,Ludwigshöhe,50,554,-,-,-
07339700,Mommenheim,50,3025,1045680,-,-
07339700,"Nierstein, Stadt",50,8103,2245696,1497969,747727
07339700,"Oppenheim, Stadt",50,7054,18535666,-,-
07339700,"Rhein-Selz, Verbandsgemeindeverwaltung",55,40380,24573547,12948512,-
07339700,Selzen,50,1516,424173,424173,-
07339700,Uelversheim,50,1063,911295,-,-
07339700,Undenheim,50,2918,-,-,-
07339700,Weinolsheim,50,710,75590,-,-
07339700,Wintersheim,50,299,574,-,-
07339702,Dorn-Dürkheim,50,961,486635,-,-
07339800,Aspisheim,50,850,218417,-,-
07339800,Badenheim,50,648,-,-,-
07339800,Gensingen,50,3893,-,-,-
07339800,Grolsheim,50,1359,-,-,-
07339800,Horrweiler,50,849,238188,238188,-
07339800,Sankt Johann,50,864,793096,793096,-
07339800,Sprendlingen,50,4021,615150,615150,-
07339800,"Sprendlingen-Gens., Verbandsgemeindeverwaltung",55,14500,-,-,-
07339800,Welgesheim,50,565,-,-,-
07339800,Zotzenheim,50,637,-,-,-
07339802,Wolfsheim,50,814,-,-,-
07339900,Budenheim,41,8157,2756348,-,-
07340010,"Südwestpfalz, Landkreisverwaltung",32,90304,39674791,-,-
07340100,Bobenthal,50,273,145382,145382,-
07340100,Busenberg,50,1149,930374,930374,-
07340100,"Dahn, Stadt",50,4318,4675846,-,-
07340100,"Dahner Felsenland, Verbandsgemeindeverwaltung",55,13769,22555657,-,9767738
07340100,Erfweiler,50,1113,1723027,-,-
07340100,Erlenbach bei Dahn,50,331,502221,-,-
07340100,Fischbach bei Dahn,50,1417,4961891,1981252,-
07340100,Hirschthal,50,85,66405,66405,-
07340100,Ludwigswinkel,50,756,1504970,-,829048
07340100,Niederschlettenbach,50,281,194748,-,-
07340100,Nothweiler,50,125,504502,-,-
07340100,Rumbach,50,401,176393,175643,750
07340100,Schindhard,50,521,240201,-,-
07340100,Schönau (Pfalz),50,395,901075,345771,555304
07340105,Bruchweiler-Bärenbach,50,1548,713888,713888,-
07340105,Bundenthal,50,1056,1920737,-,1214023
07340200,Darstein,50,186,118092,-,-
07340200,Dimbach,50,184,649,-,-
07340200,Hauenstein,50,3525,6065066,6065066,-
07340200,"Hauenstein, Verbandsgemeindeverwaltung",55,8106,3804768,3783243,21525
07340200,Hinterweidenthal,50,1532,1932303,-,108804
07340200,Lug,50,579,-,-,-
07340200,Schwanheim,50,559,-,-,-
07340200,Spirkelbach,50,642,-,-,-
07340200,Wilgartswiesen,50,899,175330,175330,-
07340300,Eppenbrunn,50,1249,1150076,-,-
07340300,Hilst,50,326,-,-,-
07340300,Kröppen,50,696,658662,-,-
07340300,Lemberg,50,3466,4156350,-,-
07340300,Obersimten,50,612,1526037,-,-
07340300,"Pirmasens-Land, Verbandsgemeindeverwaltung",55,11610,2704140,2704140,-
07340300,Ruppertsweiler,50,1461,888627,888627,-
07340300,Schweix,50,281,202473,15306,-
07340300,Trulben,50,1121,1018887,-,-
07340300,Vinningen,50,1676,73430,-,-
07340302,Bottenbach,50,722,-,-,-
07340400,Clausen,50,1397,441006,441006,-
07340400,Donsieders,50,880,172294,172294,-
07340400,Leimen,50,927,280739,280739,-
07340400,Merzalben,50,1188,110583,110583,-
07340400,Münchweiler an der Rodalb,50,2748,2344282,833993,1510289
07340400,"Rodalben, Stadt",50,6379,1249596,64423,-
07340400,"Rodalben, Verbandsgemeindeverwaltung",55,13519,927831,-,-
07340600,Geiselberg,50,773,-,-,-
07340600,Heltersberg,50,1942,-,-,-
07340600,Hermersberg,50,1629,388264,388264,-
07340600,Horbach,50,497,43858,43858,-
07340600,Höheinöd,50,1163,468812,-,-
07340600,Schmalenberg,50,742,-,-,-
07340600,Steinalben,50,378,244166,244166,-
07340600,"Waldfischbach-Burga., Verbandsgemeindeverwaltung",55,11384,7170544,788139,557891
07340600,Waldfischbach-Burgalben,50,4260,971286,-,-
07340800,"Zweibrücken-Land, Verbandsgemeindeverwaltung",55,15381,7967446,-,-
07340802,Althornbach,50,666,416902,416902,-
07340802,Battweiler,50,631,870413,447705,422708
07340802,Bechhofen,50,2039,797373,-,-
07340802,Contwig,50,4345,1536538,1536538,-
07340802,Dellfeld,50,1357,315122,-,13669
07340802,Dietrichingen,50,358,88814,-,-
07340802,Großbundenbach,50,327,198975,-,-
07340802,Großsteinhausen,50,587,310425,-,-
07340802,"Hornbach, Stadt",50,1395,1559565,1445782,-
07340802,Kleinbundenbach,50,421,28570,-,-
07340802,Kleinsteinhausen,50,744,2784191,-,-
07340802,Käshofen,50,617,-,-,-
07340802,Mauschbach,50,288,-,-,-
07340802,Riedelberg,50,445,-,-,-
07340802,Rosenkopf,50,357,160583,-,-
07340802,Walshausen,50,322,12490,12490,-
07340802,Wiesbach,50,482,31453,-,-
07340900,Herschberg,50,802,50924,50924,-
07340900,Hettenhausen,50,209,-,-,-
07340900,Höheischweiler,50,792,143299,143299,-
07340900,Höhfröschen,50,878,504865,-,-
07340900,Nünschweiler,50,738,120295,120295,-
07340900,Petersberg,50,844,85165,85165,-
07340900,Saalstadt,50,303,86793,50700,36093
07340900,Schauerberg,50,168,562,562,-
07340900,Thaleischweiler-Fröschen,50,2770,1964880,1964880,-
07340900,"Thaleischweiler-Wallhalben, Verbandsgemeindeverwaltung",55,16535,16653200,-,6070767
07340900,Weselberg,50,1303,-,-,-
07340902,Biedershausen,50,180,-,-,-
07340902,Knopp-Labach,50,416,25458,-,-
07340902,Krähenberg,50,154,145781,-,-
07340902,Maßweiler,50,925,1260406,776429,483977
07340902,Obernheim-Kirchen.,50,1528,573799,573799,-
07340902,Reifenberg,50,777,545619,79733,465886
07340902,Rieschweiler-Mühlbach,50,2035,49968,49968,-
07340902,Schmitshausen,50,397,116025,116025,-
07340902,Wallhalben,50,827,199475,-,-
07340902,Winterbach (Pfalz),50,489,353125,353125,-
07390000,Bezirksverband Pfalz,24,1421313,18261819,18242677,-
08111000,"Stuttgart, Landeshauptstadt",31,612856,-,-,-
08115000,"Weil der Stadt, Stadt",41,19484,17841783,16936073,-
08115010,"Böblingen, Landkreisverwaltung",32,393118,69535080,69535080,-
08115100,Aidlingen,52,9257,3756724,-,-
08115100,Grafenau,52,6626,2621929,-,-
08115100,"Renningen, Stadt",41,18595,205317,205317,-
08115100,Weil im Schönbuch,41,9867,690084,-,-
08115200,Ehningen,52,9161,2625000,-,-
08115200,Gärtringen,52,12989,3938376,3938376,-
08115200,"Rutesheim, Stadt",41,11217,-,-,-
08115200,Weissach,41,7690,-,-,-
08115300,"Böblingen, Stadt",41,50968,4077221,-,-
08115300,Deckenpfronn,50,3279,2251507,-,-
08115300,"Herrenberg, Stadt",51,33982,33786622,-,-
08115300,Nufringen,50,5763,-,-,-
08115400,Altdorf,52,4512,579753,-,-
08115400,Hildrizhausen,52,3526,97500,-,-
08115400,"Holzgerlingen, Stadt",52,13959,368000,368000,-
08115400,Schönaich,41,10443,4004602,4004602,-
08115500,Bondorf,52,6202,-,-,-
08115500,Gäufelden,52,8975,6711536,4711536,2000000
08115500,Jettingen,52,8130,187067,187067,-
08115500,Mötzingen,52,3725,1591643,-,-
08115500,"Sindelfingen, Stadt",41,61198,-,-,-
08115600,Steinenbronn,52,6436,-,-,-
08115600,"Waldenbuch, Stadt",52,8684,5311571,5311571,-
08115800,"Leonberg, Stadt",41,48918,57536782,57515657,-
08115900,Magstadt,41,9532,-,-,-
08116000,"Ostfildern, Stadt",41,39546,25765510,-,-
08116010,"Esslingen, Landkreisverwaltung",32,535082,154019147,172480,-
08116100,"Aichtal, Stadt",41,9564,2339000,2339000,-
08116100,Dettingen unter Teck,50,6189,4053196,-,-
08116100,"Kirchheim unter Teck, Stadt",51,42245,157200,-,-
08116100,Notzingen,50,3612,1270580,1270580,-
08116200,Erkenbrechtsweiler,52,2054,1006413,-,-
08116200,Lenningen,52,8038,-,-,-
08116200,"Owen, Stadt",52,3430,-,-,-
08116200,"Wernau (Neckar), Stadt",41,12254,1722701,-,-
08116300,Altdorf,52,1701,-,-,-
08116300,Altenriet,52,1968,424200,-,-
08116300,Bempflingen,52,3325,1670206,1670206,-
08116300,Neckartailfingen,52,3789,714155,-,-
08116300,Neckartenzlingen,52,6232,1151622,-,-
08116300,Schlaitdorf,52,1896,51952,51952,-
08116400,Beuren,50,3599,4504774,2506179,1998595
08116400,Kohlberg,50,2292,1249580,-,-
08116400,"Neuffen, Stadt",51,6101,3091250,3091250,-
08116500,Denkendorf,41,11081,-,-,-
08116500,Frickenhausen,50,9203,5385328,-,-
08116500,Großbettlingen,50,4157,1620007,1620007,-
08116500,"Nürtingen, Stadt",51,40655,22452278,-,-
08116500,Oberboihingen,50,5552,2126250,-,-
08116500,Unterensingen,50,4935,2943415,-,-
08116500,Wolfschlugen,50,6241,-,-,-
08116600,Aichwald,41,7265,-,-,-
08116600,Altbach,52,6104,3708314,3708314,-
08116600,Deizisau,52,6704,-,-,-
08116600,"Plochingen, Stadt",52,14231,3800786,-,-
08116700,Baltmannsweiler,52,5536,-,-,-
08116700,"Filderstadt, Stadt",41,46152,-,-,-
08116700,Hochdorf,52,4798,1069047,1069047,-
08116700,Lichtenwald,52,2541,295725,295725,-
08116700,Neuhausen auf den Fildern,41,12318,9663864,-,-
08116700,Reichenbach an der Fils,52,8207,1578756,-,-
08116800,Bissingen an der Teck,50,3416,712021,-,-
08116800,Holzmaden,50,2325,2404167,-,-
08116800,"Leinfelden-Echterdingen, Stadt",41,41076,1091359,1091359,-
08116800,Neidlingen,50,1721,65908,65908,-
08116800,Ohmden,50,1763,446503,446503,-
08116800,"Weilheim an der Teck, Stadt",51,9870,1296837,-,-
08116900,"Esslingen am Neckar, Stadt",41,95829,45340906,-,-
08116900,Köngen,52,9597,-,-,-
08116900,"Wendlingen am Neckar, Stadt",52,15970,-,-,-
08117000,Albershausen,50,4403,-,-,-
08117000,Böhmenkirch,41,5607,2631686,2631686,-
08117000,"Uhingen, Stadt",51,14306,2237500,2237500,-
08117010,"Göppingen, Landkreisverwaltung",32,258132,179773318,-,18000000
08117100,Bad Ditzenbach,50,3789,7938226,-,-
08117100,Deggingen,51,5130,940518,-,-
08117100,Eschenbach,52,2118,-,-,-
08117100,Heiningen,52,5067,2551238,2551238,-
08117200,"Ebersbach an der Fils, Stadt",51,15359,5591850,5591850,-
08117200,Schlierbach,50,3867,-,-,-
08117300,"Eislingen/Fils, Stadt",52,22307,3649056,3649056,-
08117300,Ottenbach,52,2377,1536676,-,-
08117300,Salach,52,8022,5024907,-,-
08117400,Bad Überkingen,50,3794,1509015,-,-
08117400,"Geislingen an der Steige, Stadt",51,27683,9031191,4000,-
08117400,Kuchen,50,5565,-,-,-
08117500,"Göppingen, Stadt",51,58560,9150174,-,-
08117500,Schlat,50,1663,228470,228470,-
08117500,Wangen,50,3179,900000,-,-
08117500,Wäschenbeuren,50,3924,-,-,-
08117600,"Donzdorf, Stadt",52,10566,9512060,7012060,2500000
08117600,Gingen an der Fils,52,4460,784660,784660,-
08117600,"Lauterstein, Stadt",52,2496,741742,-,-
08117600,"Süßen, Stadt",52,10195,4746307,4746307,-
08117700,Drackenstein,52,451,-,-,-
08117700,Gruibingen,52,2152,2048397,1148397,900000
08117700,Hohenstadt,52,788,79000,79000,-
08117700,Mühlhausen im Täle,52,1070,787376,-,-
08117700,"Wiesensteig, Stadt",52,2028,1884500,-,700000
08117800,Adelberg,52,1949,821700,-,-
08117800,Birenbach,52,1865,1029315,529315,-
08117800,Börtlingen,52,1713,1679598,-,-
08117800,Rechberghausen,52,5474,1246204,1246204,-
08117900,Aichelberg,52,1312,626090,626090,-
08117900,Bad Boll,52,5157,4512464,4512464,-
08117900,Dürnau,52,2194,157188,157188,-
08117900,Gammelshausen,52,1497,474665,474665,-
08117900,Hattenhofen,52,2919,837500,837500,-
08117900,Zell unter Aichelberg,52,3126,4325210,3475210,850000
08118000,"Korntal-Münchingen, Stadt",41,18836,6602526,6602526,-
08118000,"Markgröningen, Stadt",41,14188,12628728,-,-
08118000,Oberstenfeld,41,7502,4162764,-,-
08118010,"Ludwigsburg, Landkreisverwaltung",32,533659,68308663,-,6000000
08118100,"Besigheim, Stadt",52,12198,10542995,-,-
08118100,"Ditzingen, Stadt",41,22780,8000000,8000000,-
08118100,Freudental,52,2436,3167975,2923616,-
08118100,Gemmrigheim,52,4632,-,-,-
08118100,"Großbottwar, Stadt",41,7972,12861368,12861368,-
08118100,Hessigheim,52,2498,13605,-,-
08118100,Löchgau,52,5772,1536846,-,-
08118100,Mundelsheim,52,3502,322741,-,-
08118100,Möglingen,41,10659,-,-,-
08118100,"Remseck am Neckar, Stadt",41,26285,9834095,-,-
08118100,Walheim,52,3265,975000,975000,-
08118200,"Bietigheim-Bissingen, Stadt",51,43681,-,-,-
08118200,Ingersheim,50,6255,4919822,4919822,-
08118200,"Tamm, Stadt",50,12199,226611,218736,-
08118300,"Asperg, Stadt",41,13437,9073440,9073440,-
08118300,"Bönnigheim, Stadt",52,8087,1173000,1173000,-
08118300,Erligheim,52,2967,-,-,-
08118300,Kirchheim am Neckar,52,5895,11596745,11596745,-
08118400,"Freiberg am Neckar, Stadt",51,15570,43684229,-,-
08118400,Pleidelsheim,50,6110,11780229,180000,-
08118500,Affalterbach,52,4355,-,-,-
08118500,Benningen am Neckar,52,6308,6404640,-,-
08118500,Erdmannhausen,52,5198,1933500,1933500,-
08118500,"Marbach am Neckar, Stadt",52,15409,17190079,17190079,-
08118600,Hemmingen,52,7885,-,-,-
08118600,"Kornwestheim, Stadt",41,33994,-,-,-
08118600,"Sachsenheim, Stadt",41,18551,34084,-,-
08118600,Schwieberdingen,52,11354,1342100,-,-
08118700,Murr,52,6632,-,-,-
08118700,"Steinheim an der Murr, Stadt",52,12041,3342116,-,-
08118800,Eberdingen,50,6748,-,-,-
08118800,"Ludwigsburg, Stadt",41,92377,19633450,19633450,-
08118800,"Oberriexingen, Stadt",50,3278,-,-,-
08118800,Sersheim,50,5433,-,-,-
08118800,"Vaihingen an der Enz, Stadt",51,28783,13910753,800000,-
08118900,"Gerlingen, Stadt",41,18587,9228502,-,-
08119000,"Fellbach, Stadt",41,46981,60349749,-,-
08119000,Remshalden,41,14382,9306609,9306609,-
08119010,"Rems-Murr-Kreis, Landkreisverwaltung",32,438884,104505644,1946000,-
08119100,Alfdorf,41,7290,128000,128000,-
08119100,Allmersbach im Tal,50,5058,2703397,-,-
08119100,Althütte,50,4236,-,-,-
08119100,Aspach,50,8337,774100,-,-
08119100,Auenwald,50,6868,1743022,-,-
08119100,"Backnang, Stadt",51,38439,2506350,-,-
08119100,Burgstetten,50,3757,4489021,-,-
08119100,Kirchberg an der Murr,50,4066,-,-,-
08119100,Korb,41,11434,8099998,-,-
08119100,Oppenweiler,50,4458,-,-,-
08119100,Rudersberg,41,11756,124448,124448,-
08119100,"Weinstadt, Stadt",41,26861,4916285,4912785,-
08119100,Weissach im Tal,50,7498,4333345,-,637441
08119200,Plüderhausen,52,9702,5860812,-,-
08119200,Urbach,52,9119,3392224,3392224,-
08119300,Kernen im Remstal,41,15820,5778000,5778000,-
08119300,"Schorndorf, Stadt",51,40933,46765978,-,8136122
08119300,Winterbach,50,7698,413610,-,-
08119400,Großerlach,52,2683,917707,917707,-
08119400,"Murrhardt, Stadt",41,14487,4253875,-,-
08119400,Spiegelberg,52,2179,1178182,580229,-
08119400,Sulzbach an der Murr,52,5337,1999205,1999205,-
08119500,Kaisersbach,50,2403,61294,-,-
08119500,"Welzheim, Stadt",51,11277,459999,459999,-
08119600,Leutenbach,52,12127,4979048,4979048,-
08119600,Schwaikheim,52,9846,4524422,-,-
08119600,"Winnenden, Stadt",52,29702,15217741,15217741,-
08119900,Berglen,41,6796,-,-,-
08119900,"Waiblingen, Stadt",41,57354,8172973,8172973,-
08121000,"Heilbronn, Universitätsstadt",31,130434,1100000,1100000,-
08125000,"Güglingen, Stadt",52,6390,2698171,-,-
08125000,Pfaffenhofen,52,2545,-,-,-
08125001,Zaberfeld,52,4188,-,-,-
08125010,"Heilbronn, Landkreisverwaltung",32,353046,49448268,160781,-
08125100,"Bad Friedrichshall, Stadt",51,19756,2965932,-,-
08125100,"Löwenstein, Stadt",50,3415,1761445,1761445,-
08125100,Oedheim,50,6663,-,-,-
08125100,Offenau,50,2905,2341021,2341021,-
08125101,Obersulm,51,13919,1349435,-,-
08125200,Abstatt,52,4945,-,-,-
08125200,"Bad Rappenau, Stadt",51,22641,2224160,2224160,-
08125200,"Beilstein, Stadt",52,6223,3080559,-,-
08125200,Ilsfeld,52,9789,4450000,4450000,-
08125200,Kirchardt,50,5888,3484508,-,1000000
08125200,Siegelsbach,50,1710,686539,-,-
08125200,Untergruppenbach,52,8650,683549,-,-
08125300,"Brackenheim, Stadt",51,16749,-,-,-
08125300,Cleebronn,50,3159,1462232,-,-
08125300,Massenbachhausen,50,3743,119438,-,-
08125300,"Schwaigern, Stadt",51,11645,2431333,2431333,-
08125400,Eberstadt,52,3173,1793064,1793064,-
08125400,Ellhofen,52,3977,-,-,-
08125400,"Eppingen, Stadt",51,22631,10134048,10134048,-
08125400,Gemmingen,50,5513,2519312,118410,-
08125400,Ittlingen,50,2665,1452539,-,-
08125400,Lehrensteinsfeld,52,2753,-,-,-
08125401,"Weinsberg, Stadt",52,13136,-,-,-
08125500,Flein,52,7362,-,-,-
08125500,Talheim,52,5050,-,-,-
08125600,"Lauffen am Neckar, Stadt",51,12044,6451070,-,-
08125600,Neckarwestheim,50,4129,-,-,-
08125600,Nordheim,50,8455,6629641,5940670,-
08125700,"Bad Wimpfen, Stadt",41,7499,1875206,-,-
08125700,Jagsthausen,50,1903,944799,944799,-
08125700,"Möckmühl, Stadt",51,8507,3691700,3691700,-
08125700,Roigheim,50,1472,701010,-,-
08125700,Wüstenrot,41,6730,4448000,4448000,-
08125701,"Widdern, Stadt",50,1788,1723052,1723052,-
08125800,Erlenbach,50,5138,2932676,-,-
08125800,"Leingarten, Stadt",41,11718,-,-,-
08125800,"Neckarsulm, Stadt",51,26349,-,-,-
08125800,"Neudenau, Stadt",41,5471,688000,-,-
08125800,Untereisesheim,50,4369,441196,-,-
08125900,"Gundelsheim, Stadt",41,7545,3639147,-,-
08125900,"Neuenstadt am Kocher, Stadt",51,10427,-,-,-
08125901,Hardthausen am Kocher,50,4406,1249182,1249182,-
08125901,Langenbrettach,50,3913,-,-,-
08126010,"Hohenlohekreis, Landkreisverwaltung",32,114934,10239457,-,-
08126100,Bretzfeld,41,12440,-,-,-
08126100,Kupferzell,52,6596,2707957,-,-
08126100,"Neuenstein, Stadt",52,6598,306250,-,-
08126100,"Waldenburg, Stadt",52,2980,1586909,1586409,-
08126200,Dörzbach,52,2567,3130097,3130097,-
08126200,"Krautheim, Stadt",52,4604,3233750,-,-
08126200,Mulfingen,52,3633,7683308,7683308,-
08126200,Schöntal,41,5624,346879,346879,-
08126300,"Ingelfingen, Stadt",50,5444,2240677,2240677,-
08126300,"Künzelsau, Stadt",51,16131,-,-,-
08126400,"Forchtenberg, Stadt",52,5332,2936807,-,-
08126400,"Niedernhall, Stadt",52,4257,4163021,-,-
08126400,Weißbach,52,2050,644441,644441,-
08126500,Pfedelbach,50,9388,-,-,-
08126500,Zweiflingen,50,1828,1655000,1655000,-
08126500,"Öhringen, Stadt",51,25462,27212274,1791250,-
08127010,"Schwäbisch Hall, Landkreisverwaltung",32,199726,48993073,45993073,-
08127100,Braunsbach,52,2475,3004360,-,-
08127100,Untermünkheim,52,3025,994840,994840,-
08127200,"Crailsheim, Stadt",51,35116,30023087,30023087,-
08127200,Mainhardt,41,6020,13808643,13808643,-
08127200,Satteldorf,50,5694,-,-,-
08127201,Frankenhardt,50,4999,1300447,1300447,-
08127201,Stimpfach,50,3019,5971198,5971198,-
08127301,Fichtenau,52,4569,6586650,-,-
08127301,Kreßberg,52,4028,5212569,-,-
08127400,"Gerabronn, Stadt",51,4472,2952198,-,-
08127400,"Langenburg, Stadt",50,1795,5740888,4140888,-
08127500,"Ilshofen, Stadt",52,7001,144538,-,-
08127500,"Schrozberg, Stadt",41,5757,3484125,-,-
08127500,"Vellberg, Stadt",52,4704,2091617,2091617,-
08127500,Wolpertshausen,52,2316,1425736,1425736,-
08127600,Fichtenberg,52,2848,-,-,-
08127600,"Gaildorf, Stadt",52,12162,19028339,-,-
08127600,Oberrot,52,3459,398358,398358,-
08127600,Sulzbach-Laufen,52,2551,1099261,-,-
08127700,Bühlertann,52,3051,255430,1500,-
08127700,Bühlerzell,52,2075,4180550,-,-
08127700,Obersontheim,52,5390,2333945,2333945,-
08127800,Blaufelden,41,5435,7766663,-,-
08127800,"Kirchberg an der Jagst, Stadt",52,4207,5509018,4109018,-
08127800,Rot am See,52,5580,230413,230413,-
08127800,Wallhausen,52,3801,6128170,5578170,-
08127900,Michelbach an der Bilz,50,3330,119437,-,-
08127900,Michelfeld,50,3777,1710685,1710685,-
08127900,"Schwäbisch Hall, Stadt",51,41854,-,-,-
08127901,Rosengarten,50,5216,-,-,-
08128000,"Creglingen, Stadt",41,4464,1407472,3000,-
08128010,"Main-Tauber-Kreis, Landkreisverwaltung",32,133048,20766829,20766829,-
08128100,Assamstadt,50,2231,1631003,-,-
08128100,"Bad Mergentheim, Stadt",51,24014,20747820,-,-
08128100,Igersheim,50,5434,3065426,-,-
08128100,"Wertheim, Stadt",41,23010,3650350,-,-
08128200,"Boxberg, Stadt",51,6674,-,-,-
08128200,"Niederstetten, Stadt",41,4831,808700,-,-
08128201,Ahorn,50,2241,940366,940366,-
08128300,"Grünsfeld, Stadt",51,3690,889791,889791,-
08128301,Wittighausen,50,1747,1847459,-,-
08128400,Großrinderfeld,50,4061,3197825,3197825,-
08128400,Königheim,50,3047,4911927,-,-
08128400,"Külsheim, Stadt",41,5323,4955582,-,-
08128401,"Tauberbischofsheim, Stadt",51,13401,3703082,-,-
08128401,Werbach,50,3232,2024796,-,-
08128600,"Weikersheim, Stadt",41,7695,4479444,-,-
08128900,"Freudenberg, Stadt",41,3645,7175953,-,-
08128900,"Lauda-Königshofen, Stadt",41,14308,15750138,-,-
08135000,Dischingen,41,4422,1398388,1398388,-
08135000,"Herbrechtingen, Stadt",41,13308,10420444,10420444,-
08135010,"Heidenheim, Landkreisverwaltung",32,135181,44615452,44615452,-
08135100,"Giengen an der Brenz, Stadt",51,19851,10518168,-,-
08135100,Hermaringen,50,2320,5116639,-,750000
08135200,"Heidenheim an der Brenz, Stadt",51,50694,38303167,38303167,-
08135200,Nattheim,50,6499,4054150,4054150,-
08135200,Steinheim am Albuch,41,8881,3750,-,-
08135300,"Niederstotzingen, Stadt",52,4776,1471221,1471221,-
08135300,Sontheim an der Brenz,52,5798,2789267,2789267,-
08135500,Gerstetten,41,11637,1328509,847257,-
08135500,Königsbronn,41,6995,7445006,7445006,-
08136000,"Oberkochen, Stadt",41,7962,-,-,-
08136010,"Ostalbkreis, Landkreisverwaltung",32,316868,140500777,24427588,116073189
08136100,"Aalen, Stadt",51,67526,34598833,-,-
08136100,Essingen,50,6423,117205,-,-
08136100,Hüttlingen,50,6046,738500,738500,-
08136200,Abtsgmünd,41,7464,1499954,1499954,-
08136200,"Bopfingen, Stadt",51,11578,3760196,3760196,-
08136200,Kirchheim am Ries,50,1789,1918438,-,-
08136200,"Lorch, Stadt",41,10830,-,-,-
08136200,Riesbürg,50,2231,1737215,-,-
08136300,Adelmannsfelden,50,1712,847111,847111,-
08136300,Ellenberg,50,1789,584794,584794,-
08136300,"Ellwangen (Jagst), Stadt",51,25035,16516219,12822543,-
08136300,Jagstzell,50,2325,588205,-,-
08136300,Neuler,50,3215,1343117,-,-
08136300,Rainau,50,3361,1596050,-,59138
08136300,Rosenberg,50,2589,-,-,-
08136300,Wört,50,1507,-,-,-
08136400,"Lauchheim, Stadt",52,4804,4222916,-,-
08136400,Westhausen,52,6158,5157819,-,-
08136500,Eschach,52,1884,1968806,-,-
08136500,Göggingen,52,2570,29280,-,-
08136500,Iggingen,52,2567,-,-,-
08136500,Leinzell,52,2024,2835830,-,-
08136500,"Neresheim, Stadt",41,8005,4005125,-,1300000
08136500,Obergröningen,52,427,243750,-,-
08136500,Schechingen,52,2229,1219100,419100,800000
08136600,Bartholomä,52,2076,69906,-,-
08136600,Böbingen an der Rems,52,4630,58326,-,-
08136600,"Heubach, Stadt",52,10073,5093287,5090162,-
08136600,Heuchlingen,52,1832,660001,660001,-
08136600,Mögglingen,52,4269,1108364,-,-
08136700,Gschwend,41,4622,800000,800000,-
08136700,"Schwäbisch Gmünd, Stadt",51,63850,64886887,64886887,-
08136700,Waldstetten,50,7051,6401833,4901833,-
08136800,Durlangen,52,2764,1677181,1677181,-
08136800,Mutlangen,52,6820,6531350,-,-
08136800,Ruppertshofen,52,1890,1899193,-,-
08136800,Spraitbach,52,3383,441612,441612,-
08136800,Täferrot,52,1031,490164,-,-
08136900,Stödtlen,52,1841,1179121,-,-
08136900,Tannhausen,52,1780,309125,-,-
08136900,Unterschneidheim,52,4906,1078273,-,-
08211000,"Baden-Baden, Stadt",31,56405,25003517,-,-
08212000,"Karlsruhe, Stadt",31,306804,575806952,513806952,-
08215000,Waldbronn,41,13539,12638680,-,-
08215000,Weingarten (Baden),41,10451,23472538,-,-
08215010,"Karlsruhe, Landkreisverwaltung",32,454360,122648454,105622434,-
08215100,Kronau,50,5971,146176,-,-
08215100,Pfinztal,41,18334,24211230,21211230,-
08215101,Bad Schönborn,51,13340,7266599,-,-
08215200,"Bretten, Stadt",51,30096,20805031,20805031,-
08215200,Eggenstein-Leopoldshafen,41,16875,1499982,-,-
08215200,Gondelsheim,50,4138,3549461,3549461,-
08215300,"Bruchsal, Stadt",51,47387,25632330,25632330,-
08215300,Forst,50,8105,1843402,-,-
08215300,Hambrücken,50,5541,1957240,-,-
08215301,Karlsdorf-Neuthard,50,10688,6906826,1773504,-
08215400,Graben-Neudorf,51,12340,309880,-,-
08215400,Ubstadt-Weiher,41,13287,6818046,-,-
08215400,"Östringen, Stadt",41,13419,15674368,-,-
08215401,Dettenheim,50,6758,2002882,-,-
08215500,Kürnbach,50,2345,1476811,-,-
08215500,Linkenheim-Hochstetten,41,12295,-,-,-
08215500,"Oberderdingen, Stadt",51,11705,15392480,10892480,4500000
08215600,Karlsbad,41,16126,3330833,3330833,-
08215600,Malsch,41,15121,8752361,8752361,-
08215600,"Philippsburg, Stadt",52,13624,-,-,-
08215600,"Waghäusel, Stadt",41,22206,30819068,30819068,-
08215601,Oberhausen-Rheinhausen,52,9520,-,-,-
08215700,"Ettlingen, Stadt",41,38555,6030873,6030873,-
08215700,"Kraichtal, Stadt",41,14615,8529171,8529171,-
08215700,Marxzell,41,5102,2876429,2876429,-
08215700,Sulzfeld,51,5113,7604431,-,-
08215700,Zaisenhausen,50,1857,5005365,5005365,-
08215800,"Rheinstetten, Stadt",41,20985,12582228,-,-
08215900,"Stutensee, Stadt",41,25043,3384864,3384864,-
08215900,Walzbachtal,41,9879,9914799,-,-
08216010,"Rastatt, Landkreisverwaltung",32,231320,31072350,1652440,-
08216100,Bischweier,52,2992,678090,-,-
08216100,"Kuppenheim, Stadt",52,8258,1709084,1709084,-
08216200,"Bühl, Stadt",51,28822,11401785,11394785,-
08216200,Ottersweier,50,6401,1215274,1215274,-
08216300,Au am Rhein,52,3393,2046442,-,-
08216300,Bietigheim,52,6529,1848512,-,-
08216300,Durmersheim,52,11938,1527125,1527125,-
08216300,Elchesheim-Illingen,52,3230,2949940,-,-
08216300,Forbach,41,4520,2322965,-,-
08216400,"Gernsbach, Stadt",51,14279,6829554,-,-
08216400,Loffenau,50,2507,704927,857,-
08216400,Weisenbach,50,2472,1006070,1006070,-
08216500,"Gaggenau, Stadt",41,29668,825999,825999,-
08216500,Iffezheim,50,5231,2193403,2193403,-
08216500,Muggensturm,50,6063,744274,-,-
08216500,"Rastatt, Stadt",51,50862,26239790,26239790,-
08216500,Steinmauern,50,3169,4138172,4138172,-
08216500,Ötigheim,50,5081,3643311,-,-
08216600,"Lichtenau, Stadt",52,4998,-,-,-
08216600,Rheinmünster,52,6541,-,-,-
08216700,Hügelsheim,50,5014,2786702,2786702,-
08216700,Sinzheim,51,11517,1775421,1775421,-
08216800,Bühlertal,41,7835,3298062,-,-
08221000,"Heidelberg, Stadt",31,155243,250804642,250804642,-
08222000,"Mannheim, Universitätsstadt",31,314632,505031468,505031468,-
08225000,Mudau,41,4932,1467998,-,-
08225010,"Neckar-Odenwald-Kreis, Landkreisverwaltung",32,145290,8113173,-,-
08225100,Hardheim,52,6750,5734486,-,-
08225100,Höpfingen,52,3076,1617030,-,-
08225101,"Walldürn, Stadt",52,11595,8467093,8467093,-
08225200,Haßmersheim,51,5008,-,-,-
08225200,Hüffenhardt,50,2034,198000,198000,-
08225300,Aglasterhausen,52,4860,4125083,1759206,-
08225300,Neunkirchen,52,1865,1375526,1375526,-
08225301,Schwarzach,52,2995,6448151,-,1000000
08225400,"Buchen (Odenwald), Stadt",41,18233,2171651,2171651,-
08225400,Fahrenbach,50,2687,2894511,-,-
08225400,Limbach,51,4475,5918271,5918271,-
08225500,"Mosbach, Stadt",51,24497,33184452,33184452,-
08225500,Neckarzimmern,50,1427,647266,647266,-
08225500,Obrigheim,50,5400,-,-,-
08225501,Elztal,50,5813,105000,105000,-
08225600,Binau,52,1319,3018832,-,-
08225600,Neckargerach,52,2267,1843809,-,-
08225601,Waldbrunn,52,4681,3403327,-,-
08225601,Zwingenberg,52,648,249663,-,-
08225700,"Osterburken, Stadt",52,6577,1681359,-,-
08225700,Rosenberg,52,2047,2385520,2385520,-
08225701,"Ravenstein, Stadt",52,3027,1185005,-,-
08225800,Billigheim,52,6042,5146400,5146400,-
08225801,Schefflenz,52,3891,1433831,1433831,-
08225900,"Adelsheim, Stadt",52,5126,6639761,-,-
08225900,Seckach,52,4018,1535201,1535201,-
08226000,Dielheim,50,9194,6289584,260000,-
08226000,Nußloch,41,11417,1458491,-,-
08226000,"Wiesloch, Stadt",51,27378,33857858,-,-
08226010,"Rhein-Neckar-Kreis, Landkreisverwaltung",32,557053,8838709,-,-
08226100,"Eberbach, Stadt",51,14566,15647914,15647914,-
08226100,"Leimen, Stadt",41,26922,35786186,-,-
08226100,Schönbrunn,50,2893,2356947,2356947,-
08226200,Dossenheim,41,12573,1239752,-,-
08226200,Eschelbronn,52,2782,866392,866392,-
08226200,Mauer,52,4145,1505878,1505878,-
08226200,Meckesheim,52,5294,1463595,1463595,-
08226200,Oftersheim,41,12196,2933250,-,-
08226200,"Schriesheim, Stadt",41,15173,17603509,17603509,-
08226200,Spechbach,52,1746,706035,-,-
08226201,Lobbach,52,2378,382353,382353,-
08226300,"Hemsbach, Stadt",51,11890,11575589,11575589,-
08226300,Laudenbach,50,6470,3240041,3240041,-
08226300,Plankstadt,41,10501,251587,251587,-
08226300,St. Leon-Rot,41,13990,-,-,-
08226400,Altlußheim,50,6281,2116234,2116234,-
08226400,"Hockenheim, Stadt",51,21533,12545325,-,-
08226400,Neulußheim,50,7126,3661003,-,-
08226400,Reilingen,50,8309,3595064,-,-
08226400,"Schwetzingen, Stadt",41,21810,1962227,-,-
08226500,Bammental,52,6424,4827768,4827768,-
08226500,Edingen-Neckarhausen,41,14371,12231497,12231497,-
08226500,Gaiberg,52,2373,-,-,-
08226500,"Neckargemünd, Stadt",52,13336,3910314,-,-
08226500,"Walldorf, Stadt",41,16238,-,-,-
08226500,Wiesenbach,52,3158,3535425,3535425,-
08226600,Ilvesheim,41,9202,781250,781250,-
08226600,Malsch,52,3420,354554,354554,-
08226600,Mühlhausen,52,8813,4641866,-,-
08226600,"Rauenberg, Stadt",52,8733,7612924,-,-
08226600,Sandhausen,41,15370,-,-,-
08226600,"Weinheim, Stadt",41,45783,25865181,-,-
08226700,Heddesbach,52,482,264696,-,-
08226700,Heiligkreuzsteinach,52,2593,579055,579055,-
08226700,Hirschberg an der Bergstraße,41,9660,4063345,4063345,-
08226700,Ketsch,41,13185,2412718,2094432,-
08226700,"Schönau, Stadt",52,4415,1378887,1378887,-
08226700,Wilhelmsfeld,52,3284,1171451,-,-
08226800,"Eppelheim, Stadt",41,15729,18188350,18188350,-
08226800,Heddesheim,41,12210,4958236,-,-
08226800,"Ladenburg, Stadt",41,12691,6459995,-,-
08226800,"Sinsheim, Stadt",51,37082,17684647,17684647,-
08226801,Angelbachtal,50,5203,2210594,-,-
08226801,Zuzenhausen,50,2296,-,-,-
08226900,Brühl,41,14316,4470263,-,-
08226900,Epfenbach,52,2396,1837878,-,-
08226900,"Neckarbischofsheim, Stadt",52,4183,4182473,-,-
08226900,Neidenstein,52,1758,1370625,-,-
08226900,Reichartshausen,52,2122,347311,-,-
08226900,"Waibstadt, Stadt",52,5790,4207278,-,-
08226901,Helmstadt-Bargen,52,3870,3547568,3547568,-
08231000,"Pforzheim, Stadt",31,134430,91091784,-,-
08235000,"Wildberg, Stadt",41,10032,6752010,-,-
08235010,"Calw, Landkreisverwaltung",32,160725,39112714,39112714,-
08235100,"Altensteig, Stadt",51,10891,22670571,-,4646696
08235100,Egenhausen,50,2064,-,-,-
08235100,Simmersfeld,50,2217,1825000,1825000,-
08235200,Althengstett,52,7829,8579977,8579977,-
08235200,Gechingen,52,3664,-,-,-
08235200,Ostelsheim,52,2532,-,-,-
08235200,Simmozheim,52,2840,-,-,-
08235300,"Bad Herrenalb, Stadt",51,7592,27293678,27293678,-
08235300,Dobel,50,2309,5214372,4214372,-
08235400,"Bad Liebenzell, Stadt",51,9205,47755611,3042738,5500000
08235400,Unterreichenbach,50,2338,3055696,2664046,-
08235500,"Bad Teinach-Zavelstein, Stadt",52,3143,-,-,-
08235500,"Neubulach, Stadt",52,5716,2280696,2280696,-
08235500,Neuweiler,52,3141,2664124,2664124,-
08235500,Schömberg,41,7713,10571350,10571350,-
08235600,"Calw, Stadt",51,24928,24481115,-,-
08235600,Oberreichenbach,50,3029,232113,-,-
08235700,Ebhausen,50,4789,3327777,3327777,-
08235700,"Haiterbach, Stadt",50,5860,8346442,8346442,-
08235700,"Nagold, Stadt",51,23624,9040268,-,-
08235700,Rohrdorf,50,1931,453180,453180,-
08235800,"Bad Wildbad, Stadt",51,10362,23279249,-,-
08235800,Enzklösterle,50,1339,4249156,-,250000
08235800,Höfen an der Enz,50,1637,4144000,-,-
08236000,Ispringen,41,5883,-,-,-
08236000,Keltern,41,8744,-,-,-
08236010,"Enzkreis, Landkreisverwaltung",32,199399,17066513,-,-
08236100,Friolzheim,52,4060,864311,864311,-
08236100,"Heimsheim, Stadt",52,5439,206761,-,-
08236100,Mönsheim,52,2984,1557381,1557381,-
08236100,Remchingen,41,11851,3695934,1396526,-
08236100,Wiernsheim,52,6830,6156150,3156150,3000000
08236100,Wimsheim,52,2776,4232555,4232555,-
08236100,Wurmberg,52,3247,477770,477770,-
08236200,Eisingen,52,4611,-,-,-
08236200,Kämpfelbach,52,6244,-,-,-
08236200,Königsbach-Stein,52,10112,776250,-,-
08236200,Straubenhardt,41,11283,688373,688373,-
08236300,"Knittlingen, Stadt",41,8080,4123764,4123764,-
08236300,"Maulbronn, Stadt",51,6451,3772204,3772204,-
08236300,Sternenfels,50,2808,605911,-,-
08236400,Birkenfeld,41,10293,-,-,-
08236400,"Mühlacker, Stadt",51,26776,22617173,14301781,-
08236400,Ötisheim,50,4659,-,-,-
08236500,Engelsbrand,50,4429,3612703,3366747,245956
08236500,"Neuenbürg, Stadt",51,8194,162500,162500,-
08236600,Kieselbronn,52,2928,366887,-,-
08236600,Neulingen,52,6586,1299359,1299359,-
08236600,Niefern-Öschelbronn,41,12408,-,-,-
08236600,Ölbronn-Dürrn,52,3455,1241533,-,-
08236700,Neuhausen,52,5150,382488,-,-
08236700,Tiefenbronn,52,5344,2275948,-,-
08236800,Illingen,41,7774,-,-,-
08237010,"Freudenstadt, Landkreisverwaltung",32,121725,75378262,-,-
08237100,"Dornstetten, Stadt",52,8235,539470,-,-
08237100,Glatten,52,2546,-,-,-
08237100,Schopfloch,52,2603,-,-,-
08237100,Waldachtal,52,6306,2283758,2283758,-
08237200,"Alpirsbach, Stadt",41,6190,2924074,29186,-
08237200,Bad Rippoldsau-Schapbach,50,2045,3269997,2369997,-
08237200,"Freudenstadt, Stadt",51,24235,11597393,-,-
08237200,Seewald,50,2145,-,-,-
08237300,Empfingen,50,4229,-,-,-
08237300,Eutingen im Gäu,50,6118,3176312,-,-
08237300,"Horb am Neckar, Stadt",51,25592,3918888,3918888,-
08237400,Baiersbronn,41,15607,3740675,-,-
08237500,Grömbach,50,634,-,-,-
08237500,Loßburg,41,7781,618333,50000,-
08237500,Pfalzgrafenweiler,51,7245,-,-,-
08237500,Wörnersberg,50,214,-,-,-
08311000,"Freiburg im Breisgau, Stadt",31,234957,292390598,-,-
08315000,Friedenweiler,50,2068,1521002,-,-
08315000,"Löffingen, Stadt",51,7769,5874500,4874500,-
08315010,"Breisgau-Hochschwarzwald, Landkreisverwaltung",32,271810,86560473,-,-
08315100,"Bad Krozingen, Stadt",51,22624,2913654,2913654,-
08315100,Hartheim am Rhein,50,4961,-,-,-
08315101,March,52,9202,7987841,7987841,-
08315101,Umkirch,52,5772,950629,950629,-
08315200,Auggen,52,2835,1584664,-,-
08315200,Badenweiler,52,4629,1955000,1955000,-
08315200,"Breisach am Rhein, Stadt",51,16162,17255931,-,-
08315200,Buggingen,52,4434,1226969,1226969,-
08315200,Ihringen,50,6279,3486321,3486321,-
08315200,Merdingen,50,2610,559277,559277,-
08315200,"Müllheim im Markgräflerland, Stadt",52,19909,7040856,7040856,-
08315201,"Sulzburg, Stadt",52,2708,1386388,-,-
08315300,Buchenbach,52,3149,2079787,2079787,-
08315300,Glottertal,52,3209,2771863,2771863,-
08315300,Kirchzarten,52,10181,2270478,2270478,-
08315300,Oberried,52,2839,8987521,-,-
08315300,St. Märgen,52,1980,731899,-,-
08315300,St. Peter,52,2717,2825414,2825414,-
08315300,"Vogtsburg im Kaiserstuhl, Stadt",41,6200,11446333,11446333,-
08315301,Stegen,52,4402,-,-,-
08315400,Bollschweil,50,2295,4416553,-,-
08315400,Ebringen,50,2807,2952082,2952082,-
08315400,Pfaffenweiler,50,2564,1356831,-,-
08315400,Schallstadt,51,6589,3976548,3976548,-
08315401,Ehrenkirchen,51,7867,-,-,-
08315500,Feldberg (Schwarzwald),50,1945,7961071,-,-
08315500,Gundelfingen,51,12105,7106119,7106119,-
08315500,Heuweiler,50,1171,606879,606879,-
08315501,Schluchsee,51,2597,3687792,-,-
08315600,Ballrechten-Dottingen,50,2429,1531398,-,-
08315600,Eschbach,50,2479,5895212,-,-
08315600,"Heitersheim, Stadt",51,6486,2887500,2887500,-
08315600,"Neuenburg am Rhein, Stadt",41,12699,21335058,-,4143846
08315601,Münstertal/Schwarzwald,52,5044,791970,550199,-
08315601,"Staufen im Breisgau, Stadt",52,8430,396832,396832,-
08315700,Au,52,1507,720700,-,-
08315700,Eisenbach (Hochschwarzwald),50,2140,2393518,2393518,-
08315700,Horben,52,1212,-,-,-
08315700,Merzhausen,52,5384,421074,-,-
08315701,Sölden,52,1278,667587,-,-
08315701,"Titisee-Neustadt, Stadt",51,12848,7435248,7435248,-
08315701,Wittnau,52,1475,785352,-,-
08315800,Breitnau,50,1850,2568139,-,-
08315800,Hinterzarten,51,2511,2199069,2199069,-
08315800,Lenzkirch,41,5184,3823398,-,-
08315900,Bötzingen,52,5550,-,-,-
08315900,Eichstetten am Kaiserstuhl,52,3721,-,-,-
08315900,Gottenheim,52,3004,696868,-,-
08316010,"Emmendingen, Landkreisverwaltung",32,168820,21032167,-,-
08316100,Denzlingen,52,13705,13065435,-,-
08316100,Reute,52,2890,1791353,-,-
08316100,Vörstetten,52,3138,1500000,1500000,-
08316200,Biederbach,52,1736,2268108,2268108,-
08316200,"Elzach, Stadt",52,7441,6670180,-,-
08316200,Winden im Elztal,52,2906,40403,40403,-
08316300,"Emmendingen, Stadt",51,29399,4564960,4564960,-
08316300,Freiamt,50,4225,2436908,2436908,-
08316300,Malterdingen,50,3429,7403085,7403085,-
08316300,Sexau,50,3484,811494,811494,-
08316300,Teningen,50,11842,4240252,4240252,-
08316400,"Herbolzheim, Stadt",52,10833,8174849,-,-
08316400,"Kenzingen, Stadt",52,10780,10846588,-,-
08316400,Rheinhausen im Breisgau,52,4261,916416,-,-
08316400,Weisweil,52,2184,348905,-,-
08316500,Bahlingen am Kaiserstuhl,52,4534,9891528,-,3758165
08316500,"Endingen am Kaiserstuhl, Stadt",52,10193,1498023,-,-
08316500,Forchheim,52,1405,-,-,-
08316500,Riegel am Kaiserstuhl,52,4017,497545,272545,-
08316500,Sasbach am Kaiserstuhl,52,3446,978640,978640,-
08316500,Wyhl am Kaiserstuhl,52,4013,183034,-,-
08316600,Gutach im Breisgau,50,4589,245138,-,-
08316600,Simonswald,50,2907,904406,-,-
08316600,"Waldkirch, Stadt",51,21463,9095693,-,-
08317000,Durbach,50,4073,1278754,-,-
08317000,Hohberg,50,8184,10117262,9816147,301115
08317000,"Offenburg, Stadt",51,62657,9033226,9033226,-
08317001,Ortenberg,50,3486,1536280,-,-
08317001,Schutterwald,50,7338,632897,-,632897
08317010,"Ortenaukreis, Landkreisverwaltung",32,442197,7404527,5367703,-
08317100,"Achern, Stadt",51,26233,-,-,-
08317100,Friesenheim,41,13771,113092,-,-
08317100,"Hornberg, Stadt",41,4155,3726715,3726715,-
08317100,Lauf,50,4029,3375286,-,-
08317100,Neuried,41,9838,-,-,-
08317100,Willstätt,41,9969,4457111,-,-
08317101,Sasbach,50,5403,2131734,-,-
08317101,Sasbachwalden,50,2569,4916695,2616695,2300000
08317101,Schuttertal,50,3194,634442,-,-
08317101,Seelbach,51,4831,1325227,1325227,-
08317200,"Ettenheim, Stadt",51,13535,6679125,-,-
08317200,"Mahlberg, Stadt",50,5246,-,-,-
08317200,Meißenheim,50,4144,1885355,1885355,-
08317201,Kappel-Grafenhausen,50,5273,-,-,-
08317201,Ringsheim,50,2543,79167,-,-
08317201,Rust,50,4926,9160152,-,-
08317201,Schwanau,51,7026,-,-,-
08317300,Berghaupten,50,2539,79392,79392,-
08317300,"Gengenbach, Stadt",51,11136,6921098,6921098,-
08317300,Oberwolfach,50,2556,1785398,1785398,-
08317300,Ohlsbach,50,3338,-,-,-
08317300,"Rheinau, Stadt",41,11255,31440,31440,-
08317301,"Wolfach, Stadt",51,5620,2563949,-,-
08317400,Biberach,50,3763,4962668,4962668,-
08317400,Fischerbach,50,1703,1069872,-,-
08317400,"Haslach im Kinzigtal, Stadt",51,7235,4139855,-,-
08317400,Hofstetten,50,1801,4343788,4343788,-
08317400,Mühlenbach,50,1638,1495277,-,-
08317400,Nordrach,50,1932,2209784,2107429,102355
08317400,Oberharmersbach,50,2443,4463740,4463740,-
08317401,Steinach,50,3975,4163445,4160945,-
08317401,"Zell am Harmersbach, Stadt",51,8117,4103574,-,-
08317500,Appenweier,41,10402,-,-,-
08317500,Gutach (Schwarzwaldbahn),50,2293,683609,683609,-
08317500,"Hausach, Stadt",51,5805,6673778,-,-
08317600,Kappelrodeck,52,6282,3196222,-,-
08317601,Ottenhöfen im Schwarzwald,52,3067,2615845,-,-
08317601,Seebach,52,1423,1028261,180715,-
08317700,"Kehl, Stadt",41,39153,10421635,5500000,-
08317700,Kippenheim,50,5526,-,-,-
08317700,"Lahr/Schwarzwald, Stadt",51,49870,22963154,-,-
08317800,Bad Peterstal-Griesbach,52,2617,4293477,-,-
08317800,"Oppenau, Stadt",52,4916,12426507,11423007,-
08317900,Lautenbach,50,1999,1287885,-,-
08317900,"Oberkirch, Stadt",51,19852,28611266,600000,-
08317901,"Renchen, Stadt",50,7518,-,-,-
08325010,"Rottweil, Landkreisverwaltung",32,140299,3450000,3450000,-
08325100,Dunningen,51,6483,197640,-,-
08325100,Eschbronn,50,2106,49315,49315,-
08325200,"Dornhan, Stadt",41,6176,495000,-,-
08325200,Epfendorf,50,3158,650500,-,-
08325200,Fluorn-Winzeln,50,3125,4500,-,-
08325200,"Oberndorf am Neckar, Stadt",51,14650,246000,-,-
08325300,Deißlingen,50,6225,5348847,-,4348847
08325300,Dietingen,50,4196,4450000,3950000,-
08325300,"Rottweil, Stadt",51,25020,-,-,-
08325300,Wellendingen,50,3300,1711111,711111,-
08325300,Zimmern ob Rottweil,50,6353,983348,983348,-
08325400,Schenkenzell,50,1904,1222547,-,-
08325400,"Schiltach, Stadt",51,3574,-,-,-
08325500,Aichhalden,50,4241,-,-,-
08325500,Hardt,50,2491,1462500,1462500,-
08325500,Lauterbach,50,2751,2293795,2293795,-
08325500,"Schramberg, Stadt",51,20560,1100000,1100000,-
08325600,"Sulz am Neckar, Stadt",51,12770,25000,-,-
08325600,Vöhringen,50,4497,52042,52042,-
08325700,Bösingen,52,3394,356055,356055,-
08325700,Villingendorf,52,3325,827524,-,-
08326010,"Schwarzwald-Baar-Kreis, Landkreisverwaltung",32,213144,80214100,14307000,-
08326100,"Bräunlingen, Stadt",50,5781,6589541,-,-
08326100,"Donaueschingen, Stadt",51,21844,-,-,-
08326100,"Hüfingen, Stadt",50,7903,-,-,-
08326100,Königsfeld im Schwarzwald,41,5864,1641324,1641324,-
08326200,"Furtwangen im Schwarzwald, Stadt",51,8472,12708324,-,195803
08326200,Gütenbach,50,1059,4603186,4603186,-
08326200,"St. Georgen im Schwarzwald, Stadt",41,12316,1226630,-,-
08326300,"Bad Dürrheim, Stadt",41,13181,2969748,96000,-
08326300,Schonach im Schwarzwald,52,3906,1345957,1204392,141565
08326300,Schönwald im Schwarzwald,52,2558,8112973,-,650000
08326300,"Triberg im Schwarzwald, Stadt",52,4616,4881913,4881913,-
08326400,Brigachtal,50,5077,1953199,-,-
08326400,Dauchingen,50,3826,3409369,3409369,-
08326400,Mönchweiler,50,2762,-,-,-
08326400,Niedereschach,50,5809,3525000,-,1762500
08326400,Tuningen,50,3127,2227338,-,-
08326400,Unterkirnach,50,2533,1011532,-,-
08326400,"Villingen-Schwenningen, Stadt",51,88848,20261401,-,-
08326500,"Blumberg, Stadt",41,10050,221764,221764,-
08326800,"Vöhrenbach, Stadt",41,3612,2881288,2881288,-
08327010,"Tuttlingen, Landkreisverwaltung",32,144113,21378650,21378650,-
08327100,Buchheim,52,762,420055,420055,-
08327100,Bärenthal,52,485,2785611,2785611,-
08327100,"Fridingen an der Donau, Stadt",52,3187,2726751,-,-
08327100,Irndorf,52,674,1227623,1227623,-
08327100,Kolbingen,52,1217,375462,-,-
08327100,"Mühlheim an der Donau, Stadt",52,3668,956505,-,-
08327100,Renquishausen,52,776,870478,-,-
08327200,Bubsheim,52,1442,1687460,1687460,-
08327200,Deilingen,52,1921,-,-,-
08327200,Egesheim,52,632,-,-,-
08327200,Gosheim,52,3741,-,-,-
08327200,Königsheim,52,592,872178,872178,-
08327200,Reichenbach am Heuberg,52,459,-,-,-
08327200,Wehingen,52,3620,12566,-,-
08327300,"Geisingen, Stadt",52,6273,661895,661895,-
08327300,Immendingen,52,6388,684657,-,-
08327400,Aldingen,50,7741,-,-,-
08327400,Balgheim,50,1283,43930,43930,-
08327400,Böttingen,50,1452,502604,-,-
08327400,Denkingen,50,2987,723340,723340,-
08327400,Dürbheim,50,1721,558794,-,-
08327400,Frittlingen,50,2155,-,-,-
08327400,Hausen ob Verena,50,828,670000,-,-
08327400,Mahlstetten,50,846,1246000,-,-
08327400,"Spaichingen, Stadt",51,13565,1456606,-,-
08327500,Durchhausen,50,1049,377500,377500,-
08327500,Gunningen,50,763,576250,-,-
08327500,Talheim,50,1306,-,-,-
08327500,"Trossingen, Stadt",51,17321,8382472,8382472,-
08327600,Emmingen-Liptingen,50,4747,4460705,4460705,-
08327600,Neuhausen ob Eck,50,4144,964042,964042,-
08327600,Rietheim-Weilheim,50,2890,-,-,-
08327600,Seitingen-Oberflacht,50,2595,-,-,-
08327600,"Tuttlingen, Stadt",51,36945,15826689,15826689,-
08327600,Wurmlingen,50,3938,-,-,-
08335000,"Tengen, Stadt",41,4875,1961627,-,-
08335010,"Konstanz, Landkreisverwaltung",32,290664,33723087,32211087,-
08335100,"Aach, Stadt",50,2357,382429,382429,-
08335100,"Engen, Stadt",51,11241,-,-,-
08335100,Mühlhausen-Ehingen,50,3978,617153,617153,-
08335200,Büsingen am Hochrhein,50,1430,-,-,-
08335200,Gailingen am Hochrhein,50,2937,809223,809223,-
08335200,Gottmadingen,51,10848,4859078,-,-
08335300,Gaienhofen,52,3306,1633976,-,-
08335300,Moos,52,3464,2001143,-,-
08335300,"Radolfzell am Bodensee, Stadt",41,31292,5358095,-,-
08335300,Öhningen,52,3639,2487615,2487615,-
08335400,Allensbach,50,7299,1235879,-,-
08335400,"Konstanz, Universitätsstadt",51,86698,79793697,-,-
08335400,Reichenau,50,5355,4636620,3500,-
08335500,Hilzingen,41,9146,3037983,-,-
08335500,"Singen (Hohentwiel), Stadt",51,47284,21038100,21038100,-
08335500,Steißlingen,50,5065,-,-,-
08335500,Volkertshausen,50,3345,60000,60000,-
08335501,Rielasingen-Worblingen,50,12222,1557954,-,-
08335600,Bodman-Ludwigshafen,50,4801,1618126,-,-
08335600,Eigeltingen,50,3870,753061,-,-
08335600,Hohenfels,50,2245,-,-,-
08335600,Mühlingen,50,2716,-,-,-
08335600,Orsingen-Nenzingen,50,3620,-,-,-
08335600,"Stockach, Stadt",51,17631,1534626,1534626,-
08336010,"Lörrach, Landkreisverwaltung",32,236162,47592477,-,-
08336100,"Kandern, Stadt",51,8579,2293136,2293136,-
08336100,"Weil am Rhein, Stadt",41,31814,2088950,2088950,-
08336101,Malsburg-Marzell,50,1480,936925,-,-
08336300,Inzlingen,50,2552,3619078,3619078,-
08336300,"Lörrach, Stadt",51,50272,16705192,16705192,-
08336400,Efringen-Kirchen,41,8693,237703,237703,-
08336400,"Rheinfelden (Baden), Stadt",51,34789,2831964,2831964,-
08336400,Schwörstadt,50,2552,770197,-,-
08336400,Steinen,41,10480,17091807,-,-
08336500,Bad Bellingen,50,5023,2337265,-,-
08336500,Grenzach-Wyhlen,41,15335,12184900,7184900,-
08336500,Schliengen,51,6024,-,-,-
08336600,Aitern,52,495,369817,-,-
08336600,Böllen,52,95,-,-,-
08336600,Fröhnd,52,503,445394,445394,-
08336600,"Schönau im Schwarzwald, Stadt",52,2417,7411113,7411113,-
08336600,Schönenberg,52,334,80685,80685,-
08336600,Tunau,52,186,530093,-,-
08336600,Utzenfeld,52,610,106027,-,-
08336600,Wembach,52,333,198101,180000,-
08336600,Wieden,52,549,410710,-,-
08336700,Hasel,50,1214,254297,-,-
08336700,Hausen im Wiesental,50,2363,7640001,7640001,-
08336700,Kleines Wiesental,41,2957,2017323,163085,-
08336700,Maulburg,50,4289,-,-,-
08336700,"Schopfheim, Stadt",51,20264,5648173,5551400,-
08336700,"Todtnau, Stadt",41,4925,3596224,-,-
08336800,Binzen,52,2960,3984509,3984509,-
08336800,Eimeldingen,52,2474,2271700,2271700,-
08336800,Fischingen,52,779,441176,441176,-
08336800,Rümmingen,52,2014,270639,270639,-
08336800,Schallbach,52,833,412500,-,-
08336801,Wittlingen,52,940,-,-,-
08336901,Häg-Ehrsberg,50,807,2001893,-,400000
08336901,"Zell im Wiesental, Stadt",51,6228,4069184,-,-
08337010,"Waldshut, Landkreisverwaltung",32,171395,27623883,-,-
08337100,"Bonndorf im Schwarzwald, Stadt",51,6844,-,-,-
08337101,Wutach,50,1212,414473,414473,-
08337200,Albbruck,41,7352,341738,-,-
08337200,Dettighofen,52,1135,592162,-,-
08337200,Jestetten,52,5293,2748554,-,-
08337200,Klettgau,41,7514,1093332,1093332,-
08337200,Lottstetten,52,2281,2768542,-,-
08337300,Hohentengen am Hochrhein,52,3761,877833,877833,-
08337301,Küssaberg,52,5492,473481,-,-
08337400,Grafenhausen,52,2262,209982,-,-
08337401,Ühlingen-Birkendorf,52,5279,264531,-,-
08337500,"Bad Säckingen, Stadt",51,17732,34832579,34832579,-
08337500,Herrischried,50,2648,2924079,2924079,-
08337500,Murg,50,6905,6750636,6474436,-
08337500,Rickenbach,50,3806,1122171,-,-
08337600,Bernau im Schwarzwald,52,1858,-,-,-
08337600,Dachsberg (Südschwarzwald),52,1376,289680,-,-
08337600,Häusern,52,1334,1973461,1973461,-
08337600,Höchenschwand,52,2593,195637,195637,-
08337600,Ibach,52,330,175012,-,175012
08337600,"Laufenburg (Baden), Stadt",41,9238,400611,400611,-
08337600,"St. Blasien, Stadt",52,3826,10959937,-,3519795
08337600,"Stühlingen, Stadt",41,5380,1352016,-,-
08337600,"Wehr, Stadt",41,13028,2533454,2533454,-
08337601,Todtmoos,52,1977,1932610,1332610,600000
08337700,Dogern,50,2269,2396667,-,-
08337700,Lauchringen,50,8047,2523694,-,-
08337701,"Waldshut-Tiengen, Stadt",51,24845,11541139,11541139,-
08337701,Weilheim,50,3105,775257,-,-
08337800,Görwihl,41,4199,4778159,4778159,-
08337801,Eggingen,50,1757,378980,378980,-
08337801,Wutöschingen,51,6717,2511821,2511821,-
08415000,Wannweil,41,5299,-,-,-
08415010,"Reutlingen, Landkreisverwaltung",32,292202,59163059,59163059,-
08415100,Engstingen,51,5104,2755333,2558373,-
08415100,Hohenstein,50,3781,-,-,-
08415100,"Reutlingen, Stadt",41,118158,132144561,2763661,3600000
08415100,Sonnenbühl,41,7070,-,-,-
08415200,Grafenberg,50,2696,1357346,-,-
08415200,Lichtenstein,41,9132,3639449,3639449,-
08415200,"Metzingen, Stadt",51,23077,2020063,-,-
08415200,Riederich,50,4257,-,-,-
08415300,Gomadingen,50,2159,-,-,-
08415300,Mehrstetten,50,1457,4143050,4143050,-
08415300,"Münsingen, Stadt",51,14609,8433406,8433406,-
08415300,St. Johann,41,5172,4664509,4664509,-
08415300,"Trochtelfingen, Stadt",41,6186,2920390,2920390,-
08415400,Dettingen an der Erms,41,9949,673266,673266,-
08415400,Pliezhausen,51,9902,2322727,2322727,-
08415400,Walddorfhäslach,50,5435,-,-,-
08415500,"Bad Urach, Stadt",51,12836,2044622,-,-
08415500,Grabenstetten,50,1716,1035428,1035428,-
08415500,Hülben,50,3103,205004,-,-
08415500,Römerstein,50,4051,2828915,-,-
08415600,"Hayingen, Stadt",52,2218,100000,100000,-
08415600,Pfronstetten,52,1510,1139431,1139431,-
08415600,Zwiefalten,52,2278,3177250,1835625,-
08415900,Eningen unter Achalm,41,11515,71969,71969,-
08415900,"Pfullingen, Stadt",41,19532,8741808,8741808,-
08416010,"Tübingen, Landkreisverwaltung",32,231538,56536684,-,-
08416100,Dußlingen,52,6161,-,-,-
08416100,Gomaringen,52,9094,2848128,2848128,-
08416100,Nehren,52,4407,2690020,2690020,-
08416100,"Tübingen, Universitätsstadt",41,91002,57849927,-,-
08416200,Bodelshausen,50,5732,5445979,-,-
08416200,Kirchentellinsfurt,41,5557,580260,580260,-
08416200,"Mössingen, Stadt",51,21667,651940,-,-
08416200,Ofterdingen,50,5436,7581547,-,-
08416300,Hirrlingen,50,3158,157717,157717,-
08416300,Kusterdingen,41,8740,-,-,-
08416300,Neustetten,50,3866,-,-,-
08416300,"Rottenburg am Neckar, Stadt",51,45374,5028172,-,-
08416300,Starzach,50,4316,5209536,5209536,-
08416800,Ammerbuch,41,11465,13409448,13409448,-
08416900,Dettenhausen,41,5563,2552791,-,-
08417010,"Zollernalbkreis, Landkreisverwaltung",32,193260,10285060,10285060,-
08417100,"Albstadt, Stadt",51,46678,47725725,47725725,-
08417100,Bitz,50,3821,1461700,-,-
08417200,"Balingen, Stadt",51,35494,21481879,-,-
08417200,"Geislingen, Stadt",50,5868,3955481,-,-
08417300,Bisingen,51,9575,7304347,-,-
08417300,"Burladingen, Stadt",41,12118,6254119,-,-
08417300,Grosselfingen,50,2178,-,-,-
08417400,"Hechingen, Stadt",51,19711,6053917,-,-
08417400,Jungingen,50,1410,-,-,-
08417400,Rangendingen,50,5324,-,-,-
08417400,"Rosenfeld, Stadt",41,6430,-,-,-
08417500,"Haigerloch, Stadt",41,10918,13956620,-,-
08417500,"Meßstetten, Stadt",51,11113,-,-,-
08417500,Nusplingen,50,1909,-,-,-
08417500,Obernheim,50,1504,746158,-,-
08417600,Dautmergen,52,463,500000,-,-
08417600,Dormettingen,52,1087,117125,-,-
08417600,Dotternhausen,52,1813,869738,869738,-
08417600,Hausen am Tann,52,506,-,-,-
08417600,Ratshausen,52,772,-,-,-
08417600,"Schömberg, Stadt",52,4724,2184300,-,-
08417600,Weilen unter den Rinnen,52,593,-,-,-
08417600,Zimmern unter der Burg,52,445,117311,-,-
08417700,Straßberg,50,2474,-,-,-
08417700,Winterlingen,51,6332,842500,-,-
08421000,"Ulm, Universitätsstadt",31,128415,74590455,46196,-
08425000,Emeringen,52,166,320250,320250,-
08425000,Emerkingen,52,839,169938,-,-
08425000,Grundsheim,52,211,233125,-,-
08425000,Hausen am Bussen,52,268,353366,-,-
08425000,Lauterach,52,580,944848,944848,-
08425000,"Munderkingen, Stadt",52,5361,5896531,-,-
08425000,Obermarchtal,52,1318,332119,-,-
08425000,Oberstadion,52,1567,3128047,-,-
08425000,Rechtenstein,52,287,322000,-,-
08425001,Rottenacker,52,2251,1000000,1000000,-
08425001,Untermarchtal,52,862,20700,-,-
08425001,Unterstadion,52,839,550000,-,-
08425001,Unterwachingen,52,195,266000,-,-
08425010,"Alb-Donau-Kreis, Landkreisverwaltung",32,201121,454000,454000,-
08425100,Allmendingen,51,4941,9818691,8818691,-
08425100,Altheim,50,570,-,-,-
08425100,"Blaustein, Stadt",41,16485,8747085,-,-
08425200,Berghülen,50,2028,-,-,-
08425200,"Blaubeuren, Stadt",51,12677,3182645,3182645,-
08425300,"Dietenheim, Stadt",52,6893,964030,-,-
08425300,Illerrieden,52,3388,1393076,1393076,-
08425301,Balzheim,52,2149,-,-,-
08425400,Beimerstetten,50,2490,2667548,2667548,-
08425400,Dornstadt,51,9188,7723391,-,-
08425401,Westerstetten,50,2167,1453125,-,-
08425500,"Ehingen (Donau), Stadt",51,27531,-,-,-
08425500,Griesingen,50,1004,1648416,1648416,-
08425500,Oberdischingen,50,2262,851580,851580,-
08425500,Öpfingen,50,2309,2400000,2400000,-
08425600,Hüttisheim,52,1524,1599250,-,-
08425601,Illerkirchberg,52,4967,4006273,-,-
08425601,Schnürpflingen,52,1420,853323,853323,-
08425601,Staig,52,3288,2671769,2671769,-
08425700,"Laichingen, Stadt",52,12294,51134,-,-
08425700,Merklingen,52,2033,3670780,-,-
08425700,Nellingen,52,2031,2540000,-,-
08425701,Heroldstatt,52,2908,-,-,-
08425701,Westerheim,52,3071,285047,-,-
08425800,Altheim (Alb),52,1676,2197500,-,-
08425800,Asselfingen,52,1028,-,-,-
08425800,Ballendorf,52,696,-,-,-
08425800,Bernstadt,52,2272,3095000,-,-
08425800,Breitingen,52,354,75625,-,-
08425800,Börslingen,52,184,57000,57000,-
08425800,Holzkirch,52,269,70000,70000,-
08425800,"Langenau, Stadt",52,15199,3506811,3506811,-
08425800,Neenstetten,52,827,-,-,-
08425800,Nerenstetten,52,366,202500,202500,-
08425800,Rammingen,52,1281,-,-,-
08425800,"Schelklingen, Stadt",41,6605,1085477,-,-
08425800,Öllingen,52,545,240000,-,-
08425801,Setzingen,52,749,850000,-,-
08425801,Weidenstetten,52,1393,-,-,-
08425900,Amstetten,52,4144,2790741,2790741,-
08425900,"Erbach, Stadt",41,14071,5100000,5100000,-
08425900,Lonsee,52,5100,1229961,-,-
08426010,"Biberach, Landkreisverwaltung",32,205907,-,-,-
08426100,Alleshausen,52,538,920000,920000,-
08426100,Allmannsweiler,52,325,-,-,-
08426100,"Bad Buchau, Stadt",52,4640,-,-,-
08426100,Betzenweiler,52,746,-,-,-
08426100,Dürnau,52,465,-,-,-
08426100,Kanzach,52,506,-,-,-
08426100,Moosburg,52,233,280003,73125,206878
08426100,Oggelshausen,52,931,-,-,-
08426101,Seekirch,52,296,400000,400000,-
08426101,Tiefenbach,52,545,40000,-,-
08426200,"Bad Schussenried, Stadt",51,8847,8391691,-,-
08426200,Ingoldingen,50,3129,3145000,-,-
08426300,Attenweiler,50,1890,662302,662302,-
08426300,"Biberach an der Riß, Stadt",51,34234,-,-,-
08426300,Eberhardzell,50,4526,-,-,-
08426300,Hochdorf,50,2373,2508355,-,-
08426300,Maselheim,50,4728,640463,640463,-
08426300,Mittelbiberach,50,4433,-,-,-
08426301,Ummendorf,50,4461,40566,40566,-
08426301,Warthausen,50,5226,2601948,2601948,-
08426400,Berkheim,52,3197,515780,515780,-
08426400,Dettingen an der Iller,52,2739,-,-,-
08426400,Erolzheim,52,3329,1838606,1838606,-
08426400,Kirchberg an der Iller,52,2185,1890233,-,-
08426400,Kirchdorf an der Iller,52,4052,-,-,-
08426400,Schemmerhofen,41,8703,744970,-,-
08426500,Achstetten,50,5010,270000,270000,-
08426500,Burgrieden,50,4234,24000,-,-
08426500,"Laupheim, Stadt",51,22907,2136459,2136459,-
08426500,Mietingen,50,4652,1354862,-,-
08426600,Erlenmoos,50,1811,2114692,2114692,-
08426600,"Ochsenhausen, Stadt",51,9306,1078674,1078674,-
08426601,Gutenzell-Hürbel,50,1830,1276335,1276335,-
08426601,Steinhausen an der Rottum,50,2159,-,-,-
08426700,Altheim,50,2137,30263,-,-
08426700,Dürmentingen,50,2647,4096260,4096260,-
08426700,Ertingen,50,5391,197250,197250,-
08426700,Langenenslingen,50,3667,1022305,-,-
08426700,"Riedlingen, Stadt",51,11012,2848472,-,-
08426701,Unlingen,50,2405,-,-,-
08426701,Uttenweiler,50,3728,1157513,-,-
08426801,Rot an der Rot,52,4563,1556700,1556700,-
08426801,Tannheim,52,2490,-,-,-
08426901,Schwendi,51,7007,3457221,3268603,188618
08426901,Wain,50,1674,-,-,-
08435010,"Bodenseekreis, Landkreisverwaltung",32,220725,15277572,15277572,-
08435100,Eriskirch,52,4801,2314488,-,-
08435100,Kressbronn am Bodensee,52,8829,1070330,1070330,-
08435100,Langenargen,52,7662,-,-,-
08435200,"Friedrichshafen, Stadt",51,62590,20372560,20372560,-
08435200,Immenstaad am Bodensee,50,6521,201875,-,-
08435300,Bermatingen,52,4156,1793032,1793032,-
08435300,Deggenhausertal,52,4390,1350367,1350367,-
08435300,"Markdorf, Stadt",52,14332,3639342,3639342,-
08435300,Oberteuringen,52,4985,5882138,-,-
08435400,Daisendorf,52,1520,75141,-,-
08435400,Hagnau am Bodensee,52,1445,88255,-,-
08435400,"Meersburg, Stadt",52,5999,-,-,-
08435400,Stetten,52,993,592416,592416,-
08435400,Uhldingen-Mühlhofen,52,8320,920440,920440,-
08435500,Frickingen,52,3038,963100,-,-
08435500,Heiligenberg,52,2892,925223,-,-
08435500,Meckenbeuren,41,13806,9805374,9705856,-
08435500,Salem,52,12148,-,-,-
08435600,Neukirch,50,2707,2679997,-,-
08435600,"Tettnang, Stadt",51,20094,17759179,17759179,-
08435700,Owingen,50,4488,161117,73500,-
08435700,Sipplingen,50,2141,13500,-,-
08435700,"Überlingen, Stadt",51,22868,8018573,-,-
08436000,"Bad Wurzach, Stadt",41,15032,2852553,-,-
08436010,"Ravensburg, Landkreisverwaltung",32,288979,76828402,-,49690571
08436100,Altshausen,52,4015,-,-,-
08436100,Boms,52,753,218951,218951,-
08436100,Ebenweiler,52,1338,3358744,2858744,-
08436100,Ebersbach-Musbach,52,1718,1207698,1207698,-
08436100,Eichstegen,52,541,-,-,-
08436100,Fleischwangen,52,677,3463644,2253644,1210000
08436100,Guggenhausen,52,187,200000,200000,-
08436100,Hoßkirch,52,705,1286916,-,-
08436100,Königseggwald,52,695,898744,-,-
08436100,Riedhausen,52,801,690000,-,-
08436100,Unterwaldhausen,52,285,-,-,-
08436200,"Bad Waldsee, Stadt",51,20644,2100000,-,-
08436200,Bergatreute,50,3195,8016857,-,-
08436200,Kißlegg,41,9272,1840947,-,-
08436300,Bodnegg,52,3167,1783808,1783808,-
08436300,Grünkraut,52,3129,3450000,3450000,-
08436300,Schlier,52,4022,7913270,7913270,-
08436300,Waldburg,52,3279,2448202,2448202,-
08436400,Aichstetten,50,2866,100000,-,-
08436400,Aitrach,50,2975,1098895,-,-
08436400,Argenbühl,41,6672,-,-,-
08436400,"Leutkirch im Allgäu, Stadt",51,23801,952907,952907,-
08436500,Baienfurt,50,7296,-,-,-
08436500,Baindt,50,5277,2939069,-,-
08436500,Berg,50,4447,47251,47251,-
08436500,"Ravensburg, Stadt",52,50273,15912195,15912195,-
08436500,"Weingarten, Stadt",52,24690,12530850,12530850,-
08436600,Vogt,51,4682,773172,773172,-
08436600,Wolfegg,50,3889,3912973,3912973,-
08436700,Achberg,50,1740,-,-,-
08436700,Amtzell,50,4229,700742,-,-
08436700,"Wangen im Allgäu, Stadt",51,27816,21542843,11000,-
08436800,"Aulendorf, Stadt",41,10284,20052826,20052826,-
08436800,Horgenzell,50,5858,1773533,-,-
08436800,Wilhelmsdorf,51,4742,5583522,5583522,-
08436900,Fronreute,52,4928,6895016,-,487446
08436900,"Isny im Allgäu, Stadt",41,14994,29539891,-,-
08436900,Wolpertswende,52,4065,7169420,-,-
08437010,"Sigmaringen, Landkreisverwaltung",32,133234,110000,110000,-
08437100,"Gammertingen, Stadt",52,6242,3900784,3900784,-
08437100,"Hettingen, Stadt",52,1792,-,-,-
08437100,Neufra,52,1893,479677,-,-
08437101,"Veringenstadt, Stadt",52,2141,1727839,1727839,-
08437200,Hohentengen,52,4305,91146,91146,-
08437200,"Mengen, Stadt",52,10109,3820747,-,-
08437201,"Scheer, Stadt",52,2530,1933105,-,-
08437300,Leibertingen,50,2201,3880859,-,-
08437300,"Meßkirch, Stadt",51,8656,6621795,6621795,-
08437301,Sauldorf,50,2561,465000,465000,-
08437400,Illmensee,50,2056,1877587,751204,-
08437400,"Pfullendorf, Stadt",51,13331,4591623,-,-
08437401,Herdwangen-Schönach,50,3357,-,-,-
08437401,Wald,50,2717,1050119,-,-
08437500,Herbertingen,50,4786,817207,817207,-
08437501,"Bad Saulgau, Stadt",51,18034,-,-,-
08437600,Beuron,52,663,378903,-,-
08437600,Bingen,52,2710,622765,622765,-
08437600,Inzigkofen,52,2985,1870071,1870071,-
08437600,Krauchenwies,52,4994,700000,-,-
08437600,Ostrach,41,6981,414720,-,-
08437601,"Sigmaringen, Stadt",52,17993,2844740,2844740,-
08437601,Sigmaringendorf,52,3781,1788628,1736665,51963
08437701,Schwenningen,50,1645,-,-,-
08437701,Stetten am kalten Markt,51,4771,502960,502960,-
08500000,Kommunalverband für Jugend und Soziales Baden-Württemberg,22,11201296,-,-,-
09101000,"Oberbayern, Bezirksverwaltung",.,4708270,132053,-,-
09161000,Ingolstadt,30,139123,-,-,-
09162000,"München, Landeshauptstadt",30,1480941,3997856395,3838882402,-
09163000,Rosenheim,30,63985,56537262,-,7000000
09171010,"Altötting, Landkreisverwaltung",32,112616,54746000,-,-
09171100,"Altötting, St",41,12983,27726471,27726471,-
09171100,"Emmerting, Verwaltungsgemeinschaftsverwaltung",55,6524,-,-,-
09171100,Teising,41,1704,-,-,-
09171101,Emmerting,50,4198,3810585,3809754,-
09171101,Mehring,50,2326,1057981,1057981,-
09171200,"Burghausen, St",41,19396,11300472,-,-
09171200,"Kirchweidach, Verwaltungsgemeinschaftsverwaltung",55,6256,-,-,-
09171200,"Töging a.Inn, St",41,9402,8742685,8742685,-
09171201,Feichten a.d.Alz,50,1305,2538529,2538529,-
09171201,Halsbach,50,1054,2018072,-,-
09171201,Kirchweidach,50,2831,8711172,8711172,-
09171201,Tyrlaching,50,1066,1807800,-,-
09171300,Burgkirchen a.d.Alz,41,10764,18038860,18038860,-
09171300,"Marktl, Verwaltungsgemeinschaftsverwaltung",55,3771,-,-,-
09171300,"Tüßling, M",41,3277,438095,-,-
09171301,"Marktl, M",50,2774,4408579,4408579,-
09171301,Stammham,50,997,41850,41850,-
09171400,"Reischach, Verwaltungsgemeinschaftsverwaltung",55,5105,-,-,-
09171401,Erlbach,50,1175,1641500,-,-
09171401,Perach,50,1297,998436,998436,-
09171401,Reischach,50,2633,2271624,-,-
09171500,"Neuötting, St",41,8959,11542639,-,-
09171600,"Unterneukirchen, Verwaltungsgemeinschaftsverwaltung",55,6207,-,-,-
09171601,Kastl,50,2816,-,-,-
09171601,Unterneukirchen,50,3391,4380000,4380000,-
09171700,Garching a.d.Alz,41,8485,1908121,-,-
09171700,Pleiskirchen,41,2467,427761,-,-
09171700,Winhöring,41,4766,4558109,-,-
09171800,Haiming,41,2550,-,-,-
09172000,Saaldorf-Surheim,41,5539,2810928,-,-
09172010,"Berchtesgadener Land, Landkreisverwaltung",32,104922,2433520,2433520,-
09172100,Ainring,41,9709,-,-,-
09172100,Schneizlreuth,41,1396,291666,291666,-
09172200,Anger,41,4264,-,-,-
09172200,"Laufen, St",41,7135,5936414,-,-
09172200,Schönau a.Königssee,41,5415,934499,-,-
09172400,"Bad Reichenhall, GKSt",37,18353,15916056,1111747,-
09172400,"Marktschellenberg, M",41,1702,4451169,-,451813
09172400,"Teisendorf, M",41,9310,6245453,6245453,-
09172500,Bayerisch Gmain,41,3000,26450,26450,-
09172600,"Berchtesgaden, M",41,7680,17096514,-,-
09172700,Bischofswiesen,41,7049,23615734,-,-
09172800,"Freilassing, St",41,17330,18889504,18866713,-
09172800,Piding,41,5334,2889307,2889307,-
09172900,Ramsau b.Berchtesgaden,41,1706,6397358,-,173151
09173000,Egling,41,5308,1015050,1015050,-
09173000,Icking,41,3711,1129211,-,-
09173010,"Bad Tölz-Wolfratshausen, Landkreisverwaltung",32,129496,28704932,28704932,-
09173100,Bad Heilbrunn,41,3871,2082368,-,-
09173100,Jachenau,41,841,1408516,1408516,-
09173200,"Bad Tölz, St",41,19542,9314170,9281865,-
09173300,Eurasburg,41,4286,-,-,-
09173400,Gaißach,41,3143,1875000,-,-
09173400,Königsdorf,41,3108,4100000,-,-
09173500,Lenggries,41,10061,8181203,6691658,-
09173500,Wackersberg,41,3647,1166664,1166664,-
09173600,"Geretsried, St",41,26096,7699346,-,-
09173700,"Benediktbeuern, Verwaltungsgemeinschaftsverwaltung",55,6025,-,-,-
09173700,Münsing,41,4324,3633109,-,1543636
09173700,"Wolfratshausen, St",41,19298,3663689,-,-
09173701,Benediktbeuern,50,3729,3411813,3411813,-
09173701,Bichl,50,2296,314072,-,-
09173800,Dietramszell,41,5558,823703,-,-
09173800,"Kochel a.See, Verwaltungsgemeinschaftsverwaltung",55,5462,-,-,-
09173801,Kochel a.See,50,4101,3212870,-,-
09173801,Schlehdorf,50,1361,906899,906899,-
09173900,"Reichersbeuern, Verwaltungsgemeinschaftsverwaltung",55,5215,-,-,-
09173901,Greiling,50,1480,-,-,-
09173901,Reichersbeuern,50,2399,605000,-,-
09173901,Sachsenkam,50,1336,986669,-,-
09174000,Vierkirchen,41,4586,5397760,-,-
09174010,"Dachau, Landkreisverwaltung",32,151764,27155381,27155381,-
09174100,"Altomünster, M",41,7725,13076086,13076086,-
09174100,Haimhausen,41,5684,15449490,-,2000000
09174100,"Markt Indersdorf, M",41,10032,5384555,-,-
09174100,Röhrmoos,41,6426,2435407,2435407,-
09174100,Weichs,41,3538,6557249,-,-
09174200,Hebertshausen,41,6007,6551822,6551822,-
09174300,Bergkirchen,41,7435,3987770,-,-
09174300,Schwabhausen,41,6293,3302535,-,-
09174500,"Dachau, GKSt",37,46217,31577,31577,-
09174500,Odelzhausen,41,5527,192500,192500,-
09174600,Karlsfeld,41,21313,26924231,-,4000000
09174600,Petershausen,41,6282,31714010,-,-
09174600,Sulzemoos,41,2862,-,-,-
09174700,Hilgertshausen-Tandern,41,3345,5497800,-,-
09174700,Pfaffenhofen a.d.Glonn,41,2260,8386715,1200000,-
09174800,Erdweg,41,6232,9420699,-,-
09175010,"Ebersberg, Landkreisverwaltung",32,142905,66073335,-,23500000
09175100,Anzing,41,4358,1114695,1114695,-
09175200,"Aßling, Verwaltungsgemeinschaftsverwaltung",55,7527,-,-,-
09175200,"Grafing b.München, St",41,13885,16005144,16005144,-
09175200,Vaterstetten,41,24316,23597795,-,-
09175201,Aßling,50,4518,14091139,-,-
09175201,Emmering,50,1446,3402073,-,-
09175201,Frauenneuharting,50,1563,3144957,2749043,-
09175300,Hohenlinden,41,3327,4039280,-,-
09175300,Pliening,41,5820,302645,302645,-
09175400,"Glonn, Verwaltungsgemeinschaftsverwaltung",55,14023,-,-,-
09175400,"Kirchseeon, M",41,10321,4822637,4822637,-
09175401,Baiern,50,1491,-,-,-
09175401,Bruck,50,1328,-,-,-
09175401,Egmating,50,2279,1470953,-,-
09175401,"Glonn, M",50,5022,1765259,-,-
09175401,Moosach,50,1441,1868124,1868124,-
09175401,Oberpframmern,50,2462,101051,-,-
09175500,"Ebersberg, St",41,12311,26720572,-,-
09175500,Poing,41,16437,20749221,20749221,-
09175700,"Markt Schwaben, M",41,13616,47690594,47690594,-
09175700,Steinhöring,41,3832,1969331,1969331,-
09175800,Forstinning,41,3793,-,-,-
09175900,Zorneding,41,9339,-,-,-
09176000,Denkendorf,41,4932,-,-,-
09176010,"Eichstätt, Landkreisverwaltung",32,134894,662750,-,-
09176100,"Dollnstein, M",41,2920,780000,-,-
09176100,Hepberg,41,2949,9431272,-,-
09176100,Stammham,41,4105,2112932,2112932,-
09176200,"Altmannstein, M",41,7140,3340217,-,-
09176200,Hitzhofen,41,3010,2945946,2945946,-
09176300,"Eichstätt, GKSt",37,13875,6833011,-,-
09176300,Lenting,41,4895,2822013,2822013,-
09176400,"Beilngries, St",41,10085,13648986,22750,-
09176400,"Titting, M",41,2728,5233800,5233800,-
09176500,"Eichstätt, Verwaltungsgemeinschaftsverwaltung",55,8683,-,-,-
09176501,Pollenfeld,50,3060,-,-,-
09176501,Schernfeld,50,3277,2224498,-,-
09176501,Walting,50,2346,1564519,1564519,-
09176600,"Eitensheim, Verwaltungsgemeinschaftsverwaltung",55,4751,-,-,-
09176600,"Gaimersheim, M",41,12441,661618,661618,-
09176600,"Wellheim, M",41,2812,2463619,2459000,-
09176601,Böhmfeld,50,1746,-,-,-
09176601,Eitensheim,50,3005,-,-,-
09176700,"Kinding, M",41,2548,1247600,1247600,-
09176700,Wettstetten,41,5011,1317170,-,-
09176800,Buxheim,41,3732,-,-,-
09176800,"Kipfenberg, M",41,5815,7608900,3500,-
09176800,"Mörnsheim, M",41,1573,788552,-,-
09176800,"Nassenfels, Verwaltungsgemeinschaftsverwaltung",55,6577,-,-,-
09176801,Adelschlag,50,3011,3369999,-,-
09176801,Egweil,50,1238,-,-,-
09176801,"Nassenfels, M",50,2328,640000,-,-
09176900,Großmehring,41,7412,5514450,5514450,-
09176900,"Kösching, M",41,9682,10341433,10341433,-
09176900,"Pförring, Verwaltungsgemeinschaftsverwaltung",55,7218,-,-,-
09176901,Mindelstetten,50,1793,-,-,-
09176901,Oberdolling,50,1343,328510,328510,-
09176901,"Pförring, M",50,4082,-,-,-
09177000,Fraunberg,41,3871,3075529,-,-
09177000,Moosinning,41,6066,9386706,9386706,-
09177000,"Pastetten, Verwaltungsgemeinschaftsverwaltung",55,4523,-,-,-
09177001,Buch a.Buchrain,50,1641,5023570,-,-
09177001,Pastetten,50,2882,-,-,-
09177010,"Erding, Landkreisverwaltung",32,139227,4804849,3000000,-
09177100,"Hörlkofen, Verwaltungsgemeinschaftsverwaltung",55,6491,-,-,-
09177101,Walpertskirchen,50,2140,3524456,-,-
09177101,Wörth,50,4351,982540,-,-
09177300,Bockhorn,41,4031,-,-,-
09177300,"Isen, M",41,5598,14451617,-,-
09177300,"Oberding, Verwaltungsgemeinschaftsverwaltung",55,9295,-,-,-
09177301,Eitting,50,3011,-,-,-
09177301,Oberding,50,6284,-,-,-
09177400,"Oberneuching, Verwaltungsgemeinschaftsverwaltung",55,4635,-,-,-
09177401,Neuching,50,2731,5457409,5457409,-
09177401,Ottenhofen,50,1904,3134235,3134235,-
09177500,"Dorfen, St",41,14727,10372486,-,-
09177500,"Steinkirchen, Verwaltungsgemeinschaftsverwaltung",55,5622,-,-,-
09177501,Hohenpolding,50,1608,828992,828992,-
09177501,Inning a.Holz,50,1568,196940,196940,-
09177501,Kirchberg,50,1141,2159915,-,-
09177501,Steinkirchen,50,1305,1371005,-,-
09177600,"Wartenberg, Verwaltungsgemeinschaftsverwaltung",55,11450,-,-,-
09177601,Berglern,50,2993,1665206,-,-
09177601,Langenpreising,50,2890,5334360,-,-
09177601,"Wartenberg, M",50,5567,8520229,8520229,-
09177700,"Erding, GKSt",37,36671,5415111,-,-
09177700,Lengdorf,41,2685,7390488,-,-
09177700,Sankt Wolfgang,41,4502,1946258,-,-
09177800,Finsing,41,4744,4402754,4402754,-
09177900,Forstern,41,3711,9108387,-,-
09177900,Taufkirchen (Vils),41,10605,22523500,22523500,-
09178000,Eching,41,14431,4251188,-,-
09178000,Hallbergmoos,41,11638,-,-,-
09178000,Marzling,41,3298,6209785,-,-
09178000,"Zolling, Verwaltungsgemeinschaftsverwaltung",55,13014,-,-,-
09178001,Attenkirchen,50,2683,2868709,2868709,-
09178001,Haag a.d.Amper,50,2787,-,-,-
09178001,Wolfersdorf,50,2582,4155882,4155882,-
09178001,Zolling,50,4962,-,-,-
09178010,"Freising, Landkreisverwaltung",32,182531,4994371,-,-
09178200,Rudelzhausen,41,3509,660666,-,-
09178300,Fahrenzhausen,41,5086,-,-,-
09178300,Hohenkammer,41,2714,-,-,-
09178300,"Moosburg a.d.Isar, St",41,19859,13067204,-,-
09178400,"Freising, GKSt",37,48215,94272852,-,-
09178400,"Nandlstadt, M",41,5586,3241025,3241025,-
09178500,Neufahrn b.Freising,41,20845,11612832,-,-
09178600,"Au i.d.Hallertau, M",41,6319,578006,-,-
09178600,Kirchdorf a.d.Amper,41,3262,-,-,-
09178700,"Allershausen, Verwaltungsgemeinschaftsverwaltung",55,7368,-,-,-
09178700,Kranzberg,41,4189,3870190,-,-
09178701,Allershausen,50,5799,-,-,-
09178701,Paunzhausen,50,1569,-,-,-
09178800,Langenbach,41,3997,4104081,-,-
09178900,"Mauern, Verwaltungsgemeinschaftsverwaltung",55,9201,-,-,-
09178901,Gammelsdorf,50,1556,2159402,2159402,-
09178901,Hörgertshausen,50,2014,-,-,-
09178901,Mauern,50,3084,4740721,-,-
09178901,Wang,50,2547,1910549,1910549,-
09179010,"Fürstenfeldbruck, Landkreisverwaltung",32,216317,98126400,98126400,-
09179100,"Fürstenfeldbruck, GKSt",37,36779,23277582,-,-
09179100,"Mammendorf, Verwaltungsgemeinschaftsverwaltung",55,16824,-,-,-
09179101,Adelshofen,50,1866,2015000,2015000,-
09179101,Althegnenberg,50,2080,-,-,-
09179101,Hattenhofen,50,1510,2559942,2559942,-
09179101,Jesenwang,50,1633,854998,-,-
09179101,Landsberied,50,1595,275000,-,-
09179101,Mammendorf,50,4846,11695421,-,-
09179101,Mittelstetten,50,1647,-,-,-
09179101,Oberschweinbach,50,1647,1483154,1483154,-
09179200,"Grafrath, Verwaltungsgemeinschaftsverwaltung",55,7339,-,-,-
09179200,"Olching, St",41,27393,24770300,-,-
09179201,Grafrath,50,3842,907881,907881,-
09179201,Kottgeisering,50,1577,-,-,-
09179201,Schöngeising,50,1920,660000,-,-
09179300,Alling,41,4112,3967000,-,-
09179300,"Germering, GKSt",37,40368,28673874,28673874,-
09179400,Maisach,41,13860,35791,-,-
09179500,"Puchheim, St",41,20988,730499,-,-
09179600,Gröbenzell,41,19170,13539660,-,-
09179700,Egenhofen,41,3481,-,-,-
09179800,Eichenau,41,11663,9815366,40904,-
09179800,Moorenweis,41,4068,266666,266666,-
09179900,Emmering,41,6681,-,-,-
09179900,Türkenfeld,41,3591,-,-,-
09180010,"Garmisch-Partenkirchen, Landkreisverwaltung",32,89490,25689329,25689329,-
09180200,Bad Kohlgrub,41,2903,1875700,1875700,-
09180200,Krün,41,1994,4059261,-,-
09180300,"Mittenwald, M",41,7375,2769101,2769101,-
09180300,"Saulgrub, Verwaltungsgemeinschaftsverwaltung",55,2953,-,-,-
09180301,Bad Bayersoien,50,1286,716794,716794,-
09180301,Saulgrub,50,1667,-,-,-
09180400,"Murnau a.Staffelsee, M",41,11925,5646536,-,-
09180400,Uffing a.Staffelsee,41,3069,3455508,-,-
09180500,Oberammergau,41,5264,4506527,4506527,-
09180500,"Unterammergau, Verwaltungsgemeinschaftsverwaltung",55,2334,-,-,-
09180501,Ettal,50,697,73664,-,-
09180501,Unterammergau,50,1637,918255,-,-
09180600,Farchant,41,3528,6856113,-,-
09180600,Oberau,41,3149,10301095,-,-
09180600,"Ohlstadt, Verwaltungsgemeinschaftsverwaltung",55,7164,-,-,-
09180600,Wallgau,41,1515,100000,100000,-
09180601,Eschenlohe,50,1554,520000,520000,-
09180601,Großweil,50,1617,3336180,3336180,-
09180601,Ohlstadt,50,3381,211096,211096,-
09180601,Schwaigen,50,612,1400000,-,-
09180700,"Garmisch-Partenkirchen, M",41,28275,17320492,17204174,-
09180700,"Seehausen a.Staffelsee, Verwaltungsgemeinschaftsverwaltung",55,4458,-,-,-
09180701,Riegsee,50,1245,-,-,-
09180701,Seehausen a.Staffelsee,50,2473,-,-,-
09180701,Spatzenhausen,50,740,-,-,-
09180800,Grainau,41,3584,3461477,-,-
09181000,"Landsberg am Lech, GKSt",37,28554,15857105,-,-
09181000,"Prittriching, Verwaltungsgemeinschaftsverwaltung",55,4548,-,-,-
09181001,Prittriching,50,2586,3082101,3082101,-
09181001,Scheuring,50,1962,5620962,-,-
09181010,"Landsberg am Lech, Landkreisverwaltung",32,120406,32023770,31993826,-
09181100,"Pürgen, Verwaltungsgemeinschaftsverwaltung",55,6545,-,-,-
09181101,Hofstetten,50,1859,1447500,-,-
09181101,Pürgen,50,3634,-,-,-
09181101,Schwifting,50,1052,-,-,-
09181200,Geltendorf,41,5758,3517747,3517747,-
09181200,Penzing,41,4111,3105408,-,-
09181200,"Reichling, Verwaltungsgemeinschaftsverwaltung",55,9388,-,-,-
09181201,Apfeldorf,50,1207,5315000,5315000,-
09181201,Kinsau,50,1011,1000000,1000000,-
09181201,Reichling,50,1712,3327464,3327464,-
09181201,Rott,50,1736,968232,-,-
09181201,Thaining,50,1075,2307650,-,-
09181201,Vilgertshofen,50,2647,2503046,-,-
09181300,Denklingen,41,2837,18447490,-,-
09181300,"Schondorf am Ammersee, Verwaltungsgemeinschaftsverwaltung",55,7658,-,-,-
09181301,Eching am Ammersee,50,1662,2230820,-,-
09181301,Greifenberg,50,2176,-,-,-
09181301,Schondorf am Ammersee,50,3820,1805718,-,-
09181400,"Dießen am Ammersee, M",41,10580,-,-,-
09181400,Utting am Ammersee,41,4596,22878272,22878272,-
09181400,"Windach, Verwaltungsgemeinschaftsverwaltung",55,7706,-,-,-
09181401,Eresing,50,2006,1375860,1375860,-
09181401,Finning,50,1905,-,-,-
09181401,Windach,50,3795,2555180,-,-
09181500,Weil,41,3951,6476094,-,-
09181600,Egling a.d.Paar,41,2456,1858000,1858000,-
09181800,"Fuchstal, Verwaltungsgemeinschaftsverwaltung",55,5535,-,-,-
09181800,"Kaufering, M",41,9975,24352375,-,-
09181801,Fuchstal,50,4057,6027479,-,-
09181801,Unterdießen,50,1478,2307445,2307445,-
09181900,"Igling, Verwaltungsgemeinschaftsverwaltung",55,6208,-,-,-
09181901,Hurlach,50,1937,1908000,1908000,-
09181901,Igling,50,2516,5545073,-,-
09181901,Obermeitingen,50,1755,1058820,1058820,-
09182000,"Holzkirchen, M",41,16123,14241775,14241775,-
09182010,"Miesbach, Landkreisverwaltung",32,96510,66104448,64304448,-
09182100,Bad Wiessee,41,4840,15038100,15038100,-
09182100,"Schliersee, M",41,6541,15211503,-,-
09182200,Bayrischzell,41,1534,3499936,-,-
09182200,"Tegernsee, St",41,3647,1353369,-,-
09182300,Irschenberg,41,3156,-,-,-
09182300,Valley,41,3375,-,-,-
09182400,Fischbachau,41,5576,6946542,6946542,-
09182400,Kreuth,41,3395,3283972,-,-
09182400,Waakirchen,41,5438,8782894,-,-
09182500,"Miesbach, St",41,11371,33574560,33574560,-
09182600,Gmund a.Tegernsee,41,5847,5347582,5347582,-
09182600,Warngau,41,3741,629620,-,-
09182700,Otterfing,41,4615,3326920,3326920,-
09182700,Weyarn,41,3778,651188,-,-
09182900,Hausham,41,8047,18541492,18541492,-
09182900,Rottach-Egern,41,5486,3270523,2958237,-
09183000,"Oberbergkirchen, Verwaltungsgemeinschaftsverwaltung",55,4846,-,-,-
09183001,Lohkirchen,50,849,363596,-,-
09183001,Oberbergkirchen,50,1727,318876,318876,-
09183001,Schönberg,50,1105,4706465,3006465,-
09183001,Zangberg,50,1165,1096789,696789,-
09183010,"Mühldorf a.Inn, Landkreisverwaltung",32,120823,40414507,-,-
09183100,"Polling, Verwaltungsgemeinschaftsverwaltung",55,4191,-,-,-
09183101,Oberneukirchen,50,853,-,-,-
09183101,Polling,50,3338,1196870,-,-
09183200,Ampfing,41,7058,7220712,-,-
09183200,"Rohrbach, Verwaltungsgemeinschaftsverwaltung",55,3561,-,-,-
09183201,Erharting,50,950,120000,120000,-
09183201,Niederbergkirchen,50,1177,157500,-,-
09183201,Niedertaufkirchen,50,1434,133326,133326,-
09183300,Aschau a.Inn,41,3290,-,-,-
09183300,"Maitenbeth, Verwaltungsgemeinschaftsverwaltung",55,4081,-,-,-
09183301,Maitenbeth,50,1988,1673329,-,-
09183301,Rechtmehring,50,2093,334294,334294,-
09183400,"Buchbach, M",41,3314,1825064,1825064,-
09183400,Schwindegg,41,3530,7450251,-,-
09183500,"Heldenstein, Verwaltungsgemeinschaftsverwaltung",55,3864,-,-,-
09183500,Obertaufkirchen,41,2642,317984,317984,-
09183501,Heldenstein,50,2797,2699331,2699331,-
09183501,Rattenkirchen,50,1067,539583,-,-
09183600,"Gars a.Inn, Verwaltungsgemeinschaftsverwaltung",55,5764,-,-,-
09183601,"Gars a.Inn, M",50,4007,3986358,-,318212
09183601,Unterreit,50,1757,1390877,-,-
09183700,Mettenheim,41,3603,1286131,1286131,-
09183700,"Reichertsheim, Verwaltungsgemeinschaftsverwaltung",55,3052,-,-,-
09183701,Kirchdorf,50,1339,651502,651502,-
09183701,Reichertsheim,50,1713,1635149,-,-
09183800,"Kraiburg a.Inn, Verwaltungsgemeinschaftsverwaltung",55,6159,-,-,-
09183800,"Mühldorf a.Inn, St",41,22228,16599554,-,-
09183800,"Waldkraiburg, St",41,25513,10884808,-,-
09183801,Jettenbach,50,748,107904,-,-
09183801,"Kraiburg a.Inn, M",50,3999,1623322,1623322,-
09183801,Taufkirchen,50,1412,-,-,-
09183900,"Haag i.OB, M",41,6563,1051280,1022780,-
09183900,"Neumarkt-Sankt Veit, Verwaltungsgemeinschaftsverwaltung",55,7564,-,-,-
09183901,Egglkofen,50,1288,471944,471944,-
09183901,"Neumarkt-Sankt Veit, St",50,6276,4837596,4828648,-
09184000,Gräfelfing,41,13795,-,-,-
09184000,Ismaning,41,17756,27581747,-,-
09184000,Putzbrunn,41,6656,13344434,13344434,-
09184010,"München, Landkreisverwaltung",32,351170,129430353,6391,80000000
09184100,Grasbrunn,41,6546,171990,171990,-
09184100,Kirchheim b.München,41,12586,49529507,49529507,-
09184100,Sauerlach,41,8102,16816614,-,-
09184200,Aschheim,41,8980,-,-,-
09184200,Grünwald,41,11137,-,-,-
09184200,Neuried,41,8772,16781035,16781035,-
09184200,Schäftlarn,41,5768,4671600,4671600,-
09184300,Baierbrunn,41,3377,-,-,-
09184300,"Haar, St",41,22216,17960092,-,-
09184400,Brunnthal,41,5405,1627040,-,-
09184400,Oberhaching,41,13457,46990528,46982528,-
09184400,Straßlach-Dingharting,41,3232,6379262,6379262,-
09184500,Oberschleißheim,41,11871,7394028,-,-
09184500,Taufkirchen,41,18125,37324978,37324978,-
09184600,Neubiberg,41,14418,-,-,-
09184600,Ottobrunn,41,22540,20730426,-,-
09184700,Aying,41,5572,3760576,-,-
09184700,Höhenkirchen-Siegertsbrunn,41,11116,14756132,-,-
09184700,Unterföhring,41,11274,-,-,-
09184800,Feldkirchen,41,7507,14753600,14753600,-
09184800,Planegg,41,11078,-,-,-
09184800,Unterhaching,41,26386,3607627,-,-
09184900,"Garching b.München, St",41,17652,5708241,-,-
09184900,Hohenbrunn,41,8893,13996636,13996636,-
09184900,Pullach i.Isartal,41,8626,-,-,-
09184900,"Unterschleißheim, St",41,28327,2295719,2295719,-
09185000,Karlskron,41,4828,2330714,-,-
09185000,Oberhausen,41,3225,3758326,3500000,-
09185010,"Neuburg-Schrobenhausen, Landkreisverwaltung",32,98433,46430102,46408856,-
09185300,Aresing,41,2999,5843136,5843136,-
09185300,Königsmoos,41,4878,75264,75264,-
09185300,"Rennertshofen, M",41,4839,5850000,5850000,-
09185400,"Neuburg a.d.Donau, Verwaltungsgemeinschaftsverwaltung",55,3572,-,-,-
09185401,Bergheim,50,1969,1620521,-,-
09185401,Rohrenfels,50,1603,1889528,-,-
09185500,"Burgheim, M",41,4633,600000,-,-
09185500,"Schrobenhausen, Verwaltungsgemeinschaftsverwaltung",55,9671,-,-,-
09185501,Berg im Gau,50,1379,1627147,-,-
09185501,Brunnen,50,1769,3502539,3502539,-
09185501,Gachenbach,50,2620,5618733,-,-
09185501,Langenmosen,50,1626,931032,931032,-
09185501,Waidhofen,50,2277,299923,299923,-
09185700,Ehekirchen,41,3768,4813749,-,-
09185800,"Schrobenhausen, St",41,17469,8247420,3834,-
09185800,Weichering,41,2426,2616651,2616651,-
09185900,Karlshuld,41,5963,5763681,-,-
09185900,"Neuburg a.d.Donau, GKSt",37,30162,29793585,29793585,-
09186010,"Pfaffenhofen a.d.Ilm, Landkreisverwaltung",32,128626,34398982,28661633,-
09186100,Scheyern,41,4764,5413106,-,-
09186200,Jetzendorf,41,3103,1875000,-,-
09186200,Schweitenkirchen,41,5563,-,-,-
09186200,"Wolnzach, M",41,11559,10217703,-,-
09186300,Baar-Ebenhausen,41,5552,-,-,-
09186300,"Pfaffenhofen a.d.Ilm, St",41,25985,7887018,-,-
09186500,Gerolsbach,41,3769,2159798,2159798,-
09186600,"Geisenfeld, Verwaltungsgemeinschaftsverwaltung",55,13186,-,-,-
09186600,Reichertshausen,41,5145,3907554,3907554,-
09186601,Ernsgaden,50,1770,1642101,1642101,-
09186601,"Geisenfeld, St",50,11416,1551740,1551740,-
09186700,"Ilmmünster, Verwaltungsgemeinschaftsverwaltung",55,4372,-,-,-
09186700,"Manching, M",41,12588,4447188,-,-
09186701,Hettenshausen,50,2193,-,-,-
09186701,Ilmmünster,50,2179,3240000,-,-
09186800,"Hohenwart, M",41,4859,7699578,-,-
09186800,"Reichertshofen, Verwaltungsgemeinschaftsverwaltung",55,10351,-,-,-
09186800,"Vohburg a.d.Donau, St",41,8722,2004412,140647,-
09186801,Pörnbach,50,2195,1875031,1875031,-
09186801,"Reichertshofen, M",50,8156,395801,-,-
09186900,Münchsmünster,41,3160,16660,-,-
09186900,Rohrbach,41,5948,6212099,6212099,-
09187000,Brannenburg,41,6716,3995766,3991646,-
09187000,"Breitbrunn a.Chiemsee, Verwaltungsgemeinschaftsverwaltung",55,2836,-,-,-
09187000,Feldkirchen-Westerham,41,10607,2054543,2054543,-
09187000,"Kolbermoor, St",41,18665,18461966,-,-
09187001,Breitbrunn a.Chiemsee,50,1471,2500232,-,-
09187001,Chiemsee,50,216,112680,-,-
09187001,Gstadt a.Chiemsee,50,1149,-,-,-
09187010,"Rosenheim, Landkreisverwaltung",32,256196,63388513,63388513,-
09187100,Flintsbach a.Inn,41,2909,948251,-,-
09187100,Vogtareuth,41,3111,4507500,4495218,-
09187200,"Bruckmühl, M",41,16693,11114280,10603110,-
09187200,Frasdorf,41,3018,-,-,-
09187200,"Halfing, Verwaltungsgemeinschaftsverwaltung",55,5393,-,-,-
09187200,"Prien a.Chiemsee, M",41,10830,13628972,13628972,-
09187200,Samerberg,41,2745,1999047,1999047,-
09187200,Schechen,41,5239,541659,-,-
09187200,"Wasserburg a.Inn, St",41,12235,4055572,-,-
09187201,Halfing,50,2746,1712453,-,-
09187201,Höslwang,50,1209,137740,-,-
09187201,Schonstett,50,1438,416570,-,-
09187300,Amerang,41,3698,5165846,-,-
09187300,Prutting,41,2880,5212067,-,-
09187400,Aschau i.Chiemgau,41,5229,4953849,4953849,-
09187400,Edling,41,4409,-,-,-
09187400,Griesstätt,41,2848,2387751,-,1387751
09187400,"Neubeuern, M",41,4060,5442323,4662494,779829
09187400,"Pfaffing, Verwaltungsgemeinschaftsverwaltung",55,5816,-,-,-
09187400,Söchtenau,41,2662,1224255,-,-
09187401,Albaching,50,1759,59500,-,-
09187401,Pfaffing,50,4057,1112199,1112199,-
09187500,Eggstätt,41,2861,586403,586403,-
09187500,Raubling,41,11256,6033476,-,-
09187500,"Rott a.Inn, Verwaltungsgemeinschaftsverwaltung",55,5510,-,-,-
09187501,Ramerberg,50,1381,927952,927952,-
09187501,Rott a.Inn,50,4129,17089704,-,-
09187600,Babensham,41,3063,3507422,3507422,-
09187600,Eiselfing,41,3241,2166682,-,-
09187600,Nußdorf a.Inn,41,2519,4278691,4278691,-
09187600,Soyen,41,2919,1506761,-,-
09187700,"Bad Aibling, St",41,18140,41813606,41813606,-
09187700,Großkarolinenfeld,41,7322,8912786,8912786,-
09187700,Oberaudorf,41,4993,6226614,6226614,-
09187700,Riedering,41,5526,1906246,1906246,-
09187700,Stephanskirchen,41,10099,-,-,-
09187800,"Bad Endorf, M",41,8222,4154062,-,-
09187800,Bernau a.Chiemsee,41,6628,5039200,-,-
09187800,Kiefersfelden,41,6519,1641152,1641152,-
09187800,Rimsting,41,3777,2927327,-,-
09187900,Bad Feilnbach,41,8132,12972705,12972705,-
09187900,Rohrdorf,41,5802,-,-,-
09187900,Tuntenhausen,41,7068,-,-,-
09188000,Gauting,41,21841,9089278,-,-
09188010,"Starnberg, Landkreisverwaltung",32,138903,36605110,-,11500000
09188100,Gilching,41,19057,12791775,102914,-
09188100,Tutzing,41,9964,1189343,1189343,-
09188200,Seefeld,41,7653,-,-,-
09188300,Berg,41,8093,-,-,-
09188400,Herrsching a.Ammersee,41,11076,1850000,1850000,-
09188400,Weßling,41,5432,11604030,-,-
09188500,Wörthsee,41,5104,2104905,2104905,-
09188600,Inning a.Ammersee,41,4793,1195277,1195277,-
09188700,Andechs,41,3805,4490543,-,-
09188700,Krailling,41,7790,-,-,-
09188700,Pöcking,41,5571,957173,957173,-
09188800,Feldafing,41,4327,735100,735100,-
09188900,"Starnberg, St",41,24397,12415467,62378,-
09189000,"Grassau, M",41,6808,11251193,-,-
09189000,Nußdorf,41,2341,2410097,2410097,-
09189000,"Obing, Verwaltungsgemeinschaftsverwaltung",55,7534,-,-,-
09189000,Ruhpolding,41,6178,10984981,10984981,-
09189000,Unterwössen,41,3385,2130280,-,-
09189001,Kienberg,50,1308,879974,879974,-
09189001,Obing,50,4351,768091,768091,-
09189001,Pittenhart,50,1875,107079,-,-
09189010,"Traunstein, Landkreisverwaltung",32,171546,13757000,-,-
09189100,Altenmarkt a.d.Alz,41,4061,-,-,-
09189100,Schleching,41,1642,545925,-,-
09189200,Schnaitsee,41,3595,3562531,-,-
09189200,"Tittmoning, St",41,5839,4962091,23252,-
09189300,Seeon-Seebruck,41,4420,5151720,5151720,-
09189300,"Waging a.See, Verwaltungsgemeinschaftsverwaltung",55,10327,-,-,-
09189301,Taching a.See,50,1976,1961660,-,-
09189301,"Waging a.See, M",50,6796,2221938,-,-
09189301,Wonneberg,50,1555,2277528,2277528,-
09189400,Chieming,41,4567,634315,-,-
09189400,Inzell,41,4378,4798598,4798598,-
09189400,Palling,41,3493,-,-,-
09189400,"Traunreut, St",41,20212,-,-,-
09189500,Engelsberg,41,2390,871321,871321,-
09189500,Petting,41,2236,-,-,-
09189500,Siegsdorf,41,8077,1851421,1851421,-
09189500,"Traunstein, GKSt",37,20530,13083226,13031331,-
09189600,"Bergen, Verwaltungsgemeinschaftsverwaltung",55,6366,-,-,-
09189601,Bergen,50,4566,6054302,6054302,-
09189601,Vachendorf,50,1800,-,-,-
09189700,Kirchanschöring,41,3310,3053036,3053036,-
09189700,"Trostberg, St",41,11254,2074534,-,-
09189800,Fridolfing,41,4349,-,-,-
09189800,Surberg,41,3267,239522,239522,-
09189900,Grabenstätt,41,4313,-,-,-
09189900,"Marquartstein, Verwaltungsgemeinschaftsverwaltung",55,4157,-,-,-
09189900,Reit im Winkl,41,1932,3786607,3786607,-
09189900,Tacherting,41,5612,1382343,1382343,-
09189900,Übersee,41,4973,3691496,-,-
09189901,Marquartstein,50,3022,-,-,-
09189901,Staudach-Egerndach,50,1135,-,-,-
09190000,Hohenpeißenberg,41,3858,3129425,3129425,-
09190000,"Peiting, M",41,11684,1607764,1607764,-
09190000,"Steingaden, Verwaltungsgemeinschaftsverwaltung",55,5159,-,-,-
09190001,Prem,50,943,-,-,-
09190001,Steingaden,50,2904,1928265,-,-
09190001,Wildsteig,50,1312,1613700,-,-
09190010,"Weilheim-Schongau, Landkreisverwaltung",32,137446,56525731,56525731,-
09190100,"Penzberg, St",41,16733,41447368,32447368,9000000
09190200,Polling,41,3577,880202,880202,-
09190400,"Altenstadt, Verwaltungsgemeinschaftsverwaltung",55,8508,-,-,-
09190400,Raisting,41,2378,2282848,-,-
09190401,Altenstadt,50,3286,675762,-,-
09190401,Hohenfurch,50,1715,91005,-,-
09190401,Ingenried,50,1086,805080,805080,-
09190401,Schwabbruck,50,975,448744,-,-
09190401,Schwabsoien,50,1446,129004,-,-
09190500,"Bernbeuren, Verwaltungsgemeinschaftsverwaltung",55,4134,-,-,-
09190500,Bernried am Starnberger See,41,2409,7122819,120725,-
09190501,Bernbeuren,50,2435,3608005,3608005,-
09190501,Burggen,50,1699,2980965,2980965,-
09190600,"Habach, Verwaltungsgemeinschaftsverwaltung",55,5204,-,-,-
09190601,Antdorf,50,1306,1000000,-,-
09190601,Habach,50,1127,212320,212320,-
09190601,Obersöchering,50,1562,1850559,1850559,-
09190601,Sindelsdorf,50,1209,-,-,-
09190700,"Huglfing, Verwaltungsgemeinschaftsverwaltung",55,7643,-,-,-
09190700,"Weilheim i.OB, St",41,23083,14685903,-,-
09190701,Eberfing,50,1494,865886,-,-
09190701,Eglfing,50,1141,-,-,-
09190701,Huglfing,50,2879,-,-,-
09190701,Oberhausen,50,2129,-,-,-
09190800,Pähl,41,2465,463098,-,-
09190800,"Rottenbuch, Verwaltungsgemeinschaftsverwaltung",55,3715,-,-,-
09190800,"Schongau, St",41,12452,7487451,-,-
09190800,Wessobrunn,41,2185,688725,688725,-
09190801,Böbing,50,1868,156382,156382,-
09190801,Rottenbuch,50,1847,266005,259499,-
09190900,"Peißenberg, M",41,12906,3975154,-,-
09190900,"Seeshaupt, Verwaltungsgemeinschaftsverwaltung",55,5953,-,-,-
09190900,Wielenbach,41,3400,5587498,-,-
09190901,Iffeldorf,50,2726,1045380,-,-
09190901,Seeshaupt,50,3227,2032513,2032513,-
09201000,"Niederbayern, Bezirksverwaltung",.,1247390,7706895,-,-
09261000,Landshut,30,68501,161645496,161644563,-
09262000,Passau,30,52536,138215878,-,-
09263000,Straubing,30,47267,107558400,1250,-
09271000,Offenberg,41,3310,179339,-,-
09271010,"Deggendorf, Landkreisverwaltung",32,120574,58635627,-,-
09271100,Aholming,41,2367,575000,575000,-
09271100,"Osterhofen, St",41,11975,1031428,-,-
09271100,Stephansposching,41,3220,1196681,-,-
09271200,Grafling,41,2687,121586,-,-
09271200,"Lalling, Verwaltungsgemeinschaftsverwaltung",55,5629,-,-,-
09271200,"Metten, M",41,4281,3418458,28447,-
09271201,Grattersdorf,50,1321,100000,-,-
09271201,Hunding,50,1132,705471,-,-
09271201,Lalling,50,1653,1718459,-,-
09271201,Schaufling,50,1523,1049514,1049514,-
09271300,Auerbach,41,2163,-,-,-
09271300,"Winzer, M",41,3757,4638834,4622584,-
09271400,"Oberpöring, Verwaltungsgemeinschaftsverwaltung",55,4439,-,-,-
09271401,Oberpöring,50,1217,-,-,-
09271401,Otzing,50,1965,-,-,-
09271401,Wallerfing,50,1257,1453430,1453430,-
09271500,"Hengersberg, M",41,7819,424967,424967,-
09271500,"Moos, Verwaltungsgemeinschaftsverwaltung",55,3306,-,-,-
09271501,Buchhofen,50,953,1407923,-,-
09271501,Moos,50,2353,3937335,3937335,-
09271600,Bernried,41,4766,2000000,2000000,-
09271600,"Plattling, St",41,13040,3858360,-,-
09271600,"Schöllnach, Verwaltungsgemeinschaftsverwaltung",55,6338,-,-,-
09271601,Außernzell,50,1530,3250651,3218256,-
09271601,"Schöllnach, M",50,4808,6392052,-,-
09271700,Iggensbach,41,2180,1550666,-,-
09271800,Künzing,41,3220,3499334,3499334,-
09271800,Niederalteich,41,1796,478125,478125,-
09271900,"Deggendorf, GKSt",37,34281,26925331,-,-
09272000,"Grafenau, St",41,8024,11801300,9872369,-
09272000,Ringelai,41,1888,3220362,-,1766283
09272010,"Freyung-Grafenau, Landkreisverwaltung",32,78256,24806011,19306011,-
09272100,Grainet,41,2404,406993,-,-
09272100,"Röhrnbach, M",41,4313,4784569,-,-
09272100,"Schönberg, Verwaltungsgemeinschaftsverwaltung",55,7625,-,-,-
09272100,"Waldkirchen, St",41,11278,12535590,-,-
09272101,Eppenschlag,50,960,1015360,1015354,-
09272101,Innernzell,50,1529,2430771,-,-
09272101,Schöfweg,50,1285,1404348,1365155,-
09272101,"Schönberg, M",50,3851,7189545,6046056,-
09272200,Haidmühle,41,1383,4017996,-,-
09272200,"Hinterschmiding, Verwaltungsgemeinschaftsverwaltung",55,3073,-,-,-
09272200,Saldenburg,41,2009,1229696,1229696,-
09272201,Hinterschmiding,50,2444,2394611,-,-
09272201,Philippsreut,50,629,2447250,2447250,-
09272300,Sankt Oswald-Riedlhütte,41,2959,4321065,-,-
09272300,"Thurmansbang, Verwaltungsgemeinschaftsverwaltung",55,3750,-,-,-
09272301,Thurmansbang,50,2604,426566,426566,-
09272301,Zenting,50,1146,2338752,-,-
09272400,Mauth,41,2126,1994464,1994464,-
09272400,"Perlesreut, Verwaltungsgemeinschaftsverwaltung",55,3674,-,-,-
09272401,Fürsteneck,50,825,1408750,1408750,-
09272401,"Perlesreut, M",50,2849,3520218,3520218,-
09272600,Neureichenau,41,4226,1983342,1983342,-
09272600,Neuschönau,41,2208,1761190,-,-
09272700,Hohenau,41,3183,4910830,4910830,-
09272800,"Freyung, St",41,7075,14212820,-,-
09272900,Jandelsbrunn,41,3282,2574929,-,-
09272900,Spiegelau,41,3776,4884951,4501011,-
09273010,"Kelheim, Landkreisverwaltung",32,125278,7993341,7993341,-
09273100,"Abensberg, St",41,15033,1367591,-,-
09273200,"Neustadt a.d.Donau, St",41,14523,910000,910000,-
09273400,"Riedenburg, St",41,6119,2674377,2674377,-
09273500,"Ihrlerstein, Verwaltungsgemeinschaftsverwaltung",55,5324,-,-,-
09273500,"Rohr i.NB, M",41,3423,719812,719812,-
09273501,"Essing, M",50,1119,-,-,-
09273501,Ihrlerstein,50,4205,-,-,-
09273600,"Bad Abbach, M",41,12412,13468846,-,-
09273600,"Saal a.d.Donau, Verwaltungsgemeinschaftsverwaltung",55,7322,-,-,-
09273601,Saal a.d.Donau,50,5592,-,-,-
09273601,Teugn,50,1730,-,-,-
09273700,"Kelheim, St",41,16974,8013949,-,-
09273700,"Langquaid, Verwaltungsgemeinschaftsverwaltung",55,9544,-,-,-
09273700,"Mainburg, St",41,15221,-,-,-
09273701,Hausen,50,2226,1859375,1859375,-
09273701,Herrngiersdorf,50,1383,-,-,-
09273701,"Langquaid, M",50,5935,4951971,-,-
09273800,"Siegenburg, Verwaltungsgemeinschaftsverwaltung",55,9842,-,-,-
09273801,Biburg,50,1422,-,-,-
09273801,Kirchdorf,50,955,-,-,-
09273801,"Siegenburg, M",50,4073,-,-,-
09273801,Train,50,1967,-,-,-
09273801,Wildenberg,50,1425,-,-,-
09273900,"Mainburg, Verwaltungsgemeinschaftsverwaltung",55,7273,-,-,-
09273900,"Painten, M",41,2268,978514,978514,-
09273901,Aiglsbach,50,1903,800000,800000,-
09273901,Attenhofen,50,1425,-,-,-
09273901,Elsendorf,50,2142,-,-,-
09273901,Volkenschwand,50,1803,2883330,2883330,-
09274000,Bodenkirchen,41,5300,-,-,-
09274000,"Ergoldsbach, Verwaltungsgemeinschaftsverwaltung",55,10357,-,-,-
09274001,Bayerbach b.Ergoldsbach,50,1967,1561813,1561813,-
09274001,"Ergoldsbach, M",50,8390,434957,-,-
09274010,"Landshut, Landkreisverwaltung",32,160656,29068028,29068028,-
09274100,Adlkofen,41,4430,4014078,4014078,-
09274100,Buch a.Erlbach,41,3881,3205542,-,-
09274100,"Furth, Verwaltungsgemeinschaftsverwaltung",55,7658,-,-,-
09274100,Hohenthann,41,4190,1544401,1544401,-
09274101,Furth,50,3632,8347554,8347554,-
09274101,Obersüßbach,50,1607,3075904,-,-
09274101,Weihmichl,50,2419,1676178,-,-
09274200,"Pfeffenhausen, M",41,5415,4315789,4315789,-
09274200,Tiefenbach,41,3930,-,-,-
09274200,"Wörth a.d.Isar, Verwaltungsgemeinschaftsverwaltung",55,6178,-,-,-
09274201,Postau,50,1684,-,-,-
09274201,Weng,50,1408,586902,586902,-
09274201,Wörth a.d.Isar,50,3086,-,-,-
09274300,"Altdorf, M",41,11186,245420,-,-
09274300,"Gerzen, Verwaltungsgemeinschaftsverwaltung",55,6760,-,-,-
09274300,Neufahrn i.NB,41,4242,-,-,-
09274301,Aham,50,1944,2307560,2307560,-
09274301,Gerzen,50,1873,4980100,4980100,-
09274301,Kröning,50,2045,1973046,1973046,-
09274301,Schalkham,50,898,2323200,2323200,-
09274400,Bruckberg,41,5646,11930462,11930462,-
09274400,Eching,41,4144,1946213,-,-
09274400,"Geisenhausen, M",41,7291,18988,-,-
09274400,"Vilsbiburg, St",41,12078,6545540,-,-
09274500,Vilsheim,41,2664,1511250,1511250,-
09274600,"Altfraunhofen, Verwaltungsgemeinschaftsverwaltung",55,3264,-,-,-
09274600,"Ergolding, M",41,13249,3761337,-,-
09274600,Kumhausen,41,5427,877020,877020,-
09274600,Niederaichbach,41,4162,-,-,-
09274600,"Rottenburg a.d.Laaber, St",41,8441,3723441,-,-
09274601,Altfraunhofen,50,2502,231673,-,-
09274601,Baierbach,50,762,750000,750000,-
09274700,"Velden, Verwaltungsgemeinschaftsverwaltung",55,8803,-,-,-
09274701,Neufraunhofen,50,1083,1000000,1000000,-
09274701,"Velden, M",50,6358,6275345,6275345,-
09274701,Wurmsham,50,1362,1664336,1664336,-
09274800,"Essenbach, M",41,11960,-,-,-
09275000,"Eging a.See, M",41,4180,767100,767100,-
09275000,Kirchham,41,2531,138100,138100,-
09275000,Thyrnau,41,4199,2141156,2141156,-
09275010,"Passau, Landkreisverwaltung",32,193455,19969373,-,-
09275100,Aicha vorm Wald,41,2474,1265900,879698,-
09275100,Fürstenstein,41,3513,6301050,-,-
09275100,"Kößlarn, M",41,1904,240141,-,-
09275100,"Pocking, St",41,16211,81806,-,-
09275100,Tiefenbach,41,6456,-,-,-
09275200,"Aidenbach, Verwaltungsgemeinschaftsverwaltung",55,4298,-,-,-
09275200,"Fürstenzell, M",41,8566,3270532,3247342,-
09275201,"Aidenbach, M",50,3061,3190832,-,-
09275201,Beutelsbach,50,1237,330124,-,-
09275300,Neuburg a.Inn,41,4426,31915,31915,-
09275300,"Untergriesbach, M",41,6097,10934186,10934186,-
09275400,Aldersbach,41,4285,-,-,-
09275400,"Bad Griesbach i.Rottal, St",41,8868,15935122,15935122,-
09275400,Neuhaus a.Inn,41,3465,1414080,-,-
09275400,"Rotthalmünster, Verwaltungsgemeinschaftsverwaltung",55,5886,-,-,-
09275400,Ruderting,41,3028,84662,-,-
09275400,"Vilshofen an der Donau, St",41,18042,4067500,-,-
09275401,Malching,50,1245,148231,-,-
09275401,"Rotthalmünster, M",50,4641,6825493,6825493,-
09275500,Haarbach,41,2489,82500,-,-
09275500,Neukirchen vorm Wald,41,2983,2014940,2014940,-
09275500,"Ruhstorf a.d.Rott, M",41,7014,2616937,2616937,-
09275600,Bad Füssing,41,7710,12292232,12292232,-
09275600,"Hauzenberg, St",41,12027,6637711,24711,-
09275600,Salzweg,41,6492,9919162,-,872293
09275600,"Wegscheid, M",41,5389,11619035,11599814,19221
09275700,"Hofkirchen, M",41,3560,-,-,-
09275700,"Obernzell, M",41,3605,6228313,5725733,-
09275800,Breitenberg,41,1984,977756,977756,-
09275800,"Hutthurm, M",41,6288,5770030,-,-
09275800,"Ortenburg, M",41,7324,4873318,-,-
09275800,Sonnen,41,1435,262246,-,-
09275900,Büchlberg,41,4309,1347092,1347092,-
09275900,Tettenweis,41,1846,-,-,-
09275900,"Tittling, Verwaltungsgemeinschaftsverwaltung",55,5657,-,-,-
09275900,"Windorf, M",41,4914,1493609,-,-
09275901,"Tittling, M",50,4139,57084,-,-
09275901,Witzmannsberg,50,1518,857500,857500,-
09276000,Drachselsried,41,2371,1684800,-,-
09276000,Lindberg,41,2288,446250,-,-
09276010,"Regen, Landkreisverwaltung",32,77437,3774021,-,-
09276100,Frauenau,41,2661,530652,530652,-
09276200,Geiersthal,41,2171,500000,500000,-
09276300,Arnbruck,41,2037,3952142,3499741,-
09276300,"Teisnach, M",41,2966,1475000,-,-
09276400,Patersdorf,41,1761,-,-,-
09276400,"Viechtach, St",41,8350,15623699,15623699,-
09276500,Bayerisch Eisenstein,41,991,-,-,-
09276500,Prackenbach,41,2758,927479,-,-
09276600,Bischofsmais,41,3343,4020435,4020435,-
09276600,Kirchberg i.Wald,41,4446,2705993,2705993,-
09276700,"Bodenmais, M",41,3643,2389120,-,-
09276700,Kirchdorf i.Wald,41,2069,978508,-,-
09276800,Böbrach,41,1565,952252,952252,-
09276800,Kollnburg,41,2740,457121,-,-
09276800,"Regen, St",41,10992,12374910,-,-
09276800,"Ruhmannsfelden, Verwaltungsgemeinschaftsverwaltung",55,6233,-,-,-
09276800,"Zwiesel, St",41,9080,1492233,-,-
09276801,Achslach,50,991,840624,-,-
09276801,Gotteszell,50,1165,1444061,1444061,-
09276801,"Ruhmannsfelden, M",50,2003,6355957,5174789,-
09276801,Zachenberg,50,2074,2135164,2135164,-
09276900,Langdorf,41,1858,1168350,1168350,-
09276900,Rinchnach,41,3114,1044737,1044737,-
09277000,"Massing, Verwaltungsgemeinschaftsverwaltung",55,4903,-,-,-
09277001,Geratskirchen,50,851,542667,-,-
09277001,"Massing, M",50,4052,350534,-,-
09277010,"Rottal-Inn, Landkreisverwaltung",32,120149,16868051,16868051,-
09277100,"Arnstorf, M",41,6534,8062086,8062086,-
09277100,"Bad Birnbach, Verwaltungsgemeinschaftsverwaltung",55,7417,-,-,-
09277100,"Gangkofen, M",41,6214,5461187,5461187,-
09277100,Unterdietfurt,41,2184,1832735,-,-
09277101,"Bad Birnbach, M",50,5764,22749133,18811678,-
09277101,Bayerbach,50,1653,4415344,-,-
09277200,Roßbach,41,2902,6510463,6510463,-
09277200,Wittibreut,41,1947,2282221,-,-
09277300,"Tann, Verwaltungsgemeinschaftsverwaltung",55,5483,-,-,-
09277300,"Wurmannsquick, M",41,3414,2657988,2657988,-
09277301,Reut,50,1642,-,-,-
09277301,"Tann, M",50,3841,3263691,-,-
09277400,Dietersburg,41,3008,5737978,-,-
09277400,"Ering, Verwaltungsgemeinschaftsverwaltung",55,3282,-,-,-
09277400,Hebertsfelden,41,3618,-,-,-
09277400,Mitterskirchen,41,2196,-,-,-
09277400,Schönau,41,1865,3958430,3958430,-
09277400,Zeilarn,41,2129,1540314,-,-
09277401,Ering,50,1861,1800000,1800000,-
09277401,Stubenberg,50,1421,1218400,1218400,-
09277500,"Simbach a.Inn, St",41,10049,4920583,-,-
09277600,"Eggenfelden, St",41,14169,24468882,-,-
09277600,Johanniskirchen,41,2375,4598689,4598689,-
09277700,Egglham,41,2224,5649166,-,-
09277700,Julbach,41,2333,1800000,-,-
09277800,Kirchdorf a.Inn,41,5367,1310613,1310613,-
09277800,"Pfarrkirchen, St",41,12735,2964843,2964843,-
09277900,"Falkenberg, Verwaltungsgemeinschaftsverwaltung",55,6066,-,-,-
09277900,Postmünster,41,2353,968512,-,-
09277900,"Triftern, M",41,5382,1615758,1615758,-
09277901,Falkenberg,50,3879,278514,278514,-
09277901,Malgersdorf,50,1242,734844,734844,-
09277901,Rimbach,50,945,87821,87821,-
09278000,Parkstetten,41,3313,3892500,3892500,-
09278000,"Rain, Verwaltungsgemeinschaftsverwaltung",55,8099,-,-,-
09278000,Steinach,41,3402,-,-,-
09278001,Aholfing,50,1878,-,-,-
09278001,Atting,50,1709,-,-,-
09278001,Perkam,50,1583,900000,-,-
09278001,Rain,50,2929,724798,-,-
09278010,"Straubing-Bogen, Landkreisverwaltung",32,103174,4543809,4543809,-
09278100,Feldkirchen,41,2016,1989705,-,-
09278100,Kirchroth,41,3863,-,-,-
09278200,"Schwarzach, Verwaltungsgemeinschaftsverwaltung",55,7809,-,-,-
09278201,Mariaposching,50,1396,99195,99195,-
09278201,Niederwinkling,50,2938,55199,55199,-
09278201,Perasdorf,50,534,600000,-,-
09278201,"Schwarzach, M",50,2941,2079319,-,-
09278300,"Geiselhöring, St",41,6944,4044314,4044314,-
09278300,Konzell,41,1862,22500,-,-
09278400,Laberweinting,41,3602,2000000,2000000,-
09278400,Sankt Englmar,41,1868,2799447,-,-
09278600,"Aiterhofen, Verwaltungsgemeinschaftsverwaltung",55,6298,-,-,-
09278600,Leiblfing,41,4389,8718934,8718934,-
09278600,"Stallwang, Verwaltungsgemeinschaftsverwaltung",55,3616,-,-,-
09278601,Aiterhofen,50,3535,-,-,-
09278601,Loitzendorf,50,659,-,-,-
09278601,Rattiszell,50,1524,3262501,-,-
09278601,Salching,50,2763,-,-,-
09278601,Stallwang,50,1433,792152,-,-
09278700,Oberschneiding,41,3278,5111250,5111250,-
09278700,"Straßkirchen, Verwaltungsgemeinschaftsverwaltung",55,4588,-,-,-
09278700,Wiesenfelden,41,3909,10641184,10543470,-
09278701,Irlbach,50,1144,308842,308842,-
09278701,Straßkirchen,50,3444,3073856,-,-
09278800,"Bogen, St",41,10454,23827513,-,-
09278800,"Mallersdorf-Pfaffenberg, M",41,6871,2000000,-,-
09278800,"Mitterfels, Verwaltungsgemeinschaftsverwaltung",55,7199,-,-,-
09278800,Rattenberg,41,1672,-,-,-
09278801,Ascha,50,1583,3024821,-,-
09278801,Falkenfels,50,997,984625,-,-
09278801,Haselbach,50,1867,1000000,-,-
09278801,"Mitterfels, M",50,2752,2154255,-,-
09278900,Haibach,41,2095,1916668,-,-
09278900,"Hunderdorf, Verwaltungsgemeinschaftsverwaltung",55,6027,-,-,-
09278901,Hunderdorf,50,3192,94110,94110,-
09278901,Neukirchen,50,1784,1134035,1134035,-
09278901,Windberg,50,1051,1180079,1180079,-
09279000,Niederviehbach,41,2649,1155177,1155177,-
09279010,"Dingolfing-Landau, Landkreisverwaltung",32,100107,14211927,14211927,-
09279200,"Dingolfing, St",41,20533,-,-,-
09279200,"Landau a.d.Isar, St",41,14512,6488000,6488000,-
09279200,"Pilsting, M",41,7046,10196639,-,-
09279300,"Eichendorf, M",41,6684,2225273,-,-
09279400,Loiching,41,3755,4462123,4450000,-
09279400,"Reisbach, M",41,7747,-,-,-
09279500,"Frontenhausen, M",41,4793,-,-,-
09279500,"Simbach, M",41,4284,-,-,-
09279600,Marklkofen,41,3756,1914912,-,-
09279700,Mengkofen,41,5998,7002000,7002000,-
09279700,"Wallersdorf, M",41,7228,1376282,-,-
09279800,"Mamming, Verwaltungsgemeinschaftsverwaltung",55,5868,-,-,-
09279800,Moosthenning,41,5254,-,-,-
09279801,Gottfrieding,50,2550,-,-,-
09279801,Mamming,50,3318,7747029,-,-
09301000,"Oberpfalz, Bezirksverwaltung",.,1111527,-,-,-
09361000,Amberg,30,42180,20765659,17341,-
09362000,Regensburg,30,148491,111120248,533219,-
09363000,Weiden i.d.OPf.,30,42308,74544430,74544430,-
09371000,Ensdorf,41,2144,-,-,-
09371000,"Schnaittenbach, St",41,4310,9258780,9258780,-
09371010,"Amberg-Sulzbach, Landkreisverwaltung",32,103842,11440786,11440786,-
09371100,Ammerthal,41,2072,1628325,2781,-
09371100,"Freihung, M",41,2563,7523497,7523497,-
09371100,"Hahnbach, Verwaltungsgemeinschaftsverwaltung",55,5896,-,-,-
09371100,"Sulzbach-Rosenberg, St",41,19211,50448568,15239,-
09371101,Gebenbach,50,863,2806732,2806732,-
09371101,"Hahnbach, M",50,5033,5510186,-,-
09371200,Freudenberg,41,4089,11588337,-,-
09371200,"Kastl, M",41,2491,1347661,-,-
09371200,"Königstein, Verwaltungsgemeinschaftsverwaltung",55,2960,-,-,-
09371201,Hirschbach,50,1181,437115,-,-
09371201,"Königstein, M",50,1779,489369,489369,-
09371300,"Auerbach i.d.OPf., St",41,8891,19406524,-,-
09371300,"Neukirchen b.Sulzbach-Rosenberg, Verwaltungsgemeinschaftsverwaltung",55,5183,-,-,-
09371301,Etzelwang,50,1371,3344999,-,-
09371301,Neukirchen b.Sulzbach-Rosenberg,50,2564,4458518,-,-
09371301,Weigendorf,50,1248,567623,567623,-
09371400,"Illschwang, Verwaltungsgemeinschaftsverwaltung",55,3916,-,-,-
09371400,Poppenricht,41,3376,1561976,1380705,-
09371400,Ursensollen,41,3795,1000000,1000000,-
09371401,Birgland,50,1849,2541549,2541549,-
09371401,Illschwang,50,2067,349880,-,-
09371600,Kümmersbruck,41,9923,4630412,4630412,-
09371600,"Rieden, M",41,2644,4993817,-,-
09371600,"Vilseck, St",41,6244,6482714,148549,-
09371700,"Hirschau, St",41,5691,7274382,-,-
09371800,Ebermannsdorf,41,2402,6249994,-,-
09371800,"Schmidmühlen, M",41,2312,5288837,8948,-
09371900,Edelsfeld,41,1994,-,-,-
09371900,"Hohenburg, M",41,1735,2034495,-,-
09372000,Grafenwiesen,41,1454,1229029,-,-
09372000,"Stamsried, Verwaltungsgemeinschaftsverwaltung",55,3200,-,-,-
09372001,Pösing,50,981,955121,955121,-
09372001,"Stamsried, M",50,2219,4546696,2254303,-
09372010,"Cham, Landkreisverwaltung",32,127784,12116870,12116870,-
09372100,Rimbach,41,1794,-,-,-
09372100,"Waldmünchen, St",41,6613,693731,693731,-
09372200,Arnschwang,41,1957,-,-,-
09372200,"Weiding, Verwaltungsgemeinschaftsverwaltung",55,3204,-,-,-
09372201,Gleißenberg,50,783,721587,-,-
09372201,Weiding,50,2421,4044608,4006776,-
09372300,Arrach,41,2395,1270660,-,-
09372300,Miltach,41,2233,498147,-,-
09372300,"Roding, St",41,12719,12389864,-,-
09372300,"Walderbach, Verwaltungsgemeinschaftsverwaltung",55,3602,-,-,-
09372301,Reichenbach,50,1284,1741822,-,-
09372301,Walderbach,50,2318,422719,-,-
09372400,"Eschlkam, M",41,3349,208243,-,-
09372400,"Neukirchen b.Hl.Blut, M",41,3664,3210784,3210784,-
09372400,"Rötz, St",41,3227,4047895,4047895,-
09372400,Traitsching,41,4268,2867890,2867890,-
09372500,Blaibach,41,1888,894441,-,-
09372500,Hohenwarth,41,1898,773433,-,-
09372500,Runding,41,2243,435932,-,-
09372500,Willmering,41,1945,443425,443425,-
09372600,"Cham, St",41,17278,4363740,1265,-
09372600,"Furth im Wald, St",41,8691,8500000,-,-
09372600,Pemfling,41,2187,-,-,-
09372700,"Bad Kötzting, St",41,7452,7340898,-,-
09372700,Chamerau,41,2516,896856,711004,185852
09372700,Schönthal,41,1976,939353,939353,-
09372700,"Wald, Verwaltungsgemeinschaftsverwaltung",55,4762,-,-,-
09372700,Zandt,41,2056,-,-,-
09372701,Wald,50,2946,354635,327508,-
09372701,Zell,50,1816,-,-,-
09372800,"Falkenstein, Verwaltungsgemeinschaftsverwaltung",55,6948,-,-,-
09372800,"Lam, M",41,2594,1373579,1373579,-
09372800,Lohberg,41,1828,6046,6046,-
09372800,Schorndorf,41,2951,1142870,-,-
09372800,"Tiefenbach, Verwaltungsgemeinschaftsverwaltung",55,2857,-,-,-
09372800,Waffenbrunn,41,2035,624720,-,-
09372801,"Falkenstein, M",50,3396,3742021,-,-
09372801,Michelsneukirchen,50,1751,1078129,-,-
09372801,Rettenbach,50,1801,1453406,-,-
09372801,Tiefenbach,50,1889,276824,276824,-
09372801,Treffelstein,50,968,394234,-,-
09373000,"Lauterhofen, M",41,3769,2003342,-,-
09373000,Seubersdorf i.d.OPf.,41,5271,3319040,3319040,-
09373010,"Neumarkt i.d.OPf., Landkreisverwaltung",32,137542,2322797,2322797,-
09373100,"Dietfurt a.d.Altmühl, St",41,6413,2475412,-,-
09373100,"Neumarkt i.d.OPf., Verwaltungsgemeinschaftsverwaltung",55,9460,-,-,-
09373100,"Parsberg, St",41,7712,5433150,5433150,-
09373101,Berngau,50,2594,862372,862372,-
09373101,Pilsach,50,2846,2790861,2790861,-
09373101,Sengenthal,50,4020,-,-,-
09373200,"Berching, St",41,9046,3879230,3879230,-
09373300,Berg b.Neumarkt i.d.OPf.,41,8005,-,-,-
09373300,"Lupburg, M",41,2541,279326,279326,-
09373400,"Hohenfels, M",41,2275,2217664,-,-
09373500,"Breitenbrunn, M",41,3671,463132,-,-
09373500,"Postbauer-Heng, M",41,7942,19937071,-,-
09373600,"Freystadt, St",41,9045,11488535,-,-
09373600,Mühlhausen,41,5250,-,-,-
09373600,"Pyrbaum, M",41,5809,6572021,6572021,-
09373700,"Neumarkt i.d.OPf., GKSt",37,40733,1653070,-,-
09373700,"Velburg, St",41,5287,3919500,3919500,-
09373900,Deining,41,5313,1117506,1117506,-
09374000,"Tännesberg, Verwaltungsgemeinschaftsverwaltung",55,2703,-,-,-
09374001,"Leuchtenberg, M",50,1198,3064500,-,-
09374001,"Tännesberg, M",50,1505,-,-,-
09374010,"Neustadt a.d.Waldnaab, Landkreisverwaltung",32,96014,5887991,5887991,-
09374100,Altenstadt a.d.Waldnaab,41,4731,125284,125284,-
09374100,"Floß, M",41,3490,2559271,-,-
09374100,"Pleystein, Verwaltungsgemeinschaftsverwaltung",55,3687,-,-,-
09374101,Georgenberg,50,1294,3169333,3169333,-
09374101,"Pleystein, St",50,2393,5217477,5059038,-
09374200,Flossenbürg,41,1511,868244,868244,-
09374200,"Vohenstrauß, St",41,7678,159804,159804,-
09374300,"Luhe-Wildenau, M",41,3479,2794108,1851588,942520
09374300,"Neustadt a.d.Waldnaab, Verwaltungsgemeinschaftsverwaltung",55,7744,-,-,-
09374301,Kirchendemenreuth,50,889,1245246,1245246,-
09374301,"Parkstein, M",50,2371,-,-,-
09374301,Püchersreuth,50,1708,44909,-,-
09374301,Störnstein,50,1561,-,-,-
09374301,Theisseil,50,1215,455837,-,-
09374400,"Grafenwöhr, St",41,6304,2077964,2077964,-
09374400,"Mantel, M",41,2781,483476,483476,-
09374400,"Pressath, Verwaltungsgemeinschaftsverwaltung",55,6640,-,-,-
09374400,"Waidhaus, M",41,2102,-,-,-
09374401,"Pressath, St",50,4190,2691847,2691847,-
09374401,Schwarzenbach,50,1152,340589,-,-
09374401,Trabitz,50,1298,870000,-,-
09374500,"Waldthurn, M",41,1909,2071047,-,-
09374500,"Weiherhammer, Verwaltungsgemeinschaftsverwaltung",55,6664,-,-,-
09374501,Etzenricht,50,1578,226645,-,-
09374501,"Kohlberg, M",50,1223,532987,532987,-
09374501,Weiherhammer,50,3863,3100778,3100778,-
09374600,"Kirchenthumbach, Verwaltungsgemeinschaftsverwaltung",55,5177,-,-,-
09374601,"Kirchenthumbach, M",50,3245,1235731,1235731,-
09374601,Schlammersdorf,50,863,-,-,-
09374601,Vorbach,50,1069,-,-,-
09374700,"Eschenbach i.d.OPf., Verwaltungsgemeinschaftsverwaltung",55,6500,-,-,-
09374700,"Moosbach, M",41,2480,1223188,1223188,-
09374701,"Eschenbach i.d.OPf., St",50,4193,125631,100930,-
09374701,"Neustadt am Kulm, St",50,1169,2005597,-,-
09374701,Speinshart,50,1138,601990,-,-
09374800,"Eslarn, M",41,2727,2955884,-,-
09374800,"Windischeschenbach, St",41,4942,5150134,-,-
09374900,"Neustadt a.d.Waldnaab, St",41,6022,4390610,4390610,-
09374900,"Schirmitz, Verwaltungsgemeinschaftsverwaltung",55,6743,-,-,-
09374901,Bechtsrieth,50,1078,589098,589098,-
09374901,Irchenrieth,50,1675,-,-,-
09374901,Pirk,50,1963,3022546,-,-
09374901,Schirmitz,50,2027,154716,-,-
09375000,Mintraching,41,4969,84375,84375,-
09375000,Pentling,41,6071,-,-,-
09375000,"Regenstauf, M",41,15834,5081215,5081215,-
09375010,"Regensburg, Landkreisverwaltung",32,192548,16026939,-,-
09375100,Köfering,41,2766,178637,178637,-
09375100,Pettendorf,41,3479,5240852,2248,605840
09375200,"Kallmünz, Verwaltungsgemeinschaftsverwaltung",55,5390,-,-,-
09375201,Duggendorf,50,1539,451841,451841,-
09375201,Holzheim a.Forst,50,1073,243736,-,-
09375201,"Kallmünz, M",50,2778,3331482,-,-
09375300,Hagelstadt,41,1950,3552519,-,-
09375300,"Laaber, Verwaltungsgemeinschaftsverwaltung",55,8681,-,-,-
09375300,Pfatter,41,3086,1634323,-,-
09375300,Zeitlarn,41,5383,-,-,-
09375301,Brunn,50,1556,514387,-,-
09375301,Deuerling,50,1894,-,-,-
09375301,"Laaber, M",50,5231,3478397,3478397,-
09375400,"Neutraubling, St",41,13800,-,-,-
09375400,"Pielenhofen-Wolfsegg, Verwaltungsgemeinschaftsverwaltung",55,3166,-,-,-
09375400,Tegernheim,41,5508,3671360,-,-
09375401,Pielenhofen,50,1659,1947523,1947523,-
09375402,Wolfsegg,50,1507,1002044,-,-
09375500,"Donaustauf, Verwaltungsgemeinschaftsverwaltung",55,7593,-,-,-
09375500,"Lappersdorf, M",41,13207,2685865,-,-
09375500,"Nittendorf, M",41,8903,-,-,-
09375500,Thalmassing,41,3562,3619884,3619884,-
09375501,Altenthann,50,1503,532159,-,-
09375501,Bach a.d.Donau,50,1968,1482040,-,-
09375501,"Donaustauf, M",50,4122,3409011,10000,-
09375600,"Schierling, M",41,8040,6358739,-,-
09375600,"Wörth a.d.Donau, Verwaltungsgemeinschaftsverwaltung",55,7060,-,-,-
09375601,Brennberg,50,2111,1706155,1706155,-
09375602,"Wörth a.d.Donau, St",50,4949,1295606,-,-
09375700,"Alteglofsheim, Verwaltungsgemeinschaftsverwaltung",55,4773,-,-,-
09375700,Barbing,41,5751,3396069,-,-
09375701,Alteglofsheim,50,3179,76848,76848,-
09375701,Pfakofen,50,1594,174269,174269,-
09375800,"Beratzhausen, M",41,5467,7696589,7696589,-
09375800,"Hemau, St",41,9271,1767619,-,-
09375800,"Sünching, Verwaltungsgemeinschaftsverwaltung",55,6234,-,-,-
09375800,Wenzenbach,41,8747,-,-,-
09375801,Aufhausen,50,1893,37709,37709,-
09375801,Mötzing,50,1399,-,-,-
09375801,Riekofen,50,776,-,-,-
09375802,Sünching,50,2166,1020592,-,-
09375900,Bernhardswald,41,5360,5925948,5925948,-
09375900,Obertraubling,41,8588,2648152,2648152,-
09375900,Sinzing,41,7277,6767779,-,-
09375900,Wiesent,41,2632,711493,-,-
09376000,"Teublitz, St",41,7904,14208229,-,2618464
09376000,"Wernberg-Köblitz, M",41,5520,5843834,5843834,-
09376010,"Schwandorf, Landkreisverwaltung",32,148310,12079405,-,-
09376100,"Maxhütte-Haidhof, St",41,11962,19398535,-,-
09376100,"Nabburg, Verwaltungsgemeinschaftsverwaltung",55,7807,-,-,-
09376100,"Oberviechtach, St",41,4913,15282681,-,-
09376100,"Schwandorf, GKSt",37,29588,9893808,9874582,-
09376101,Altendorf,50,832,543446,-,-
09376101,Guteneck,50,815,672535,672535,-
09376101,"Nabburg, St",50,6160,14997021,14859852,-
09376200,"Schwarzenfeld, Verwaltungsgemeinschaftsverwaltung",55,9324,-,-,-
09376201,Schwarzach b.Nabburg,50,1362,44088,-,-
09376201,"Schwarzenfeld, M",50,6295,5020223,-,-
09376201,Stulln,50,1667,18350,18350,-
09376300,"Pfreimd, Verwaltungsgemeinschaftsverwaltung",55,5880,-,-,-
09376301,"Pfreimd, St",50,4978,6145714,6145714,-
09376301,Trausnitz,50,902,1809993,-,-
09376400,"Schönsee, Verwaltungsgemeinschaftsverwaltung",55,3296,-,-,-
09376401,"Schönsee, St",50,2301,-,-,-
09376401,Stadlern,50,529,735300,-,-
09376401,Weiding,50,466,-,-,-
09376500,Fensterbach,41,2398,736000,736000,-
09376500,"Neunburg vorm Wald, Verwaltungsgemeinschaftsverwaltung",55,4473,-,-,-
09376501,Dieterskirchen,50,1007,339237,339237,-
09376501,"Neukirchen-Balbini, M",50,1118,1010654,1010654,-
09376501,"Schwarzhofen, M",50,1365,2529983,-,-
09376501,Thanstein,50,983,925300,925300,-
09376600,Bodenwöhr,41,4148,4587475,4587475,-
09376600,"Wackersdorf, Verwaltungsgemeinschaftsverwaltung",55,7150,-,-,-
09376601,Steinberg am See,50,1965,1149235,1149235,-
09376601,Wackersdorf,50,5185,-,-,-
09376700,"Bruck i.d.OPf., M",41,4197,907668,-,-
09376700,"Neunburg vorm Wald, St",41,8000,14725613,14725613,-
09376900,"Burglengenfeld, St",41,14552,18250663,-,-
09376900,"Nittenau, St",41,9105,12200061,12192561,-
09376900,"Oberviechtach, Verwaltungsgemeinschaftsverwaltung",55,5107,-,-,-
09376900,Schmidgaden,41,2986,-,-,-
09376901,Gleiritsch,50,644,546250,546250,-
09376901,Niedermurach,50,1260,525000,-,-
09376901,Teunz,50,1858,1121500,1121500,-
09376901,"Winklarn, M",50,1345,304878,304878,-
09377000,"Krummennaab, Verwaltungsgemeinschaftsverwaltung",55,2540,-,-,-
09377001,Krummennaab,50,1430,792312,792312,-
09377001,Reuth b.Erbendorf,50,1110,653012,-,-
09377010,"Tirschenreuth, Landkreisverwaltung",32,72508,34833479,-,-
09377100,"Konnersreuth, M",41,1766,1289462,1289462,-
09377100,"Wiesau, Verwaltungsgemeinschaftsverwaltung",55,4940,-,-,-
09377101,"Falkenberg, M",50,937,260453,260453,-
09377101,"Wiesau, M",50,4003,5974358,-,-
09377200,"Bad Neualbenreuth, M",41,1419,597281,597281,-
09377200,"Bärnau, St",41,3051,3445224,-,-
09377300,Kulmain,41,2281,1376638,1376638,-
09377400,"Tirschenreuth, St",41,8627,5428619,-,-
09377600,"Erbendorf, St",41,5124,11610592,-,2500000
09377600,"Plößberg, M",41,3145,2717868,-,-
09377700,Immenreuth,41,1939,4254155,4254155,-
09377700,"Mitterteich, Verwaltungsgemeinschaftsverwaltung",55,8959,-,-,-
09377700,"Waldershof, St",41,4319,3051138,3051138,-
09377701,Leonberg,50,1042,236178,236178,-
09377701,"Mitterteich, St",50,6615,5320764,5320764,-
09377701,Pechbrunn,50,1302,946896,946896,-
09377800,Friedenfels,41,1210,641150,-,-
09377800,"Kemnath, Verwaltungsgemeinschaftsverwaltung",55,7130,-,-,-
09377800,"Waldsassen, St",41,6736,10330458,-,-
09377801,Kastl,50,1420,-,-,-
09377801,"Kemnath, St",50,5710,899100,899100,-
09377900,"Fuchsmühl, M",41,1566,974936,974936,-
09377900,"Mähring, M",41,1790,3800333,-,-
09377900,"Neusorg, Verwaltungsgemeinschaftsverwaltung",55,5966,-,-,-
09377901,Brand,50,1144,253761,253761,-
09377901,Ebnath,50,1308,314052,314052,-
09377901,Neusorg,50,1939,924975,-,-
09377901,Pullenreuth,50,1575,1532880,-,-
09401000,"Oberfranken, Bezirksverwaltung",.,1053223,-,-,-
09461000,Bamberg,30,74557,4528440,-,-
09462000,Bayreuth,30,72551,47621445,47621445,-
09463000,Coburg,30,40747,7639274,18326,-
09464000,Hof,30,46162,72740582,72740582,-
09471000,"Hallstadt, St",41,8841,11962500,-,-
09471000,Kemmern,41,2503,582227,-,-
09471000,"Schlüsselfeld, St",41,6034,3330000,3330000,-
09471010,"Bamberg, Landkreisverwaltung",32,147695,8797924,8797924,-
09471100,Altendorf,41,2134,-,-,-
09471100,"Baunach, Verwaltungsgemeinschaftsverwaltung",55,8132,-,-,-
09471100,Frensdorf,41,5143,3253383,3253383,-
09471100,Stegaurach,41,6961,-,-,-
09471101,"Baunach, St",50,3946,312000,312000,-
09471101,Gerach,50,1003,3395694,-,-
09471101,Lauter,50,1185,320606,-,-
09471101,Reckendorf,50,1998,2362817,2352817,-
09471200,"Heiligenstadt i.OFr., M",41,3626,7531500,7531500,-
09471200,Pommersfelden,41,3070,78750,-,-
09471300,"Buttenheim, M",41,3666,2077689,2077689,-
09471300,"Steinfeld, Verwaltungsgemeinschaftsverwaltung",55,3135,-,-,-
09471301,Königsfeld,50,1239,26924,-,-
09471301,Stadelhofen,50,1255,268628,-,-
09471302,Wattendorf,50,641,22500,-,-
09471400,"Rattelsdorf, M",41,4571,112933,-,-
09471400,"Zapfendorf, M",41,4893,4990253,4990253,-
09471500,"Hirschaid, M",41,12423,20243357,-,4294683
09471500,"Lisberg, Verwaltungsgemeinschaftsverwaltung",55,3240,-,-,-
09471500,Litzendorf,41,6269,652021,-,-
09471500,Oberhaid,41,4576,1024219,1024219,-
09471500,"Scheßlitz, St",41,7226,6125863,-,-
09471500,Strullendorf,41,7714,13000000,-,-
09471501,Lisberg,50,1718,645070,645070,-
09471501,Priesendorf,50,1522,386280,386280,-
09471700,Bischberg,41,6054,-,-,-
09471700,"Ebrach, Verwaltungsgemeinschaftsverwaltung",55,3182,-,-,-
09471700,Gundelsheim,41,3645,579374,-,88956
09471700,Viereth-Trunstadt,41,3675,1928354,-,-
09471701,"Burgwindheim, M",50,1289,500000,500000,-
09471701,"Ebrach, M",50,1893,447232,447232,-
09471800,"Burgebrach, Verwaltungsgemeinschaftsverwaltung",55,8928,-,-,-
09471800,Walsdorf,41,2637,1279017,1279017,-
09471801,"Burgebrach, M",50,7084,-,-,-
09471801,Schönbrunn i.Steigerwald,50,1844,970250,-,-
09471900,Breitengüßbach,41,4485,6983238,6983238,-
09471900,Memmelsdorf,41,8801,1498043,1498043,-
09471900,Pettstadt,41,2131,1997518,1997518,-
09472000,Heinersreuth,41,3711,1544716,-,-
09472000,Speichersdorf,41,5743,5192428,-,-
09472010,"Bayreuth, Landkreisverwaltung",32,103164,21099082,21099082,-
09472100,Ahorntal,41,2186,4244848,-,-
09472100,Bischofsgrün,41,1934,1692612,-,-
09472100,Eckersdorf,41,5083,3533143,3533143,-
09472200,"Hollfeld, Verwaltungsgemeinschaftsverwaltung",55,6904,-,-,-
09472201,Aufseß,50,1296,335250,-,-
09472201,"Hollfeld, St",50,4765,6359283,-,-
09472201,Plankenfels,50,843,105886,105886,-
09472300,"Goldkronach, St",41,3519,3181741,-,-
09472300,"Mistelgau, Verwaltungsgemeinschaftsverwaltung",55,5140,-,-,-
09472301,Glashütten,50,1306,2254087,2254087,-
09472301,Mistelgau,50,3834,9514515,9514515,-
09472400,Mehlmeisel,41,1302,2315306,-,-
09472400,"Mistelbach, Verwaltungsgemeinschaftsverwaltung",55,5157,-,-,-
09472401,Gesees,50,1250,-,-,-
09472401,Hummeltal,50,2430,-,-,-
09472401,Mistelbach,50,1477,-,-,-
09472500,"Pegnitz, St",41,13538,15120083,15120083,-
09472500,"Weidenberg, Verwaltungsgemeinschaftsverwaltung",55,9324,-,-,-
09472501,Emtmannsberg,50,1012,2178524,2178524,-
09472501,Kirchenpingarten,50,1269,3240851,3240851,-
09472501,Seybothenreuth,50,1281,3193237,3193237,-
09472501,"Weidenberg, M",50,5762,10660713,-,-
09472600,"Bad Berneck i.Fichtelgebirge, St",41,4435,10078756,10078756,-
09472600,"Creußen, Verwaltungsgemeinschaftsverwaltung",55,7761,-,-,-
09472601,"Creußen, St",50,4901,14110966,-,2500000
09472601,Haag,50,964,792802,-,-
09472601,Prebitz,50,953,796767,796767,-
09472601,"Schnabelwaid, M",50,943,2721842,2721842,-
09472700,"Betzenstein, Verwaltungsgemeinschaftsverwaltung",55,3853,-,-,-
09472700,"Waischenfeld, St",41,3010,2286468,-,-
09472701,"Betzenstein, St",50,2530,2264666,2264666,-
09472701,"Plech, M",50,1323,411720,411720,-
09472800,Fichtelberg,41,1798,1512046,1512046,-
09472800,Warmensteinach,41,2162,808850,808850,-
09472900,Bindlach,41,7200,6010700,6010700,-
09472900,"Gefrees, St",41,4195,8897753,22500,-
09472900,"Pottenstein, St",41,5209,2413392,-,-
09473000,Dörfles-Esbach,41,3534,-,-,-
09473000,Untersiemau,41,4072,314974,314974,-
09473010,"Coburg, Landkreisverwaltung",32,84467,17715950,17715950,-
09473100,Ebersdorf b.Coburg,41,6120,6625815,-,-
09473100,Lautertal,41,4340,493019,493019,-
09473100,"Neustadt b.Coburg, GKSt",37,14653,7288196,7288196,-
09473200,Ahorn,41,4003,3806391,3806391,-
09473200,Großheirath,41,2574,-,-,-
09473400,Meeder,41,3485,3021987,-,-
09473400,Weidhausen b.Coburg,41,3197,4304719,-,-
09473500,"Seßlach, St",41,3838,3606842,-,-
09473500,Weitramsdorf,41,5074,1337778,1337778,-
09473600,Sonnefeld,41,4440,1829705,-,-
09473800,"Bad Rodach, St",41,6235,11553275,9753275,1800000
09473800,"Grub a.Forst, Verwaltungsgemeinschaftsverwaltung",55,4065,-,-,-
09473800,Itzgrund,41,2340,73336,-,-
09473801,Grub a.Forst,50,2642,1329134,-,-
09473801,Niederfüllbach,50,1423,888723,-,-
09473900,"Rödental, St",41,12497,3554049,-,-
09474000,"Ebermannstadt, Verwaltungsgemeinschaftsverwaltung",55,7903,-,-,-
09474000,"Igensdorf, M",41,5070,3110600,3110600,-
09474001,"Ebermannstadt, St",50,6677,5586132,-,-
09474001,Unterleinleiter,50,1226,159088,159088,-
09474010,"Forchheim, Landkreisverwaltung",32,115774,24612516,-,-
09474100,"Pretzfeld, M",41,2356,25943,-,-
09474200,"Gosberg, Verwaltungsgemeinschaftsverwaltung",55,4943,-,-,-
09474201,Kunreuth,50,1395,-,-,-
09474201,Pinzberg,50,1947,1093925,-,-
09474201,Wiesenthau,50,1601,-,-,-
09474300,"Eggolsheim, M",41,6329,11144505,-,-
09474300,Hallerndorf,41,4101,4070864,-,-
09474300,"Kirchehrenbach, Verwaltungsgemeinschaftsverwaltung",55,5801,-,-,-
09474301,Kirchehrenbach,50,2197,135648,-,-
09474301,Leutenbach,50,1621,-,-,-
09474301,Weilersbach,50,1983,2405875,2405875,-
09474400,"Egloffstein, M",41,2104,1032569,406030,-
09474400,Hausen,41,3749,5238356,5238356,-
09474400,"Neunkirchen a.Brand, M",41,7974,11251333,-,-
09474500,"Effeltrich, Verwaltungsgemeinschaftsverwaltung",55,4060,-,-,-
09474500,Heroldsbach,41,5100,704466,-,-
09474501,Effeltrich,50,2476,1193502,-,-
09474501,Poxdorf,50,1584,295186,-,-
09474600,"Dormitz, Verwaltungsgemeinschaftsverwaltung",55,4790,-,-,-
09474600,"Forchheim, GKSt",37,32550,5475224,-,-
09474600,Langensendelbach,41,3012,1809640,-,-
09474600,Obertrubach,41,2158,188240,188240,-
09474600,"Wiesenttal, M",41,2558,7346718,3547803,-
09474601,Dormitz,50,2007,1848102,-,-
09474601,Hetzles,50,1350,-,-,-
09474601,Kleinsendelbach,50,1433,145626,-,-
09474700,"Gräfenberg, Verwaltungsgemeinschaftsverwaltung",55,6857,-,-,-
09474701,"Gräfenberg, St",50,4195,1918390,-,-
09474701,"Hiltpoltstein, M",50,1475,914404,914404,-
09474701,Weißenohe,50,1187,112500,112500,-
09474900,"Gößweinstein, M",41,4359,701087,701087,-
09475000,Döhlau,41,3816,2383691,-,-
09475000,"Feilitzsch, Verwaltungsgemeinschaftsverwaltung",55,6101,-,-,-
09475001,Feilitzsch,50,2682,912986,912986,-
09475001,Gattendorf,50,1032,835890,-,-
09475001,Trogen,50,1395,759733,759733,-
09475001,Töpen,50,992,-,-,-
09475010,"Hof, Landkreisverwaltung",32,92812,30765754,-,-
09475100,Köditz,41,2367,1178692,-,-
09475100,Regnitzlosau,41,2228,1366671,1366671,-
09475100,"Schauenstein, Verwaltungsgemeinschaftsverwaltung",55,3069,-,-,-
09475100,"Selbitz, St",41,4170,3134774,2934774,-
09475101,Leupoldsgrün,50,1211,1044798,731700,313098
09475101,"Schauenstein, St",50,1858,2762073,1640248,-
09475200,"Bad Steben, M",41,3317,1743402,-,-
09475200,Konradsreuth,41,3187,2576824,2576824,-
09475200,"Rehau, St",41,9005,12935292,-,-
09475200,"Sparneck, Verwaltungsgemeinschaftsverwaltung",55,2731,-,-,-
09475201,"Sparneck, M",50,1533,1597119,-,-
09475201,Weißdorf,50,1198,950186,-,-
09475300,Berg,41,2012,267686,267686,-
09475400,"Münchberg, St",41,10024,8161944,-,-
09475500,"Stammbach, M",41,2336,542872,-,-
09475600,"Helmbrechts, St",41,8168,6018547,4658924,-
09475600,"Naila, St",41,7607,3601858,-,-
09475800,Geroldsgrün,41,2636,32913,32913,-
09475800,"Lichtenberg, Verwaltungsgemeinschaftsverwaltung",55,1975,-,-,-
09475800,"Oberkotzau, M",41,5254,1046199,1046199,-
09475800,"Schwarzenbach a.d.Saale, St",41,6571,3787191,3787191,-
09475801,Issigau,50,972,278025,205388,-
09475801,"Lichtenberg, St",50,1003,941000,941000,-
09475900,"Schwarzenbach a.Wald, St",41,4338,3536087,-,-
09475900,"Zell im Fichtelgebirge, M",41,1900,813178,813178,-
09476010,"Kronach, Landkreisverwaltung",32,65051,5563110,5563110,-
09476200,"Ludwigsstadt, St",41,3190,2420406,2420406,-
09476300,"Marktrodach, M",41,3585,3748379,-,196250
09476300,"Teuschnitz, Verwaltungsgemeinschaftsverwaltung",55,3033,-,-,-
09476301,Reichenbach,50,655,2454,-,-
09476301,"Teuschnitz, St",50,1861,10279965,6442536,3837429
09476301,Tschirn,50,517,400748,-,-
09476400,"Mitwitz, Verwaltungsgemeinschaftsverwaltung",55,3799,-,-,-
09476400,"Pressig, M",41,3875,6096026,-,-
09476400,"Wallenfels, St",41,2480,8516554,7466554,-
09476401,"Mitwitz, M",50,2814,6579600,6579600,-
09476401,Schneckenlohe,50,985,620500,620500,-
09476500,"Kronach, St",41,16621,4615950,2615950,2000000
09476500,Steinbach a.Wald,41,3034,3038373,3038373,-
09476500,Weißenbrunn,41,2788,3345394,-,-
09476600,"Küps, M",41,7691,11475355,-,-
09476700,"Steinwiesen, M",41,3317,2489291,-,-
09476800,Stockheim,41,4763,738550,738550,-
09476900,"Nordhalben, M",41,1539,3295197,-,-
09476900,"Tettau, M",41,1889,4437806,-,-
09476900,Wilhelmsthal,41,3447,1401539,1401539,-
09477010,"Kulmbach, Landkreisverwaltung",32,71657,4513381,4513381,-
09477100,Himmelkron,41,3333,4273750,-,-
09477200,Neudrossenfeld,41,3771,586050,336050,-
09477300,Neuenmarkt,41,2901,-,-,-
09477300,"Wirsberg, M",41,1934,608085,-,-
09477500,"Stadtsteinach, Verwaltungsgemeinschaftsverwaltung",55,4031,-,-,-
09477501,Rugendorf,50,953,385680,385680,-
09477501,"Stadtsteinach, St",50,3078,348000,-,-
09477600,"Mainleus, M",41,6577,21105562,17230308,-
09477600,"Marktleugast, Verwaltungsgemeinschaftsverwaltung",55,3898,-,-,-
09477601,"Grafengehaig, M",50,836,382755,382755,-
09477601,"Marktleugast, M",50,3062,935468,935468,-
09477700,"Thurnau, M",41,4097,618289,618289,-
09477700,"Untersteinach, Verwaltungsgemeinschaftsverwaltung",55,4294,-,-,-
09477701,Guttenberg,50,473,205097,-,-
09477701,"Kupferberg, St",50,1059,157617,157617,-
09477701,"Ludwigschorgast, M",50,984,1051332,1042459,-
09477701,Untersteinach,50,1778,1965030,1965030,-
09477800,"Kasendorf, Verwaltungsgemeinschaftsverwaltung",55,3592,-,-,-
09477800,"Kulmbach, GKSt",37,26165,33167872,33152721,-
09477800,"Presseck, M",41,1729,4279048,-,-
09477801,"Kasendorf, M",50,2435,3745789,-,-
09477801,"Wonsees, M",50,1157,1200000,-,-
09477900,"Marktschorgast, M",41,1364,698135,-,-
09477900,"Trebgast, Verwaltungsgemeinschaftsverwaltung",55,3971,-,-,-
09477901,Harsdorf,50,973,3906724,3906724,-
09477901,Ködnitz,50,1487,988631,284700,-
09477901,Trebgast,50,1511,878609,878609,-
09478000,"Ebensfeld, M",41,5580,2525211,2525211,-
09478010,"Lichtenfels, Landkreisverwaltung",32,67576,39186107,31686107,7500000
09478100,Altenkunstadt,41,5571,7631460,7631460,-
09478100,"Redwitz a.d.Rodach, Verwaltungsgemeinschaftsverwaltung",55,4524,-,-,-
09478101,"Marktgraitz, M",50,1116,337922,-,-
09478101,Redwitz a.d.Rodach,50,3408,1404682,-,-
09478500,"Bad Staffelstein, St",41,10820,11478761,-,-
09478500,Michelau i.OFr.,41,6098,7166107,7166107,-
09478600,"Burgkunstadt, St",41,6470,10089519,10089519,-
09478600,"Hochstadt-Marktzeuln, Verwaltungsgemeinschaftsverwaltung",55,3220,-,-,-
09478600,"Weismain, St",41,4844,24233740,-,4800000
09478601,Hochstadt a.Main,50,1596,1399179,1399179,-
09478601,"Marktzeuln, M",50,1624,378077,-,-
09478900,"Lichtenfels, St",41,20449,8992679,-,-
09479000,"Schönwald, St",41,3117,2554670,-,-
09479010,"Wunsiedel i.Fichtelgebirge, Landkreisverwaltung",32,71010,32409060,24409060,8000000
09479200,"Arzberg, St",41,4966,13684745,13684745,-
09479200,"Selb, GKSt",37,14777,14574376,-,-
09479200,"Thiersheim, Verwaltungsgemeinschaftsverwaltung",55,3843,-,-,-
09479201,Höchstädt i.Fichtelgebirge,50,1048,2247689,-,-
09479201,"Thiersheim, M",50,1702,2406550,2406550,-
09479201,"Thierstein, M",50,1093,4434672,3492331,-
09479300,"Schirnding, Verwaltungsgemeinschaftsverwaltung",55,2541,-,-,-
09479301,"Hohenberg a.d.Eger, St",50,1399,561089,561089,-
09479301,"Schirnding, M",50,1142,522201,522201,-
09479400,"Tröstau, Verwaltungsgemeinschaftsverwaltung",55,4680,-,-,-
09479401,Bad Alexandersbad,50,910,2501139,-,1325000
09479401,Nagel,50,1675,4278078,-,-
09479401,Tröstau,50,2095,4992139,-,-
09479500,"Marktleuthen, St",41,2845,658310,658310,-
09479500,Röslau,41,1999,2092603,2092603,-
09479600,"Bad Weißenstadt, St",41,2971,7556018,-,-
09479600,"Marktredwitz, GKSt",37,17063,25451869,-,-
09479900,"Kirchenlamitz, St",41,3154,2215716,2215716,-
09479900,"Wunsiedel, St",41,9054,34598408,34598408,-
09501000,"Mittelfranken, Bezirksverwaltung",.,1786559,34497664,34360713,-
09561000,Ansbach,30,39574,18189109,-,-
09562000,Erlangen,30,114615,79007517,-,-
09563000,Fürth,30,131203,156049990,156041042,-
09564000,Nürnberg,30,525060,1767438436,1764086068,-
09565000,Schwabach,30,40838,29513384,-,-
09571000,"Colmberg, M",41,2144,571000,571000,-
09571000,Langfurth,41,2034,5502094,-,-
09571000,Neuendettelsau,41,7911,48001,-,-
09571000,Petersaurach,41,5022,2005224,-,-
09571000,"Schopfloch, M",41,2901,-,-,-
09571010,"Ansbach, Landkreisverwaltung",32,186751,15324904,15324904,-
09571100,"Lehrberg, M",41,3167,1364652,1364652,-
09571100,"Rothenburg ob der Tauber, Verwaltungsgemeinschaftsverwaltung",55,10074,-,-,-
09571101,Adelshofen,50,924,1124833,-,61621
09571101,Gebsattel,50,1714,643590,643590,-
09571101,Geslau,50,1343,15000,-,-
09571101,Insingen,50,1223,313125,-,-
09571101,Neusitz,50,2005,900795,900795,-
09571101,Ohrenbach,50,558,85500,-,-
09571102,Steinsfeld,50,1235,4725000,-,-
09571102,Windelsbach,50,1072,-,-,-
09571200,"Schillingsfürst, Verwaltungsgemeinschaftsverwaltung",55,9770,-,-,-
09571201,Buch a.Wald,50,1030,823842,823842,-
09571201,Diebach,50,1188,-,-,-
09571201,"Dombühl, M",50,1952,2211616,-,-
09571201,"Schillingsfürst, St",50,2774,3018325,3018325,-
09571202,Wettringen,50,997,2347650,2347650,-
09571202,Wörnitz,50,1829,1942800,1942800,-
09571300,"Arberg, M",41,2222,1337298,-,-
09571300,Oberdachstetten,41,1621,1555552,1555552,-
09571300,"Rothenburg ob der Tauber, GKSt",37,11453,17843640,17254,-
09571400,Aurach,41,3121,2385833,-,-
09571400,"Leutershausen, St",41,5532,12733421,-,-
09571400,"Wassertrüdingen, St",41,6205,11543053,11533377,9676
09571400,"Weihenzell, Verwaltungsgemeinschaftsverwaltung",55,5565,-,-,-
09571401,Bruckberg,50,1312,269998,-,-
09571401,Rügland,50,1271,-,-,-
09571402,Weihenzell,50,2982,-,-,-
09571500,"Bechhofen, M",41,6315,6706798,6651664,-
09571500,"Dietenhofen, M",41,5685,2721872,-,-
09571500,"Feuchtwangen, St",41,12418,7940812,-,-
09571500,"Heilsbronn, St",41,9691,4902865,4902865,-
09571500,"Lichtenau, M",41,3797,4432170,4432170,-
09571600,"Dinkelsbühl, GKSt",37,12336,13410809,13410809,-
09571600,"Flachslanden, M",41,2355,4198065,4198065,-
09571600,"Herrieden, St",41,8200,4189795,-,-
09571600,Sachsen b.Ansbach,41,3665,2642251,2642251,-
09571600,"Triesdorf, Verwaltungsgemeinschaftsverwaltung",55,4140,-,-,-
09571600,"Windsbach, St",41,6132,3836108,3817797,-
09571601,"Ornbau, St",50,1737,1328617,-,-
09571602,"Weidenbach, M",50,2403,1733795,1733795,-
09571700,Burgoberbach,41,3687,1209634,-,-
09571700,"Dentlein a.Forst, Verwaltungsgemeinschaftsverwaltung",55,4758,-,-,-
09571700,"Merkendorf, St",41,2974,-,-,-
09571701,Burk,50,1098,648727,648727,-
09571701,"Dentlein a.Forst, M",50,2341,10359,-,-
09571702,Wieseth,50,1319,1040000,1040000,-
09571800,"Wilburgstetten, Verwaltungsgemeinschaftsverwaltung",55,5134,-,-,-
09571800,"Wolframs-Eschenbach, Verwaltungsgemeinschaftsverwaltung",55,4886,-,-,-
09571801,Mitteleschenbach,50,1659,109321,-,-
09571801,Mönchsroth,50,1663,2931472,-,-
09571802,"Weiltingen, M",50,1416,1223278,-,-
09571802,Wilburgstetten,50,2055,326106,-,-
09571802,"Wolframs-Eschenbach, St",50,3227,4512790,165000,938409
09571900,"Dürrwangen, M",41,2564,-,-,-
09571900,"Hesselberg, Verwaltungsgemeinschaftsverwaltung",55,5729,-,-,-
09571900,Schnelldorf,41,3543,6308391,6291658,-
09571901,Ehingen,50,1947,3581999,-,-
09571901,Gerolfingen,50,933,3487330,3487330,-
09571901,Röckingen,50,748,1095458,1095458,-
09571902,Unterschwaningen,50,841,-,-,-
09571902,Wittelshofen,50,1260,-,-,-
09572000,Hemhofen,41,5227,4435958,4435958,-
09572000,"Höchstadt a.d.Aisch, Verwaltungsgemeinschaftsverwaltung",55,7040,-,-,-
09572000,"Wachenroth, M",41,2281,849836,849836,-
09572001,Gremsdorf,50,1611,1114693,1114693,-
09572001,"Lonnerstadt, M",50,2054,1582920,1582920,-
09572001,"Mühlhausen, M",50,1785,3562449,-,-
09572001,"Vestenbergsgreuth, M",50,1590,1459052,1459052,-
09572010,"Erlangen-Höchstadt, Landkreisverwaltung",32,138232,10048789,10048789,-
09572100,Adelsdorf,41,9063,18858075,-,-
09572100,"Eckental, M",41,14501,4265836,-,-
09572100,"Heroldsberg, M",41,8314,8040261,7390,-
09572200,"Aurachtal, Verwaltungsgemeinschaftsverwaltung",55,4369,-,-,-
09572200,"Herzogenaurach, St",41,24156,-,-,-
09572200,Möhrendorf,41,4755,-,-,-
09572201,Aurachtal,50,3042,1910289,1910289,-
09572201,Oberreichenbach,50,1327,-,-,-
09572400,"Uttenreuth, Verwaltungsgemeinschaftsverwaltung",55,11857,-,-,-
09572400,"Weisendorf, M",41,6540,-,-,-
09572401,Buckenhof,50,3229,-,-,-
09572401,Marloffstein,50,1548,207307,-,-
09572401,Spardorf,50,2209,-,-,-
09572401,Uttenreuth,50,4871,8447500,8447500,-
09572500,"Baiersdorf, St",41,7925,8046501,-,372603
09572500,"Höchstadt a.d.Aisch, St",41,13796,7507400,7507367,-
09572700,Kalchreuth,41,3013,206400,206400,-
09572900,Bubenreuth,41,4574,8155700,8155700,-
09572900,"Heßdorf, Verwaltungsgemeinschaftsverwaltung",55,6114,-,-,-
09572900,Röttenbach,41,4707,-,-,-
09572901,Großenseebach,50,2419,-,-,-
09572901,Heßdorf,50,3695,8000961,-,-
09573000,"Langenzenn, St",41,10468,15882756,15882756,-
09573000,"Obermichelbach-Tuchenbach, Verwaltungsgemeinschaftsverwaltung",55,4631,-,-,-
09573001,Obermichelbach,50,3270,2032336,2032336,-
09573001,Tuchenbach,50,1361,724628,-,-
09573010,"Fürth, Landkreisverwaltung",32,117636,-,-,-
09573100,"Ammerndorf, M",41,2022,1356871,1356871,-
09573200,"Oberasbach, St",41,17487,12587500,12587500,-
09573300,"Wilhermsdorf, M",41,5210,1072706,-,-
09573400,"Cadolzburg, M",41,11230,5575224,5575224,-
09573400,Puschendorf,41,2222,2124516,2124516,-
09573400,"Zirndorf, St",41,26446,29409843,29409843,-
09573500,Großhabersdorf,41,4273,6772438,-,-
09573500,"Roßtal, M",41,9794,16741800,-,-
09573700,"Stein, St",41,14288,17888886,-,-
09573700,"Veitsbronn, Verwaltungsgemeinschaftsverwaltung",55,9565,-,-,-
09573701,Seukendorf,50,3125,3544838,3544838,-
09573701,Veitsbronn,50,6440,14632774,14632774,-
09574000,"Neuhaus a.d.Pegnitz, M",41,2721,6370922,6370922,-
09574000,Reichenschwand,41,2398,-,-,-
09574010,"Nürnberger Land, Landkreisverwaltung",32,169127,17277261,-,-
09574100,Neunkirchen a.Sand,41,4678,300000,-,-
09574200,"Altdorf b.Nürnberg, St",41,15318,9457898,-,-
09574200,"Hersbruck, St",41,12337,12057922,12057922,-
09574200,"Röthenbach a.d.Pegnitz, St",41,12508,5140877,23858,-
09574300,"Feucht, M",41,13792,8409688,8409688,-
09574400,Rückersdorf,41,4766,521431,-,-
09574400,Winkelhaid,41,4247,5722747,5722747,-
09574500,Kirchensittenbach,41,2067,-,-,-
09574500,"Schnaittach, M",41,8574,6731801,6731801,-
09574600,Ottensoos,41,1975,-,-,-
09574600,Schwaig b.Nürnberg,41,8763,1948860,1948860,-
09574700,Burgthann,41,11385,6222,-,-
09574700,Pommelsbrunn,41,5299,3349600,3349600,-
09574700,Schwarzenbruck,41,8322,2665085,-,-
09574700,"Velden, Verwaltungsgemeinschaftsverwaltung",55,4878,-,-,-
09574701,Hartenstein,50,1456,-,-,-
09574701,"Velden, St",50,1726,1300073,1300073,-
09574701,Vorra,50,1696,2884775,-,550000
09574800,"Happurg, Verwaltungsgemeinschaftsverwaltung",55,4746,-,-,-
09574800,"Lauf a.d.Pegnitz, St",41,26071,25620845,-,-
09574800,Simmelsdorf,41,3238,576669,576669,-
09574801,Alfeld,50,1123,2200438,-,-
09574801,Happurg,50,3623,3314000,-,-
09574900,"Henfenfeld, Verwaltungsgemeinschaftsverwaltung",55,4329,-,-,-
09574900,Leinburg,41,6715,4998369,4998369,-
09574901,Engelthal,50,1061,751197,751197,-
09574901,Henfenfeld,50,1677,1084012,1084012,-
09574901,Offenhausen,50,1591,936250,936250,-
09575000,"Hagenbüchach - Wilhelmsdorf, Verwaltungsgemeinschaftsverwaltung",55,3098,-,-,-
09575001,Hagenbüchach,50,1652,6422117,3847,602070
09575001,Wilhelmsdorf,50,1446,489640,489640,-
09575010,"Neustadt a.d.Aisch-Bad Windsheim, Landkreisverwaltung",32,100843,-,-,-
09575100,"Diespeck, Verwaltungsgemeinschaftsverwaltung",55,7804,-,-,-
09575100,"Emskirchen, M",41,5900,2044608,2044608,-
09575101,"Baudenbach, M",50,1250,37500,37500,-
09575101,Diespeck,50,3791,3244696,3244696,-
09575101,Gutenstetten,50,1313,1983217,1983217,-
09575101,Münchsteinach,50,1450,1793747,1793747,-
09575200,"Bad Windsheim, St",41,12401,16067246,16067246,-
09575200,"Uehlfeld, Verwaltungsgemeinschaftsverwaltung",55,7464,-,-,-
09575201,"Dachsbach, M",50,1810,-,-,-
09575201,Gerhardshofen,50,2546,-,-,-
09575201,"Uehlfeld, M",50,3108,992375,-,-
09575300,"Neustadt a.d.Aisch, St",41,13106,2607166,2575541,-
09575400,"Burgbernheim, Verwaltungsgemeinschaftsverwaltung",55,6754,-,-,-
09575401,"Burgbernheim, St",50,3377,5779034,4979034,-
09575401,Gallmersgarten,50,808,438897,438897,-
09575401,Illesheim,50,936,-,-,-
09575401,"Marktbergel, M",50,1633,537924,-,-
09575500,"Ipsheim, M",41,2197,3906262,-,-
09575500,"Markt Erlbach, M",41,5482,3202305,3202305,-
09575500,"Neuhof a.d.Zenn, Verwaltungsgemeinschaftsverwaltung",55,3506,-,-,-
09575501,"Neuhof a.d.Zenn, M",50,2180,1329487,1328787,-
09575501,Trautskirchen,50,1326,236594,236594,-
09575600,"Burghaslach, M",41,2684,-,-,-
09575600,"Obernzenn, M",41,2485,1542180,-,-
09575800,"Scheinfeld, Verwaltungsgemeinschaftsverwaltung",55,11934,-,-,-
09575801,Langenfeld,50,1066,2947479,2947479,-
09575801,"Markt Bibart, M",50,1770,1526150,1526150,-
09575801,"Markt Taschendorf, M",50,1021,-,-,-
09575801,"Oberscheinfeld, M",50,1064,1131845,-,-
09575801,"Scheinfeld, St",50,4683,6242570,-,-
09575801,"Sugenheim, M",50,2330,2409600,2409600,-
09575900,Dietersheim,41,2153,2183000,-,-
09575900,"Uffenheim, Verwaltungsgemeinschaftsverwaltung",55,13875,-,-,-
09575901,Ergersheim,50,1075,2315000,2315000,-
09575901,Gollhofen,50,878,77000,-,-
09575901,Hemmersheim,50,638,-,-,-
09575901,"Ippesheim, M",50,1067,148000,-,-
09575901,"Markt Nordheim, M",50,1144,1325000,1325000,-
09575901,Oberickelsheim,50,734,1662400,1662400,-
09575901,Simmershofen,50,969,3621275,-,-
09575901,"Uffenheim, St",50,6369,7882290,-,-
09575901,Weigenheim,50,1001,425756,425756,-
09576010,"Roth, Landkreisverwaltung",32,127966,-,-,-
09576100,"Abenberg, St",41,5502,5314998,-,-
09576100,Georgensgmünd,41,6799,10985636,10985636,-
09576100,Röttenbach,41,3322,4917939,-,-
09576100,"Wendelstein, M",41,16368,545000,-,-
09576200,"Greding, St",41,7054,9984543,-,858962
09576200,Rohr,41,3782,4867158,4867158,-
09576200,"Schwanstetten, M",41,7210,3340424,-,-
09576300,"Allersberg, M",41,8462,7274695,-,-
09576300,"Roth, St",41,25315,2939809,90955,-
09576600,"Heideck, St",41,4637,4305444,-,-
09576700,Büchenbach,41,5426,1073737,1073737,-
09576700,"Hilpoltstein, St",41,13615,268448,43700,-
09576700,Rednitzhembach,41,6983,-,-,-
09576700,"Spalt, St",41,5125,5848383,5848383,-
09576800,Kammerstein,41,3074,3119630,2619630,-
09576800,"Thalmässing, M",41,5292,191658,191658,-
09577010,"Weißenburg-Gunzenhausen, Landkreisverwaltung",32,94714,748542,748542,-
09577100,"Pleinfeld, M",41,7441,5389899,-,-
09577200,"Gunzenhausen, Verwaltungsgemeinschaftsverwaltung",55,6835,-,-,-
09577200,Polsingen,41,1781,-,-,-
09577201,"Absberg, M",50,1423,1278490,1278490,-
09577201,Haundorf,50,2761,1712650,-,-
09577201,Pfofeld,50,1516,1080000,1080000,-
09577201,Theilenhofen,50,1135,2250248,2250248,-
09577300,"Altmühltal, Verwaltungsgemeinschaftsverwaltung",55,4948,-,-,-
09577300,"Treuchtlingen, St",41,13170,39024166,39012347,-
09577301,Alesheim,50,914,3135677,-,-
09577301,Dittenheim,50,1892,1559188,-,-
09577301,"Markt Berolzheim, M",50,1301,-,-,-
09577301,Meinheim,50,841,2902400,-,-
09577400,"Ellingen, Verwaltungsgemeinschaftsverwaltung",55,5823,-,-,-
09577400,Muhr a.See,41,2406,1196972,1196972,-
09577401,"Ellingen, St",50,3872,2348743,2348743,-
09577401,Ettenstatt,50,854,513375,513375,-
09577401,Höttingen,50,1097,5373094,5336846,-
09577500,"Nennslingen, Verwaltungsgemeinschaftsverwaltung",55,5000,-,-,-
09577501,Bergen,50,1166,2100000,-,-
09577501,Burgsalach,50,1180,894615,894615,-
09577501,"Nennslingen, M",50,1430,990000,-,-
09577501,Raitenbuch,50,1224,-,-,-
09577600,"Gunzenhausen, St",41,16617,17036062,17036062,-
09577600,"Hahnenkamm, Verwaltungsgemeinschaftsverwaltung",55,4507,-,-,-
09577601,"Gnotzheim, M",50,844,-,-,-
09577601,"Heidenheim, M",50,2518,5501763,5501763,-
09577601,Westheim,50,1145,5960125,-,-
09577700,"Weißenburg i.Bay., GKSt",37,18318,9750484,117779,-
09577800,Langenaltheim,41,2260,1925297,1925297,-
09577800,"Pappenheim, St",41,3960,5704056,-,-
09577800,Solnhofen,41,1648,3024923,-,-
09601000,"Unterfranken, Bezirksverwaltung",.,1312330,-,-,-
09661000,Aschaffenburg,30,72156,46968464,10528128,-
09662000,Schweinfurt,30,53634,9951265,9912566,-
09663000,Würzburg,30,131245,185871792,185871792,-
09671000,Glattbach,41,3222,1774042,1774042,-
09671000,"Hösbach, M",41,13045,4696268,2823600,-
09671000,Mainaschaff,41,8723,-,-,-
09671000,Sailauf,41,3584,7325068,-,868688
09671010,"Aschaffenburg, Landkreisverwaltung",32,170821,46196344,41237526,-
09671100,"Alzenau, St",41,17907,19380846,-,-
09671100,"Goldbach, M",41,9781,15363651,-,1055533
09671200,Bessenbach,41,5496,396942,396942,-
09671200,"Großostheim, M",41,15915,5225000,5225000,-
09671200,"Heigenbrücken, Verwaltungsgemeinschaftsverwaltung",55,2992,-,-,-
09671201,Heigenbrücken,50,2167,1180721,1180721,-
09671201,Heinrichsthal,50,825,-,-,-
09671300,Johannesberg,41,4070,1257210,1257210,-
09671300,"Mespelbrunn, Verwaltungsgemeinschaftsverwaltung",55,6308,-,-,-
09671300,"Mömbris, M",41,11245,10078755,10078755,-
09671301,Dammbach,50,1942,1173386,-,-
09671301,Heimbuchenthal,50,2148,153322,153322,-
09671301,Mespelbrunn,50,2218,81551,-,-
09671400,Haibach,41,7982,73800,73800,-
09671400,Kahl a.Main,41,8349,3354719,-,-
09671400,Karlstein a.Main,41,7593,4583333,3070408,-
09671400,"Schöllkrippen, Verwaltungsgemeinschaftsverwaltung",55,13710,-,-,-
09671401,Blankenbach,50,1488,2210678,-,-
09671401,Kleinkahl,50,1805,2410269,2410269,-
09671401,Krombach,50,2084,192285,-,-
09671401,"Schöllkrippen, M",50,4116,8012301,8012301,-
09671401,Sommerkahl,50,1227,498346,-,-
09671401,Westerngrund,50,1968,2011691,2011691,-
09671401,Wiesen,50,1022,36032,-,-
09671500,"Stockstadt a.Main, M",41,7713,767082,-,-
09671600,Kleinostheim,41,8374,194839,-,-
09671600,Waldaschaff,41,4162,14372674,14372674,-
09671700,Weibersbrunn,41,1839,1871236,1858880,12356
09671800,Rothenbuch,41,1609,2987989,2881958,-
09671900,Geiselbach,41,2092,3135491,2721716,-
09671900,Laufach,41,5110,2232708,-,-
09672000,Oerlenbach,41,4975,221250,200000,-
09672010,"Bad Kissingen, Landkreisverwaltung",32,103194,27637781,16700000,-
09672100,Wartmannsroth,41,2133,3480374,3480374,-
09672200,"Bad Bocklet, M",41,4588,562470,562470,-
09672300,"Bad Brückenau, St",41,6570,602872,602872,-
09672300,"Wildflecken, M",41,2861,2410876,-,-
09672400,"Bad Kissingen, GKSt",37,23005,18224433,18224433,-
09672400,Motten,41,1722,44061,-,-
09672500,"Münnerstadt, St",41,7538,15321429,15321429,-
09672600,"Bad Brückenau, Verwaltungsgemeinschaftsverwaltung",55,5378,-,-,-
09672600,Nüdlingen,41,3863,-,-,-
09672600,"Zeitlofs, M",41,2015,479620,-,-
09672601,"Geroda, M",50,787,-,-,-
09672601,Oberleichtersbach,50,2032,80024,-,-
09672601,Riedenberg,50,936,7500,7500,-
09672601,"Schondra, M",50,1623,122764,122764,-
09672700,"Burkardroth, M",41,7318,-,-,-
09672700,"Elfershausen, Verwaltungsgemeinschaftsverwaltung",55,4710,-,-,-
09672700,"Hammelburg, St",41,10780,9090000,9090000,-
09672701,"Elfershausen, M",50,2855,1065000,-,-
09672701,Fuchsstadt,50,1855,2600000,2600000,-
09672800,"Euerdorf, Verwaltungsgemeinschaftsverwaltung",55,4320,-,-,-
09672801,Aura a.d.Saale,50,854,1356386,1356386,-
09672801,"Euerdorf, M",50,1491,2491911,-,-
09672801,Ramsthal,50,1110,500000,-,-
09672801,"Sulzthal, M",50,865,206250,-,-
09672900,"Maßbach, Verwaltungsgemeinschaftsverwaltung",55,6452,-,-,-
09672900,"Oberthulba, M",41,4966,1175000,1175000,-
09672901,"Maßbach, M",50,4343,659435,659435,-
09672901,Rannungen,50,1112,120900,120900,-
09672901,Thundorf i.UFr.,50,997,-,-,-
09673000,"Saal a.d.Saale, Verwaltungsgemeinschaftsverwaltung",55,4130,-,-,-
09673001,Großeibstadt,50,1035,1517674,-,-
09673001,"Saal a.d.Saale, M",50,1559,904037,904037,-
09673001,Wülfershausen a.d.Saale,50,1536,2507655,2507655,-
09673010,"Rhön-Grabfeld, Landkreisverwaltung",32,79319,15210932,-,-
09673100,"Bad Königshofen i.Grabfeld, St",41,5902,5523881,-,-
09673200,Sandberg,41,2313,2147111,-,-
09673300,"Mellrichstadt, Verwaltungsgemeinschaftsverwaltung",55,10919,-,-,-
09673301,Bastheim,50,2022,1895541,1895541,-
09673301,Hendungen,50,833,-,-,-
09673301,"Mellrichstadt, St",50,5608,3574869,3574869,-
09673301,Oberstreu,50,1455,-,-,-
09673301,Stockheim,50,1001,-,-,-
09673400,"Bad Königshofen i.Grabfeld, Verwaltungsgemeinschaftsverwaltung",55,7180,-,-,-
09673400,"Bad Neustadt a.d.Saale, St",41,15221,7176273,-,-
09673401,Aubstadt,50,727,3158332,-,-
09673401,Großbardorf,50,961,1203819,-,-
09673401,Herbstadt,50,619,87509,-,-
09673401,Höchheim,50,1073,266694,266694,-
09673401,Sulzdorf a.d.Lederhecke,50,1163,100000,-,-
09673401,Sulzfeld,50,1727,1032082,1032082,-
09673401,"Trappstadt, M",50,910,180550,-,-
09673500,"Bad Neustadt a.d.Saale, Verwaltungsgemeinschaftsverwaltung",55,12385,-,-,-
09673501,Burglauer,50,1729,355521,355521,-
09673501,Hohenroth,50,3571,5176425,5176425,-
09673501,Niederlauer,50,1666,2506672,2506672,-
09673501,Rödelmaier,50,954,998057,998057,-
09673501,Salz,50,2280,2504563,2504563,-
09673501,Schönau a.d.Brend,50,1220,3172431,-,-
09673501,Strahlungen,50,965,1079378,1079378,-
09673600,Bastheim,-,-,-,-,-
09673700,"Bischofsheim i.d.Rhön, St",41,4808,1413835,16250,-
09673700,"Fladungen, Verwaltungsgemeinschaftsverwaltung",55,3861,-,-,-
09673701,"Fladungen, St",50,2140,2487200,-,-
09673701,Hausen,50,680,-,-,-
09673701,Nordheim v.d.Rhön,50,1041,506256,-,-
09673800,"Heustreu, Verwaltungsgemeinschaftsverwaltung",55,5093,-,-,-
09673801,Heustreu,50,1288,1997030,1986230,-
09673801,Hollstadt,50,1474,2843544,2843544,-
09673801,Unsleben,50,920,216637,216637,-
09673801,Wollbach,50,1411,-,-,-
09673900,"Oberelsbach, M",41,2652,1587568,-,-
09673900,"Ostheim v.d.Rhön, Verwaltungsgemeinschaftsverwaltung",55,4855,-,-,-
09673901,"Ostheim v.d.Rhön, St",50,3364,2578263,-,-
09673901,Sondheim v.d.Rhön,50,915,1061250,-,-
09673901,Willmars,50,576,685000,-,-
09674000,"Ebelsbach, Verwaltungsgemeinschaftsverwaltung",55,7246,-,-,-
09674000,Untermerzbach,41,1615,1139128,1139128,-
09674001,Breitbrunn,50,1005,-,-,-
09674001,Ebelsbach,50,3840,263773,263773,-
09674001,Kirchlauter,50,1297,-,-,-
09674002,Stettfeld,50,1104,714728,-,-
09674010,"Haßberge, Landkreisverwaltung",32,83450,22667716,16000,-
09674100,"Ebern, Verwaltungsgemeinschaftsverwaltung",55,10138,-,-,-
09674100,"Maroldsweisach, M",41,3093,3073179,3073179,-
09674100,"Zeil a.Main, St",41,5502,3699950,3699950,-
09674101,"Ebern, St",50,7133,4608848,4608848,-
09674101,Pfarrweisach,50,1455,662565,662565,-
09674101,"Rentweinsdorf, M",50,1550,959616,959616,-
09674200,"Hofheim i.UFr., Verwaltungsgemeinschaftsverwaltung",55,11308,-,-,-
09674201,Aidhausen,50,1667,2378159,-,38902
09674201,Bundorf,50,894,736233,-,-
09674201,"Burgpreppach, M",50,1344,1186991,-,238439
09674201,"Hofheim i.UFr., St",50,5136,4186939,-,-
09674201,Riedbach,50,1737,243682,75382,-
09674202,Ermershausen,50,530,-,-,-
09674300,"Eltmann, St",41,5206,3627426,-,-
09674300,Knetzgau,41,6398,2580726,2580726,-
09674300,"Theres, Verwaltungsgemeinschaftsverwaltung",55,5879,-,-,-
09674301,Gädheim,50,1294,2696892,2696892,-
09674301,Theres,50,2673,2380091,2380091,-
09674302,Wonfurt,50,1912,2343755,2343755,-
09674400,"Königsberg i.Bay., St",41,3540,927950,-,-
09674500,Sand a.Main,41,3044,637500,637500,-
09674700,"Haßfurt, St",41,13712,8528355,7528355,-
09674700,Rauhenebrach,41,2778,-,-,-
09674900,Oberaurach,41,3991,58000,-,-
09675010,"Kitzingen, Landkreisverwaltung",32,90999,8177407,8177407,-
09675100,"Kitzingen, GKSt",37,22467,7142205,7142205,-
09675400,"Mainbernheim, St",41,2227,788527,788527,-
09675400,"Wiesentheid, Verwaltungsgemeinschaftsverwaltung",55,7428,-,-,-
09675401,"Abtswind, M",50,822,378899,-,-
09675401,Castell,50,843,-,-,-
09675401,"Rüdenhausen, M",50,856,164142,164142,-
09675401,"Wiesentheid, M",50,4907,-,-,-
09675500,"Großlangheim, Verwaltungsgemeinschaftsverwaltung",55,4278,-,-,-
09675500,"Schwarzach a.Main, M",41,3655,533287,533287,-
09675501,"Großlangheim, M",50,1552,815000,815000,-
09675501,"Kleinlangheim, M",50,1634,727840,-,-
09675501,Wiesenbronn,50,1092,-,-,-
09675600,"Iphofen, Verwaltungsgemeinschaftsverwaltung",55,9569,-,-,-
09675601,"Iphofen, St",50,4845,4184483,-,564048
09675601,"Markt Einersheim, M",50,1226,-,-,-
09675601,Rödelsee,50,1902,2506312,2506312,-
09675601,"Willanzheim, M",50,1596,984001,-,-
09675700,"Dettelbach, St",41,6915,1355943,1355943,-
09675700,"Geiselwind, M",41,2640,1650000,-,-
09675700,"Kitzingen, Verwaltungsgemeinschaftsverwaltung",55,7617,-,-,-
09675701,Albertshofen,50,2157,269932,-,-
09675701,Biebelried,50,1212,106488,-,-
09675701,Buchbrunn,50,1093,-,-,-
09675701,Mainstockheim,50,1912,1168286,-,-
09675701,Sulzfeld a.Main,50,1243,687665,-,-
09675800,"Marktbreit, Verwaltungsgemeinschaftsverwaltung",55,10138,-,-,-
09675800,"Prichsenstadt, St",41,2996,258693,6847,-
09675801,"Marktbreit, St",50,3768,-,-,-
09675801,"Marktsteft, St",50,1841,2429500,2429500,-
09675801,Martinsheim,50,959,91100,91100,-
09675801,"Obernbreit, M",50,1695,599816,599816,-
09675801,Segnitz,50,823,626600,626600,-
09675801,"Seinsheim, M",50,1052,39742,-,-
09675900,"Volkach, Verwaltungsgemeinschaftsverwaltung",55,11069,-,-,-
09675901,Nordheim a.Main,50,999,3527718,-,-
09675901,Sommerach,50,1459,2408081,-,-
09675901,"Volkach, St",50,8611,2657670,-,-
09676000,"Kleinwallstadt, Verwaltungsgemeinschaftsverwaltung",55,7362,-,-,-
09676000,Mömlingen,41,4763,2889504,2375,-
09676000,"Sulzbach a.Main, M",41,7359,3150472,3150472,-
09676001,Hausen,50,1845,600000,600000,-
09676001,"Kleinwallstadt, M",50,5517,840961,840961,-
09676010,"Miltenberg, Landkreisverwaltung",32,127004,22619495,22619495,-
09676100,"Elsenfeld, M",41,9102,4815994,4815994,-
09676100,"Kirchzell, M",41,2208,3341963,3341963,-
09676100,"Mönchberg, Verwaltungsgemeinschaftsverwaltung",55,4205,-,-,-
09676101,"Mönchberg, M",50,2469,2753004,2753004,-
09676101,Röllbach,50,1736,-,-,-
09676200,"Amorbach, St",41,3877,1355964,1355964,-
09676200,"Erlenbach a.Main, St",41,9690,8212574,-,-
09676200,"Stadtprozelten, Verwaltungsgemeinschaftsverwaltung",55,2795,-,-,-
09676201,Altenbuch,50,1241,462937,-,-
09676201,"Stadtprozelten, St",50,1554,2023491,2023491,-
09676300,"Eschau, M",41,3926,7188524,7188524,-
09676400,Faulbach,41,2584,440625,-,-
09676400,"Klingenberg a.Main, St",41,6115,5529443,5529443,-
09676400,Niedernberg,41,4800,-,-,-
09676500,"Großheubach, M",41,5020,4579300,4579300,-
09676500,"Obernburg a.Main, St",41,8477,3723542,-,-
09676500,"Weilbach, M",41,2057,3602242,2752242,-
09676600,"Erftal, Verwaltungsgemeinschaftsverwaltung",55,5671,-,-,-
09676600,Großwallstadt,41,4089,-,-,-
09676600,Leidersbach,41,4686,314450,314450,-
09676600,"Schneeberg, M",41,1748,500000,500000,-
09676601,"Bürgstadt, M",50,4223,1322643,1322643,-
09676601,Neunkirchen,50,1448,831327,831327,-
09676700,Collenberg,41,2408,-,-,-
09676700,"Kleinheubach, Verwaltungsgemeinschaftsverwaltung",55,5771,-,-,-
09676701,"Kleinheubach, M",50,3620,170000,-,-
09676701,Laudenbach,50,1426,1642716,1627315,-
09676701,Rüdenau,50,725,-,-,-
09676800,Dorfprozelten,41,1699,769656,-,-
09676900,Eichenbühl,41,2487,1654676,-,-
09676900,"Miltenberg, St",41,9394,689653,-,-
09676900,"Wörth a.Main, St",41,4711,8548981,-,-
09677000,"Kreuzwertheim, Verwaltungsgemeinschaftsverwaltung",55,6177,-,-,-
09677001,Hasloch,50,1424,-,-,-
09677001,"Kreuzwertheim, M",50,3872,-,-,-
09677001,Schollbrunn,50,881,-,-,-
09677010,"Main-Spessart, Landkreisverwaltung",32,125554,35799692,35799692,-
09677100,"Gemünden a.Main, St",41,10059,2670943,-,-
09677100,"Marktheidenfeld, Verwaltungsgemeinschaftsverwaltung",55,15134,-,-,-
09677101,Birkenfeld,50,2178,-,-,-
09677101,Bischbrunn,50,1789,3242777,-,-
09677101,Erlenbach b.Marktheidenfeld,50,2442,2114937,-,323943
09677101,Esselbach,50,2101,3346266,1836955,1509311
09677101,Hafenlohr,50,1752,5677308,-,1369379
09677101,"Karbach, M",50,1483,4656519,4270950,-
09677101,Roden,50,1010,270028,-,-
09677101,"Rothenfels, St",50,987,1153607,903501,-
09677101,Urspringen,50,1392,3837932,-,-
09677200,"Burgsinn, Verwaltungsgemeinschaftsverwaltung",55,5902,-,-,-
09677201,Aura i.Sinngrund,50,933,226000,-,-
09677201,"Burgsinn, M",50,2339,1157000,-,-
09677201,Fellen,50,852,-,-,-
09677201,Mittelsinn,50,836,258000,258000,-
09677201,"Obersinn, M",50,942,8000,-,-
09677300,"Gemünden a.Main, Verwaltungsgemeinschaftsverwaltung",55,4080,-,-,-
09677301,Gräfendorf,50,1303,1117620,-,-
09677301,Gössenheim,50,1097,85096,85096,-
09677301,Karsbach,50,1680,450000,-,-
09677400,"Arnstein, St",41,8275,7355597,7315597,-
09677400,"Lohr a.Main, Verwaltungsgemeinschaftsverwaltung",55,5108,-,-,-
09677400,"Triefenstein, M",41,4302,3253064,3252817,-
09677401,Neuendorf,50,819,439016,439016,-
09677401,Neustadt a.Main,50,1168,3033088,3033088,-
09677401,Rechtenbach,50,1043,369583,369583,-
09677401,Steinfeld,50,2078,805000,805000,-
09677500,"Lohr a.Main, St",41,14978,8983763,-,-
09677500,"Zellingen, Verwaltungsgemeinschaftsverwaltung",55,10901,-,-,-
09677501,Himmelstadt,50,1602,1167041,-,-
09677501,Retzstadt,50,1627,-,-,-
09677501,"Thüngen, M",50,1327,2275000,2275000,-
09677502,"Zellingen, M",50,6345,896750,-,-
09677600,"Partenstein, Verwaltungsgemeinschaftsverwaltung",55,5050,-,-,-
09677601,Neuhütten,50,1128,-,-,-
09677601,Partenstein,50,2707,-,-,-
09677602,Wiesthal,50,1215,500750,-,-
09677700,Eußenheim,41,3029,4743216,4743216,-
09677700,"Marktheidenfeld, St",41,11437,6221679,-,-
09677700,"Rieneck, St",41,1837,1356133,1356133,-
09677800,"Karlstadt, St",41,14812,4853113,4853113,-
09677900,"Frammersbach, M",41,4473,5412433,-,-
09678000,Kolitzheim,41,5685,3500000,-,-
09678000,Niederwerrn,41,8498,-,-,-
09678000,Röthlein,41,4460,57967,-,-
09678000,Waigolshausen,41,2648,1004864,1000781,-
09678010,"Schweinfurt, Landkreisverwaltung",32,114469,14898013,13687549,-
09678100,"Stadtlauringen, M",41,4155,-,-,-
09678200,Geldersheim,41,2759,1977180,1977180,-
09678200,"Gerolzhofen, Verwaltungsgemeinschaftsverwaltung",55,16356,-,-,-
09678200,Wasserlosen,41,3432,337714,-,-
09678201,Dingolshausen,50,1372,355783,-,60697
09678201,Donnersdorf,50,1955,1128035,1128035,-
09678201,Frankenwinheim,50,959,22111,-,-
09678201,"Gerolzhofen, St",50,6679,6735355,-,-
09678201,Lülsfeld,50,789,77650,77650,-
09678201,Michelau i.Steigerwald,50,1173,-,-,-
09678201,"Oberschwarzach, M",50,1417,-,-,-
09678201,Sulzheim,50,2012,-,-,-
09678300,Dittelbrunn,41,7403,4026497,-,-
09678300,"Schwanfeld, Verwaltungsgemeinschaftsverwaltung",55,2738,-,-,-
09678300,"Werneck, M",41,10144,-,-,-
09678301,Schwanfeld,50,1740,39696,39696,-
09678301,Wipfeld,50,998,397754,-,-
09678400,Schonungen,41,7589,3734552,-,-
09678500,Bergrheinfeld,41,5236,1211286,-,-
09678500,Gochsheim,41,6090,2186803,2186803,-
09678600,Grafenrheinfeld,41,3477,-,-,-
09678600,Schwebheim,41,4151,34212,34212,-
09678600,Üchtelhausen,41,3783,3088966,-,-
09678800,Euerbach,41,2893,2388882,-,-
09678800,Grettstadt,41,4279,414936,-,-
09678800,Poppenhausen,41,4418,-,-,-
09678800,Sennfeld,41,4275,-,-,-
09679000,"Kirchheim, Verwaltungsgemeinschaftsverwaltung",55,3543,-,-,-
09679000,Leinach,41,3201,1674167,-,-
09679000,"Ochsenfurt, St",41,11285,6608592,-,-
09679000,"Rimpar, M",41,7411,16628505,13617869,3010636
09679001,Geroldshausen,50,1400,1596710,-,-
09679001,Kirchheim,50,2143,1694460,1694460,-
09679010,"Würzburg, Landkreisverwaltung",32,160485,22943906,57660,-
09679100,"Kist, Verwaltungsgemeinschaftsverwaltung",55,4597,-,-,-
09679100,Unterpleichfeld,41,3073,3619419,-,-
09679101,Altertheim,50,1994,582094,582094,-
09679101,Kist,50,2603,-,-,-
09679200,Güntersleben,41,4394,108604,-,-
09679200,"Margetshöchheim, Verwaltungsgemeinschaftsverwaltung",55,4956,-,-,-
09679200,Veitshöchheim,41,9247,8896098,8896098,-
09679201,Erlabrunn,50,1865,658566,658566,-
09679201,Margetshöchheim,50,3091,3542560,3542560,-
09679300,Hausen b.Würzburg,41,2512,4500000,-,-
09679300,Theilheim,41,2330,5656733,5656733,-
09679400,"Aub, Verwaltungsgemeinschaftsverwaltung",55,3107,-,-,-
09679400,Gaukönigshofen,41,2475,3281685,3281685,-
09679400,"Neubrunn, M",41,2215,1502672,-,-
09679400,"Röttingen, Verwaltungsgemeinschaftsverwaltung",55,3975,-,-,-
09679400,Thüngersheim,41,2665,4341205,-,-
09679400,Waldbrunn,41,2900,-,-,-
09679401,"Aub, St",50,1402,804605,804605,-
09679401,Bieberehren,50,863,-,-,-
09679401,"Gelchsheim, M",50,837,129633,-,-
09679401,Riedenheim,50,733,-,-,-
09679401,"Röttingen, St",50,1571,665190,620190,-
09679401,Sonderhofen,50,868,817452,817452,-
09679401,Tauberrettersheim,50,808,222281,222281,-
09679500,"Bergtheim, Verwaltungsgemeinschaftsverwaltung",55,4792,-,-,-
09679500,"Hettstadt, Verwaltungsgemeinschaftsverwaltung",55,5166,-,-,-
09679500,Kleinrinderfeld,41,2005,1189070,1189070,-
09679500,"Randersacker, M",41,3309,187250,-,-
09679500,Rottendorf,41,5384,-,-,-
09679500,Waldbüttelbrunn,41,5003,5663528,-,-
09679501,Bergtheim,50,3677,3481966,3481966,-
09679501,Greußenheim,50,1618,3531125,3531125,-
09679501,Hettstadt,50,3548,6199358,-,-
09679501,Oberpleichfeld,50,1115,133341,133341,-
09679600,"Eibelstadt, Verwaltungsgemeinschaftsverwaltung",55,7341,-,-,-
09679600,Eisingen,41,3415,6982339,6982339,-
09679600,Gerbrunn,41,6366,4006844,4006844,-
09679600,Kürnach,41,4639,5385807,5385807,-
09679600,"Reichenberg, M",41,4133,533179,533179,-
09679601,"Eibelstadt, St",50,2990,5558551,5558551,-
09679601,"Frickenhausen a.Main, M",50,1112,602429,593429,-
09679601,"Sommerhausen, M",50,1869,705275,705275,-
09679602,"Winterhausen, M",50,1370,-,-,-
09679700,"Estenfeld, Verwaltungsgemeinschaftsverwaltung",55,7751,-,-,-
09679700,"Höchberg, M",41,9456,85159,85159,-
09679701,"Eisenheim, M",50,1303,654846,-,149518
09679701,Estenfeld,50,5313,950000,950000,-
09679701,Prosselsheim,50,1135,-,-,-
09679800,"Giebelstadt, Verwaltungsgemeinschaftsverwaltung",55,6715,-,-,-
09679801,"Bütthard, M",50,1276,386515,386515,-
09679801,"Giebelstadt, M",50,5439,1849700,-,-
09679900,"Helmstadt, Verwaltungsgemeinschaftsverwaltung",55,6814,-,-,-
09679900,"Zell a.Main, M",41,4310,-,-,-
09679901,"Helmstadt, M",50,2586,-,-,-
09679901,Holzkirchen,50,911,-,-,-
09679901,"Remlingen, M",50,1481,-,-,-
09679901,Uettingen,50,1836,1839992,1839992,-
09701000,"Schwaben, Bezirksverwaltung",.,1911664,-,-,-
09761000,Augsburg,30,297316,441866558,-,-
09762000,Kaufbeuren,30,45678,43803217,43803217,-
09763000,Kempten (Allgäu),30,65468,-,-,-
09764000,Memmingen,30,43865,24875500,185500,-
09771000,"Friedberg, St",41,29781,21408242,21353944,-
09771000,Hollenbach,41,2466,900000,-,-
09771000,Ried,41,3210,2500000,-,-
09771010,"Aichach-Friedberg, Landkreisverwaltung",32,135746,4457040,-,-
09771100,"Aindling, Verwaltungsgemeinschaftsverwaltung",55,7802,-,-,-
09771100,"Inchenhofen, M",41,2684,607890,607890,-
09771100,"Pöttmes, Verwaltungsgemeinschaftsverwaltung",55,8201,-,-,-
09771101,"Aindling, M",50,4644,4450892,-,-
09771101,Baar (Schwaben),50,1238,258917,-,-
09771101,Petersdorf,50,1741,1769090,1769090,-
09771101,"Pöttmes, M",50,6963,2682179,-,-
09771101,Todtenweis,50,1417,1186329,-,-
09771200,Affing,41,5587,3863710,3863710,-
09771200,Kissing,41,11694,7509737,-,-
09771300,"Aichach, St",41,21696,7333611,-,-
09771300,"Kühbach, Verwaltungsgemeinschaftsverwaltung",55,6149,-,-,-
09771301,"Kühbach, M",50,4195,-,-,-
09771301,Schiltberg,50,1954,1743750,-,-
09771400,"Dasing, Verwaltungsgemeinschaftsverwaltung",55,13233,-,-,-
09771401,Adelzhausen,50,1832,-,-,-
09771401,Dasing,50,5745,1062345,-,-
09771401,Eurasburg,50,1828,-,-,-
09771401,Obergriesbach,50,1995,2225250,-,-
09771401,Sielenbach,50,1833,-,-,-
09771500,Merching,41,3234,139336,-,-
09771500,"Mering, Verwaltungsgemeinschaftsverwaltung",55,17405,-,-,-
09771501,"Mering, M",50,15083,12463352,-,-
09771501,Schmiechen,50,1336,-,-,-
09771501,Steindorf,50,986,-,-,-
09771800,Rehling,41,2604,2814434,-,-
09772000,"Diedorf, M",41,10734,11864024,11864024,-
09772000,"Großaitingen, Verwaltungsgemeinschaftsverwaltung",55,8461,-,-,-
09772000,"Schwabmünchen, St",41,14988,6715886,5483281,-
09772001,Großaitingen,50,5353,3506765,-,-
09772001,Kleinaitingen,50,1349,-,-,-
09772001,Oberottmarshausen,50,1759,1707361,-,-
09772010,"Augsburg, Landkreisverwaltung",32,260467,78043302,54563,-
09772100,Adelsried,41,2528,566827,566827,-
09772100,"Biberbach, M",41,3577,6213600,6213600,-
09772100,"Dinkelscherben, M",41,6622,7939338,-,-
09772100,"Fischach, M",41,5048,8648555,7912344,736211
09772100,Langweid a.Lech,41,8703,11750000,-,-
09772100,"Lechfeld, Verwaltungsgemeinschaftsverwaltung",55,10558,-,-,-
09772101,Klosterlechfeld,50,2955,1716372,1716372,-
09772102,Untermeitingen,50,7603,269446,269446,-
09772200,"Langerringen, Verwaltungsgemeinschaftsverwaltung",55,5764,-,-,-
09772200,"Stadtbergen, St",41,15585,5415581,5415581,-
09772201,Hiltenfingen,50,1649,2312950,2312950,-
09772201,Langerringen,50,4115,5468970,-,600000
09772300,"Königsbrunn, St",41,27914,60018190,60018190,-
09772300,"Zusmarshausen, M",41,6569,399690,-,-
09772400,"Neusäß, St",41,22375,-,-,-
09772500,Altenmünster,41,4613,4460200,-,-
09772500,"Bobingen, St",41,17874,13655014,-,-
09772500,Gablingen,41,4736,2150603,2150603,-
09772500,Wehringen,41,3046,3511208,3511208,-
09772600,"Nordendorf, Verwaltungsgemeinschaftsverwaltung",55,8431,-,-,-
09772601,Allmannshofen,50,968,699150,-,-
09772601,Ehingen,50,1146,500000,-,-
09772601,Ellgau,50,1184,642500,-,-
09772601,Kühlenthal,50,854,920680,920680,-
09772601,Nordendorf,50,2586,-,-,-
09772602,Westendorf,50,1693,-,-,-
09772700,Aystetten,41,3036,643568,-,-
09772700,"Gersthofen, St",41,23250,21128809,-,-
09772700,Kutzenhausen,41,2660,1966664,-,-
09772700,"Meitingen, M",41,12152,7466688,7466688,-
09772700,"Thierhaupten, M",41,4065,2941342,2941342,-
09772700,"Welden, Verwaltungsgemeinschaftsverwaltung",55,7886,-,-,-
09772701,Bonstetten,50,1600,-,-,-
09772701,Emersacker,50,1488,1151804,-,-
09772701,Heretsried,50,1000,433947,-,-
09772702,"Welden, M",50,3798,2448284,-,-
09772800,"Gessertshausen, Verwaltungsgemeinschaftsverwaltung",55,5683,-,-,-
09772801,Gessertshausen,50,4433,1533197,-,-
09772802,Ustersbach,50,1250,3148282,3148282,-
09772900,Graben,41,4024,7356326,-,-
09772900,Horgau,41,2967,3003615,-,-
09772900,"Stauden, Verwaltungsgemeinschaftsverwaltung",55,6618,-,-,-
09772901,Langenneufnach,50,1874,2198031,2198031,-
09772901,Mickhausen,50,1386,1789470,-,-
09772901,Mittelneufnach,50,1077,506084,-,-
09772901,Scherstetten,50,1102,-,-,-
09772902,Walkertshofen,50,1179,46478,-,-
09773010,"Dillingen a.d.Donau, Landkreisverwaltung",32,98018,18199657,78475,-
09773200,Buttenwiesen,41,5999,2918368,-,-
09773300,"Gundelfingen a.d.Donau, Verwaltungsgemeinschaftsverwaltung",55,11679,-,-,-
09773301,Bächingen a.d.Brenz,50,1350,1325136,1325136,-
09773301,"Gundelfingen a.d.Donau, St",50,7748,1085398,1085398,-
09773301,Haunsheim,50,1597,1211853,1211853,-
09773301,Medlingen,50,984,-,-,-
09773400,"Lauingen (Donau), St",41,11398,10874384,10874384,-
09773400,"Syrgenstein, Verwaltungsgemeinschaftsverwaltung",55,6933,-,-,-
09773401,Bachhagel,50,2308,1673775,-,-
09773401,Syrgenstein,50,3861,178219,-,-
09773401,Zöschingen,50,764,1193021,1193021,-
09773500,"Dillingen a.d.Donau, GKSt",37,19626,15981557,-,-
09773500,"Wittislingen, Verwaltungsgemeinschaftsverwaltung",55,5038,-,-,-
09773501,Mödingen,50,1415,450854,-,-
09773501,"Wittislingen, M",50,2542,2892011,-,-
09773501,Ziertheim,50,1081,161116,-,-
09773600,"Höchstädt a.d.Donau, Verwaltungsgemeinschaftsverwaltung",55,12893,-,-,-
09773601,Blindheim,50,1762,545624,-,-
09773601,Finningen,50,1856,1162351,-,-
09773601,"Höchstädt a.d.Donau, St",50,6888,5152448,-,-
09773601,Lutzingen,50,955,333962,333962,-
09773601,Schwenningen,50,1432,562494,-,-
09773700,"Bissingen, M",41,3558,4792156,-,-
09773800,"Wertingen, Verwaltungsgemeinschaftsverwaltung",55,14713,-,-,-
09773801,Binswangen,50,1364,808715,808715,-
09773801,Laugna,50,1566,1596310,-,-
09773801,Villenbach,50,1266,1354507,1354507,-
09773801,"Wertingen, St",50,9276,5243763,5243763,-
09773801,Zusamaltheim,50,1241,117480,-,-
09773900,"Holzheim, Verwaltungsgemeinschaftsverwaltung",55,6181,-,-,-
09773901,"Aislingen, M",50,1325,164090,-,-
09773901,Glött,50,1098,-,-,-
09773901,Holzheim,50,3758,-,-,-
09774000,"Ichenhausen, Verwaltungsgemeinschaftsverwaltung",55,11552,-,-,-
09774000,"Krumbach (Schwaben), St",41,14099,6706929,6706929,-
09774001,Ellzee,50,1224,386960,386960,-
09774001,"Ichenhausen, St",50,9095,60114,60114,-
09774001,"Waldstetten, M",50,1233,-,-,-
09774010,"Günzburg, Landkreisverwaltung",32,129321,16848000,-,-
09774100,"Burgau, St",41,10491,60259,60259,-
09774100,"Krumbach (Schwaben), Verwaltungsgemeinschaftsverwaltung",55,6290,-,-,-
09774101,Aletshausen,50,1216,-,-,-
09774101,Breitenthal,50,1237,-,-,-
09774101,Deisenhausen,50,1443,59220,-,-
09774101,Ebershausen,50,626,-,-,-
09774101,Waltenhausen,50,747,400000,-,-
09774101,Wiesenbach,50,1021,2300000,2300000,-
09774200,"Burtenbach, M",41,3528,-,-,-
09774200,"Neuburg a.d.Kammel, M",41,3254,464446,-,-
09774200,"Thannhausen, Verwaltungsgemeinschaftsverwaltung",55,9626,-,-,-
09774201,Balzhausen,50,1235,565825,-,-
09774201,"Münsterhausen, M",50,2005,-,-,-
09774201,"Thannhausen, St",50,6386,-,-,-
09774300,"Ziemetshausen, Verwaltungsgemeinschaftsverwaltung",55,4371,-,-,-
09774301,Aichen,50,1174,-,-,-
09774301,"Ziemetshausen, M",50,3197,-,-,-
09774400,"Jettingen-Scheppach, M",41,7000,3174542,3174542,-
09774500,"Günzburg, GKSt",37,21537,9331618,-,-
09774500,Kammeltal,41,3332,2457286,-,-
09774500,"Leipheim, St",41,7467,7358939,7358939,-
09774600,Ursberg,41,3250,2335689,-,-
09774700,"Offingen, Verwaltungsgemeinschaftsverwaltung",55,7453,-,-,-
09774701,Gundremmingen,50,1344,1931976,-,-
09774701,"Offingen, M",50,4394,1444535,-,-
09774701,Rettenbach,50,1715,834902,834902,-
09774800,"Haldenwang, Verwaltungsgemeinschaftsverwaltung",55,6216,-,-,-
09774801,Dürrlauingen,50,1551,833320,-,-
09774801,Haldenwang,50,2069,1869853,-,-
09774801,Landensberg,50,648,-,-,-
09774801,Röfingen,50,1177,736109,-,-
09774801,Winterbach,50,771,437500,-,-
09774900,Bibertal,41,4869,1455800,-,-
09774900,"Kötz, Verwaltungsgemeinschaftsverwaltung",55,4986,-,-,-
09774901,Bubesheim,50,1658,192592,192592,-
09774901,Kötz,50,3328,147829,147829,-
09775000,"Altenstadt, Verwaltungsgemeinschaftsverwaltung",55,7795,-,-,-
09775001,"Altenstadt, M",50,5341,1745688,-,-
09775001,"Kellmünz a.d.Iller, M",50,1536,108118,-,-
09775001,Osterberg,50,918,1611730,-,-
09775010,"Neu-Ulm, Landkreisverwaltung",32,181419,22592979,22592979,-
09775100,"Buch, Verwaltungsgemeinschaftsverwaltung",55,6329,-,-,-
09775101,"Buch, M",50,4264,1658346,-,-
09775101,Oberroth,50,977,-,-,-
09775101,Unterroth,50,1088,1254169,-,-
09775200,"Senden, St",41,23468,19280990,19280990,-
09775200,"Vöhringen, St",41,13823,6414737,-,-
09775400,Nersingen,41,9630,751674,-,-
09775400,"Weißenhorn, St",41,14068,292208,-,-
09775500,Bellenberg,41,4628,1637095,1637095,-
09775500,"Neu-Ulm, GKSt",37,61669,23544254,23544254,-
09775900,Elchingen,41,9839,8557578,-,-
09775900,"Illertissen, St",41,18237,3905850,-,-
09775900,"Pfaffenhofen a.d.Roth, Verwaltungsgemeinschaftsverwaltung",55,9260,-,-,-
09775900,Roggenburg,41,2673,2090882,2090882,-
09775901,Holzheim,50,1991,35687,-,-
09775901,"Pfaffenhofen a.d.Roth, M",50,7269,1585677,1585677,-
09776000,Nonnenhorn,41,1761,2821454,2821454,-
09776010,"Lindau (Bodensee), Landkreisverwaltung",32,82184,9917769,9917769,-
09776100,Bodolz,41,3001,225549,-,-
09776100,Hergatz,41,2448,526497,-,-
09776200,Opfenbach,41,2321,344092,-,-
09776400,"Heimenkirch, M",41,3480,3501640,3501640,-
09776500,"Scheidegg, M",41,4400,1120857,1120857,-
09776500,"Sigmarszell, Verwaltungsgemeinschaftsverwaltung",55,7500,-,-,-
09776501,Hergensweiler,50,1903,108025,108025,-
09776501,Sigmarszell,50,2923,489161,489161,-
09776501,Weißensberg,50,2674,-,-,-
09776600,"Lindau (Bodensee), GKSt",37,25698,63786395,-,-
09776700,"Argental, Verwaltungsgemeinschaftsverwaltung",55,6272,-,-,-
09776700,"Lindenberg i.Allgäu, St",41,11553,6828296,6828296,-
09776701,Gestratz,50,1289,-,-,-
09776701,Grünenbach,50,1538,1359427,-,-
09776701,Maierhöfen,50,1495,25434,-,-
09776701,Röthenbach (Allgäu),50,1950,711104,-,-
09776800,"Stiefenhofen, Verwaltungsgemeinschaftsverwaltung",55,3453,-,-,-
09776800,Wasserburg (Bodensee),41,3872,37833,37833,-
09776801,Oberreute,50,1588,486842,486842,-
09776801,Stiefenhofen,50,1865,1102878,1102878,-
09776900,"Weiler-Simmerberg, M",41,6425,6782997,-,-
09777000,Germaringen,41,3877,-,-,-
09777000,"Roßhaupten, Verwaltungsgemeinschaftsverwaltung",55,3551,-,-,-
09777001,Rieden am Forggensee,50,1391,200400,200400,-
09777001,Roßhaupten,50,2160,1220999,1220999,-
09777010,"Ostallgäu, Landkreisverwaltung",32,140633,4294096,-,-
09777100,"Marktoberdorf, St",41,18361,17817916,17722685,-
09777100,"Westendorf, Verwaltungsgemeinschaftsverwaltung",55,7738,-,-,-
09777101,"Kaltental, M",50,1712,2500000,2500000,-
09777101,Oberostendorf,50,1476,139729,139729,-
09777101,Osterzell,50,716,710000,-,-
09777101,Stöttwang,50,1931,1858021,-,-
09777101,Westendorf,50,1903,-,-,-
09777200,"Biessenhofen, Verwaltungsgemeinschaftsverwaltung",55,9748,-,-,-
09777200,Mauerstetten,41,3172,-,-,-
09777200,"Stötten a.Auerberg, Verwaltungsgemeinschaftsverwaltung",55,2842,-,-,-
09777201,Aitrang,50,1968,1005265,-,-
09777201,Bidingen,50,1849,1742188,1742188,-
09777201,Biessenhofen,50,4210,240000,-,-
09777201,Rettenbach a.Auerberg,50,885,-,-,-
09777201,Ruderatshofen,50,1721,269393,269393,-
09777201,Stötten a.Auerberg,50,1957,1763782,1763782,-
09777300,"Eggenthal, Verwaltungsgemeinschaftsverwaltung",55,4212,-,-,-
09777300,Halblech,41,3355,81030,-,-
09777300,"Nesselwang, M",41,3759,3070186,-,-
09777301,Baisweil,50,1318,18825,-,-
09777301,Eggenthal,50,1396,318925,-,-
09777301,Friesenried,50,1498,1450300,-,-
09777400,"Obergünzburg, Verwaltungsgemeinschaftsverwaltung",55,9342,-,-,-
09777401,Günzach,50,1367,1795380,-,-
09777401,"Obergünzburg, M",50,6350,8995630,-,1156749
09777401,Untrasried,50,1625,6812425,5637955,-
09777500,"Ronsberg, M",41,1676,4608128,-,-
09777500,"Unterthingau, Verwaltungsgemeinschaftsverwaltung",55,5023,-,-,-
09777501,Görisried,50,1331,777142,777142,-
09777501,Kraftisried,50,894,3835580,3835580,-
09777501,"Unterthingau, M",50,2798,3638863,3638863,-
09777600,"Seeg, Verwaltungsgemeinschaftsverwaltung",55,9042,-,-,-
09777601,Eisenberg,50,1136,1048916,-,-
09777601,Hopferau,50,1251,42000,-,-
09777601,Lengenwang,50,1514,-,-,-
09777601,Rückholz,50,971,811578,-,-
09777601,Seeg,50,3024,5763425,-,-
09777601,Wald,50,1146,2500215,-,-
09777700,Lechbruck am See,41,2718,2872000,-,-
09777800,"Buchloe, Verwaltungsgemeinschaftsverwaltung",55,20747,-,-,-
09777801,"Buchloe, St",50,13643,7997602,-,-
09777801,Jengen,50,2549,259373,-,-
09777801,Lamerdingen,50,2190,1035140,-,-
09777801,"Waal, M",50,2365,3283242,-,-
09777900,"Füssen, St",41,15362,40538099,40538099,-
09777900,"Pforzen, Verwaltungsgemeinschaftsverwaltung",55,5293,-,-,-
09777900,Pfronten,41,7638,12089833,12089833,-
09777900,Schwangau,41,3177,1093439,1093439,-
09777901,"Irsee, M",50,1522,342500,342500,-
09777901,Pforzen,50,2407,2282583,2282583,-
09777901,Rieden,50,1364,17500,17500,-
09778000,"Kirchheim i.Schwaben, Verwaltungsgemeinschaftsverwaltung",55,4486,-,-,-
09778001,Eppishausen,50,1938,-,-,-
09778001,"Kirchheim i.Schw., M",50,2548,1860000,1860000,-
09778010,"Unterallgäu, Landkreisverwaltung",32,144483,4178072,-,-
09778100,"Boos, Verwaltungsgemeinschaftsverwaltung",55,7528,-,-,-
09778101,Boos,50,2199,1443746,1443746,-
09778101,Fellheim,50,1126,626753,626753,-
09778101,Heimertingen,50,1826,361106,361106,-
09778101,Niederrieden,50,1493,828672,-,-
09778101,Pleß,50,884,1566178,1566178,-
09778200,"Erkheim, Verwaltungsgemeinschaftsverwaltung",55,8582,-,-,-
09778201,"Erkheim, M",50,3112,2750000,-,-
09778201,Kammlach,50,1819,1560402,-,-
09778201,Lauben,50,1407,228226,-,-
09778202,Westerheim,50,2244,-,-,-
09778300,Buxheim,41,3010,7344178,-,-
09778300,"Mindelheim, St",41,15142,4774030,-,-
09778400,"Tussenhausen, M",41,3029,2083500,2083500,-
09778400,"Türkheim, Verwaltungsgemeinschaftsverwaltung",55,11515,-,-,-
09778401,Amberg,50,1506,622595,-,-
09778402,Rammingen,50,1547,1807800,1807800,-
09778402,"Türkheim, M",50,7045,2822039,-,-
09778402,Wiedergeltingen,50,1417,-,-,-
09778500,"Memmingerberg, Verwaltungsgemeinschaftsverwaltung",55,10922,-,-,-
09778501,Benningen,50,2062,2185507,-,-
09778501,Holzgünz,50,1330,-,-,-
09778501,Lachen,50,1677,203431,-,-
09778501,Memmingerberg,50,3019,2088238,-,-
09778502,Trunkelsberg,50,1732,3485441,-,-
09778502,Ungerhausen,50,1102,-,-,-
09778600,"Bad Wörishofen, St",41,16417,22612092,22612092,-
09778600,"Dirlewang, Verwaltungsgemeinschaftsverwaltung",55,6059,-,-,-
09778600,Sontheim,41,2706,2964795,2964795,-
09778601,Apfeltrach,50,968,-,-,-
09778601,"Dirlewang, M",50,2235,1352285,1352285,-
09778601,Stetten,50,1441,927000,927000,-
09778602,Unteregg,50,1415,34100,-,-
09778700,Ettringen,41,3405,-,-,-
09778700,"Illerwinkel, Verwaltungsgemeinschaftsverwaltung",55,6252,-,-,-
09778700,"Ottobeuren, Verwaltungsgemeinschaftsverwaltung",55,10284,-,-,-
09778701,Böhen,50,761,167361,167361,-
09778701,Hawangen,50,1231,2296665,2296665,-
09778701,Kronburg,50,1786,131468,-,-
09778701,Lautrach,50,1257,1198125,-,-
09778701,"Legau, M",50,3209,3279285,-,-
09778701,"Ottobeuren, M",50,8292,6154159,-,-
09778800,"Babenhausen, Verwaltungsgemeinschaftsverwaltung",55,11785,-,-,-
09778800,"Grönenbach, Verwaltungsgemeinschaftsverwaltung",55,9715,-,-,-
09778800,"Markt Rettenbach, M",41,3902,3379108,-,-
09778801,"Babenhausen, M",50,5577,5665079,20000,-
09778801,"Bad Grönenbach, M",50,5570,2825182,2825182,-
09778801,Egg a.d.Günz,50,1176,-,-,-
09778801,Kirchhaslach,50,1283,-,-,-
09778801,Oberschönegg,50,1009,-,-,-
09778802,Kettershausen,50,1801,800000,-,-
09778802,Winterrieden,50,939,1110108,-,-
09778802,Wolfertschwenden,50,2037,-,-,-
09778802,Woringen,50,2108,215000,215000,-
09778900,"Markt Wald, M",41,2130,2083527,-,-
09778900,"Pfaffenhausen, Verwaltungsgemeinschaftsverwaltung",55,7614,-,-,-
09778901,Breitenbrunn,50,2319,2532269,-,-
09778901,Oberrieden,50,1184,2441568,2441568,-
09778901,"Pfaffenhausen, M",50,2641,1302224,1302224,-
09778901,Salgen,50,1470,-,-,-
09779000,"Wallerstein, Verwaltungsgemeinschaftsverwaltung",55,5929,-,-,-
09779001,Maihingen,50,1246,767710,-,-
09779001,Marktoffingen,50,1296,1948924,1948924,-
09779002,"Wallerstein, M",50,3387,5659036,-,-
09779010,"Donau-Ries, Landkreisverwaltung",32,134099,-,-,-
09779100,"Donauwörth, GKSt",37,19856,4538232,55000,-
09779100,Mertingen,41,3827,3403210,-,-
09779100,"Oettingen i.Bay., Verwaltungsgemeinschaftsverwaltung",55,10779,-,-,-
09779100,"Rain, St",41,8928,3595219,3595219,-
09779101,Auhausen,50,996,5740,-,-
09779101,Ehingen a.Ries,50,750,4816,-,-
09779101,Hainsfarth,50,1403,446233,-,-
09779101,Megesheim,50,808,149835,149835,-
09779101,Munningen,50,1693,112824,-,-
09779101,"Oettingen i.Bay., St",50,5129,7763448,-,-
09779200,"Ries, Verwaltungsgemeinschaftsverwaltung",55,10722,-,-,-
09779201,Alerheim,50,1685,3524173,-,-
09779201,Amerdingen,50,828,71875,-,-
09779201,Deiningen,50,1825,1020000,1020000,-
09779201,Ederheim,50,1101,1177500,-,-
09779201,Forheim,50,526,360000,360000,-
09779201,Hohenaltheim,50,561,127500,127500,-
09779201,Mönchsdeggingen,50,1438,-,-,-
09779202,Reimlingen,50,1369,83800,83800,-
09779202,Wechingen,50,1389,596104,500500,-
09779300,"Wemding, Verwaltungsgemeinschaftsverwaltung",55,10548,-,-,-
09779301,Fünfstetten,50,1310,-,-,-
09779301,Huisheim,50,1645,990000,-,-
09779301,Otting,50,804,1926632,1926632,-
09779302,"Wemding, St",50,5704,8682555,8682555,-
09779302,Wolferstadt,50,1085,-,-,-
09779400,"Monheim, Verwaltungsgemeinschaftsverwaltung",55,9883,-,-,-
09779400,"Nördlingen, GKSt",37,20366,9109048,505464,-
09779401,Buchdorf,50,2018,3237500,3237500,-
09779401,Daiting,50,814,1728320,-,-
09779401,"Monheim, St",50,5382,8165650,7149455,1000000
09779402,Rögling,50,609,270975,270975,-
09779402,Tagmersheim,50,1060,1520000,20000,-
09779500,Asbach-Bäumenheim,41,4750,960205,960205,-
09779500,"Harburg (Schwaben), St",41,5521,4641134,4641134,-
09779500,Möttingen,41,2665,3076153,-,-
09779500,"Rain, Verwaltungsgemeinschaftsverwaltung",55,4936,-,-,-
09779501,Genderkingen,50,1186,1612485,1612485,-
09779501,Holzheim,50,1111,491152,-,-
09779501,Münster,50,1265,1735292,-,-
09779501,Niederschönenfeld,50,1374,2039180,-,-
09779502,"Rain, St",-,-,-,-,-
09779600,Oberndorf a.Lech,41,2581,5802896,-,-
09779700,Fremdingen,41,2097,194444,194444,-
09779800,Marxheim,41,2616,425000,425000,-
09779800,Tapfheim,41,4184,2435252,-,-
09779900,"Kaisheim, M",41,3911,9098036,-,-
09780000,Durach,41,6930,4106670,-,-
09780000,"Sulzberg, M",41,4998,-,-,-
09780010,"Oberallgäu, Landkreisverwaltung",32,152967,11998050,-,-
09780200,"Altusried, M",41,10161,17085803,-,-
09780200,Haldenwang,41,3805,-,-,-
09780200,"Hörnergruppe, Verwaltungsgemeinschaftsverwaltung",55,7023,-,-,-
09780200,"Oberstaufen, M",41,7230,3077996,2943564,-
09780201,Balderschwang,50,245,2003037,-,-
09780201,Bolsterlang,50,975,1606024,1606024,-
09780201,Fischen i.Allgäu,50,2917,5744919,5744919,-
09780201,Obermaiselstein,50,969,810393,810393,-
09780201,Ofterschwang,50,1917,2654446,2654446,-
09780300,"Bad Hindelang, M",41,4987,11800126,-,-
09780300,"Oberstdorf, M",41,9218,32639808,-,-
09780300,Waltenhofen,41,9735,12224654,-,-
09780400,Betzigau,41,2852,2256070,-,-
09780400,"Immenstadt i.Allgäu, St",41,13871,26052040,24072040,-
09780500,Blaichach,41,5479,3635879,-,-
09780500,Lauben,41,3502,1021284,-,-
09780500,"Weitnau, Verwaltungsgemeinschaftsverwaltung",55,6776,-,-,-
09780500,"Wertach, M",41,2663,8137433,8137433,-
09780501,Missen-Wilhams,50,1534,178479,178479,-
09780501,"Weitnau, M",50,5242,4707152,-,-
09780600,"Wiggensbach, M",41,4910,-,-,-
09780700,"Buchenberg, M",41,4123,7777039,-,375000
09780700,Rettenberg,41,4421,7040533,7040533,-
09780700,Wildpoldsried,41,2555,3280742,3280742,-
09780800,Burgberg i.Allgäu,41,3072,6803246,6803246,-
09780800,Oy-Mittelberg,41,4612,2033856,-,-
09780900,"Dietmannsried, M",41,8474,11944610,-,-
09780900,"Sonthofen, St",41,21570,27099484,27034338,-
10041000,"Saarbrücken, Landeshauptstadt",40,180539,734000695,374000695,-
10041010,"Saarbrücken, Regionalverbandsverwaltung",33,330939,138097898,-,-
10041100,"Friedrichsthal, Stadt",40,10211,19205505,6670027,-
10041200,Großrosseln,40,7917,14003707,-,3000000
10041300,Heusweiler,40,18464,8959090,8959090,-
10041400,Kleinblittersdorf,40,10877,11890374,5906802,5983572
10041500,"Püttlingen, Stadt",40,18384,31072662,-,-
10041600,Quierschied,40,12990,31513697,11513697,-
10041700,Riegelsberg,40,14425,6828854,-,-
10041800,"Sulzbach, Stadt",40,16405,11283943,11283943,-
10041900,"Völklingen, Stadt",40,40727,166253708,38695,68000000
10042010,"Merzig-Wadern, Landkreisverwaltung",32,109382,32143846,-,4424157
10042100,Beckingen,40,15500,14405515,14405515,-
10042200,Losheim am See,40,16625,2868410,-,-
10042300,"Merzig, Kreisstadt",40,31765,42730538,27716504,-
10042400,Mettlach,40,12626,22379875,-,13000000
10042500,Perl,40,9603,16378871,-,-
10042600,"Wadern, Stadt",40,16619,23653252,22496202,-
10042700,Weiskirchen,40,6644,12605507,-,9225916
10043010,"Neunkirchen, Landkreisverwaltung",32,133481,57167873,-,-
10043100,Eppelborn,40,16673,22013866,12013866,10000000
10043200,Illingen,40,15944,34852181,-,-
10043300,Merchweiler,40,10136,26081092,15557658,-
10043400,"Neunkirchen, Kreisstadt",40,47312,81912058,-,13000000
10043500,"Ottweiler, Stadt",40,14392,17291951,10272580,-
10043600,Schiffweiler,40,15968,21224315,-,6000000
10043700,Spiesen-Elversberg,40,13056,16743707,-,-
10044000,Wadgassen,40,17975,31938514,22058225,907500
10044010,"Saarlouis, Landkreisverwaltung",32,206056,82359361,72289543,-
10044100,"Dillingen, Stadt",40,21598,37454015,-,20000000
10044100,Wallerfangen,40,9491,8976622,2319429,1269447
10044200,Bous,40,7260,4051069,4051069,-
10044200,"Lebach, Stadt",40,19781,19367608,15133298,-
10044300,Ensdorf,40,6855,9232991,6189083,3043908
10044300,Nalbach,40,9282,13453361,-,1500000
10044400,Rehlingen-Siersburg,40,15070,13008622,-,-
10044500,"Saarlouis, Kreisstadt",40,37799,45885917,45877574,-
10044600,Saarwellingen,40,13710,3485953,3804,-
10044700,Schmelz,40,17012,16996217,11496217,-
10044800,Schwalbach,40,18094,38133474,5506,17000000
10044900,Überherrn,40,12129,17660398,278523,-
10045010,"Saarpfalz-Kreis, Landkreisverwaltung",32,144484,102303852,100303852,2000000
10045100,"Bexbach, Stadt",40,17897,16649050,16630988,-
10045200,"Blieskastel, Stadt",40,20220,28433973,16430214,12000000
10045300,Gersheim,40,6257,25950303,-,21000000
10045400,"Homburg, Kreisstadt",40,43179,121566186,76566186,-
10045500,Kirkel,40,10212,35016056,-,10000000
10045600,Mandelbachtal,40,11023,20650666,11103486,4538243
10045700,"St. Ingbert, Stadt",40,35696,33938769,8415,-
10046010,"St. Wendel, Landkreisverwaltung",32,87987,46046388,904425,-
10046100,Freisen,40,8021,14797247,2797247,-
10046200,Marpingen,40,10298,23568725,3102,16500000
10046300,Namborn,40,7116,8520436,3659234,317873
10046400,Nohfelden,40,10063,8332434,7332434,1000000
10046500,Nonnweiler,40,8480,7427365,-,-
10046600,Oberthal,40,6035,8389880,7389880,-
10046700,"St. Wendel, Kreisstadt",40,25496,60784163,39617,42000000
10046800,Tholey,40,12478,16175620,8493620,-
12051000,"Brandenburg an der Havel, kreisfreie Stadt",30,73637,2698076,-,-
12052000,"Cottbus, kreisfreie Stadt",30,94309,25841813,25841813,-
12053000,"Frankfurt (Oder), kreisfreie Stadt",30,56743,23190552,23190552,-
12054000,"Potsdam, kreisfreie Stadt",30,183532,48019472,48019472,-
12060000,"Bernau bei Berlin, Stadt",41,44163,-,-,-
12060000,"Werneuchen, Stadt",41,9144,11333801,11333801,-
12060010,"Barnim, Landkreisverwaltung",32,192068,3605004,3605004,-
12060100,Britz,50,2078,247780,247780,-
12060100,"Britz-Chorin-Oderberg, Amtsverwaltung",55,9632,789610,-,-
12060100,Chorin,50,2177,117942,117942,-
12060100,Hohenfinow,50,509,258764,-,-
12060100,Panketal,41,21133,-,-,-
12060101,Liepe,50,616,214687,214687,-
12060101,Lunow-Stolzenhagen,50,1145,562256,-,-
12060101,Niederfinow,50,588,-,-,-
12060101,"Oderberg, Stadt",50,2014,911091,-,-
12060101,Parsteinsee,50,505,63569,-,-
12060200,"Eberswalde, Stadt",41,40943,2680000,-,-
12060300,"Biesenthal, Stadt",50,6126,2427383,-,-
12060300,"Biesenthal-Barnim, Amtsverwaltung",55,12749,273100,-,-
12060300,Breydin,50,820,16716,-,-
12060301,Marienwerder,50,1648,1702959,-,-
12060301,Melchow,50,1059,107771,-,-
12060301,Rüdnitz,50,2105,4975000,4975000,-
12060302,Sydower Fließ,50,991,-,-,-
12060500,Ahrensfelde,41,14056,89745,89745,-
12060600,Althüttendorf,50,691,-,-,-
12060600,Friedrichswalde,50,804,-,-,-
12060600,"Joachimsthal (Schorfheide), Amtsverwaltung",55,5342,465270,-,-
12060601,"Joachimsthal, Stadt",50,3396,1805791,1805791,-
12060602,Ziethen,50,451,-,-,-
12060800,Schorfheide,41,10644,4912000,-,-
12060900,Wandlitz,41,24262,8731070,8731070,-
12061000,Bestensee,41,8797,8590557,-,-
12061000,"Königs Wusterhausen, Stadt",41,38863,4870637,4870637,-
12061000,"Luckau, Stadt",41,9175,2467893,-,-
12061000,"Wildau, Stadt",41,10451,5576363,-,-
12061010,"Dahme-Spreewald, Landkreisverwaltung",32,176820,1524376,1524376,-
12061200,Eichwalde,41,6336,108536,108536,-
12061200,"Mittenwalde, Stadt",41,9801,945886,945886,-
12061200,Zeuthen,41,11395,124500,-,-
12061300,Alt Zauche-Wußwerk,50,475,177745,-,-
12061300,Byhleguhre-Byhlen,50,760,30159,30159,-
12061300,"Lieberose/Oberspreewald, Amtsverwaltung",55,6992,1048865,-,-
12061300,Schönefeld,41,18782,-,-,-
12061302,Jamlitz,50,509,-,-,-
12061303,"Lieberose, Stadt",50,1329,219844,-,-
12061303,Neu Zauche,50,1054,264473,-,-
12061304,Schwielochsee,50,1512,150280,-,-
12061304,Spreewaldheide,50,438,43916,-,-
12061304,Straupitz,50,915,725868,-,-
12061400,Bersteland,50,846,-,-,-
12061400,Drahnsdorf,50,682,-,-,-
12061400,Schulzendorf,41,9334,6891065,6891065,-
12061400,"Unterspreewald, Amtsverwaltung",55,8913,1862862,1862862,-
12061401,"Golßen, Stadt",50,2461,896825,-,-
12061402,Kasel-Golzig,50,674,-,-,-
12061402,Krausnick-Groß Wasserburg,50,660,-,-,-
12061404,Rietzneuendorf-Staakow,50,607,930752,622906,-
12061404,Schlepzig,50,610,69462,-,-
12061404,Schönwald,50,1192,45340,45340,-
12061404,Steinreich,50,432,481600,-,-
12061405,Unterspreewald,50,749,-,-,-
12061600,"Lübben (Spreewald), Stadt",41,14017,981336,-,-
12061700,Heidesee,41,7391,-,-,-
12061800,"Schenkenländchen, Amtsverwaltung",55,9215,4144404,4144404,-
12061801,Groß Köris,50,2542,2493693,-,2102195
12061802,Halbe,50,2520,1004455,1004455,-
12061803,"Märkisch Buchholz, Stadt",50,851,137290,-,-
12061803,Münchehofe,50,428,67303,-,-
12061804,Schwerin,50,983,-,-,-
12061804,"Teupitz, Stadt",50,1891,579231,-,-
12061900,Heideblick,41,3564,5690,5690,-
12061900,Märkische Heide,41,3794,-,-,-
12062000,"Finsterwalde, Stadt",41,15795,8860091,8860091,-
12062000,Röderland,41,3691,193790,193790,-
12062000,"Uebigau-Wahrenbrück, Stadt",-,-,-,-,-
12062010,"Elbe-Elster, Landkreisverwaltung",32,99142,1644753,1644753,-
12062100,"Bad Liebenwerda, Stadt",50,8961,8022588,-,2459146
12062100,"Bad Liebenwerda, Verbandsgemeindeverwaltung",55,23509,1077244,1077244,-
12062100,"Mühlberg/Elbe, Stadt",-,-,-,-,-
12062100,"Schradenland, Amtsverwaltung",55,4315,-,-,-
12062100,"Schönewalde, Stadt",41,2941,2757153,-,501515
12062101,"Falkenberg/Elster, Stadt",50,6143,2629930,2629930,-
12062101,Gröden,50,1327,-,-,-
12062102,Großthiemig,50,1005,337646,-,-
12062102,Hirschfeld,50,1187,21554,-,-
12062103,Merzdorf,50,796,16521,-,-
12062103,"Mühlberg/Elbe, Stadt",50,3381,254338,-,-
12062105,"Uebigau-Wahrenbrück, Stadt",50,5024,1664752,1664752,-
12062200,"Doberlug-Kirchhain, Stadt",41,8465,1723439,1723439,-
12062200,"Elsterland, Amtsverwaltung",55,4367,-,-,-
12062202,Heideland,50,466,-,-,-
12062204,Rückersdorf,50,1343,-,-,-
12062204,Schilda,50,432,-,-,-
12062204,Schönborn,50,1468,-,-,-
12062204,Tröbitz,50,658,-,-,-
12062400,"Bad Liebenwerda, Stadt",-,-,-,-,-
12062400,"Elsterwerda, Stadt",41,7740,3696389,-,-
12062400,"Herzberg (Elster), Stadt",41,8762,520343,520343,-
12062500,Crinitz,50,1144,-,-,-
12062500,"Kleine Elster (Niederlausitz), Amtsverwaltung",55,5337,1951659,1021875,929784
12062502,Lichterfeld-Schacksdorf,50,913,806977,-,745844
12062503,Massen-Niederlausitz,50,1877,450235,-,450235
12062504,Sallgast,50,1403,-,-,-
12062700,"Plessa, Amtsverwaltung",55,5931,337403,337403,-
12062701,Gorden-Staupitz,50,934,-,-,-
12062702,Hohenleipisch,50,1949,514962,514962,-
12062703,Plessa,50,2558,1566485,1566485,-
12062704,Schraden,50,490,-,-,-
12062800,"Falkenberg/Elster, Stadt",-,-,-,-,-
12062900,"Schlieben, Amtsverwaltung",55,5098,12680,12680,-
12062900,"Sonnewalde, Stadt",41,3191,-,-,-
12062901,Fichtwald,50,593,-,-,-
12062902,Hohenbucko,50,598,-,-,-
12062902,Kremitzaue,50,778,-,-,-
12062902,Lebusa,50,784,-,-,-
12062904,"Schlieben, Stadt",50,2345,135470,135470,-
12063000,"Falkensee, Stadt",41,44710,-,-,-
12063010,"Havelland, Landkreisverwaltung",32,168975,459979,459979,-
12063200,"Friesack, Amtsverwaltung",55,6591,-,-,-
12063200,"Friesack, Stadt",50,2552,3227002,3227002,-
12063200,"Rathenow, Stadt",41,24863,20043657,6851091,-
12063201,Wiesenaue,50,798,-,-,-
12063202,Mühlenberge,50,766,-,-,-
12063202,Paulinenaue,50,1324,320023,-,-
12063202,Pessin,50,645,-,-,-
12063202,Retzow,50,506,-,-,-
12063300,Schönwalde-Glien,41,10523,8118,8118,-
12063400,"Premnitz, Stadt",41,8238,1061690,-,-
12063600,Brieselang,41,12999,4790127,4790127,-
12063600,Dallgow-Döberitz,41,10822,-,-,-
12063600,"Nennhausen, Amtsverwaltung",55,4671,29167,29167,-
12063601,Kotzen,50,655,-,-,-
12063601,Märkisch Luch,50,1349,-,-,-
12063602,Nennhausen,50,1782,-,-,-
12063602,Stechow-Ferchesar,50,885,-,-,-
12063700,Wustermark,41,10905,12185849,12185849,-
12063800,"Ketzin/Havel, Stadt",41,6591,351795,351795,-
12063800,"Nauen, Stadt",41,19252,18723488,18723488,-
12063900,Gollenberg,50,398,-,-,-
12063900,Milower Land,41,4331,188322,188322,-
12063900,"Rhinow, Amtsverwaltung",55,4479,500000,500000,-
12063901,Großderschau,50,432,-,-,-
12063901,Havelaue,50,859,-,-,-
12063901,Kleßen-Görne,50,344,12370,12370,-
12063902,"Rhinow, Stadt",50,1564,1110728,1110728,-
12063902,Seeblick,50,882,11068,11068,-
12064000,"Neuhardenberg, Amtsverwaltung",-,-,-,-,-
12064000,Petershagen/Eggersdorf,41,15476,9266710,9266710,-
12064001,Gusow-Platkow,-,-,-,-,-
12064003,Märkische Höhe,-,-,-,-,-
12064003,Neuhardenberg,-,-,-,-,-
12064010,"Märkisch-Oderland, Landkreisverwaltung",32,197241,1597410,-,-
12064200,"Seelow-Land, Amtsverwaltung",55,8618,-,-,-
12064200,"Strausberg, Stadt",41,27097,11062504,11062504,-
12064200,"Wriezen, Stadt",41,7120,4858540,-,-
12064201,Falkenhagen (Mark),50,682,84189,84189,-
12064201,Fichtenhöhe,50,473,252720,252720,-
12064201,Gusow-Platkow,50,1414,38944,38944,-
12064202,Lietzen,50,665,-,-,-
12064202,Lindendorf,50,1338,113750,113750,-
12064203,Neuhardenberg,50,2567,286927,286927,-
12064204,Vierlinden,50,1479,357029,357029,-
12064300,Beiersdorf-Freudenberg,50,627,654550,-,-
12064300,"Falkenberg-Höhe, Amtsverwaltung",55,4614,1107570,1107570,-
12064301,Falkenberg,50,2222,2502775,-,-
12064302,Heckelberg-Brunow,50,713,105721,-,-
12064302,Höhenland,50,1052,468737,-,-
12064400,Alt Tucheband,50,816,738402,-,20813
12064400,"Bad Freienwalde (Oder), Stadt",41,11821,2919865,-,-
12064400,"Barnim-Oderbruch, Amtsverwaltung",55,6948,2606912,-,-
12064400,Bleyen-Genschmar,50,412,449923,449923,-
12064400,Bliesdorf,50,1389,67500,67500,-
12064400,"Golzow, Amtsverwaltung",55,5215,134689,-,-
12064400,Letschin,41,3815,8921741,-,-
12064401,Golzow,50,834,911207,-,351573
12064402,Küstriner Vorland,50,2513,1583821,1583821,-
12064403,Neulewin,50,945,480000,480000,-
12064403,Neutrebbin,50,1358,588437,-,-
12064403,Oderaue,50,1627,367306,-,-
12064403,Prötzel,50,1082,-,-,-
12064404,Reichenow-Möglin,50,547,12628,12628,-
12064405,Zechin,50,640,229844,-,-
12064600,Fredersdorf-Vogelsdorf,41,14471,22804061,22804061,-
12064600,"Lebus, Amtsverwaltung",55,6044,362380,-,-
12064600,Neuenhagen bei Berlin,41,19092,1501879,1501879,-
12064602,"Lebus, Stadt",50,3093,1040805,-,-
12064603,Podelzig,50,861,378292,378292,-
12064604,Reitwein,50,461,-,-,-
12064604,Treplin,50,358,-,-,-
12064605,Zeschdorf,50,1271,-,-,-
12064700,Hoppegarten,41,18369,18784060,-,-
12064700,"Müncheberg, Stadt",41,6909,1714066,1714066,-
12064800,"Buckow (Märkische Schweiz), Stadt",50,1553,1384580,1384580,-
12064800,"Märkische Schweiz, Amtsverwaltung",55,10852,-,-,-
12064800,Rüdersdorf bei Berlin,41,15652,4956479,-,-
12064800,"Seelow, Stadt",41,5475,9234511,9234511,-
12064801,Garzau-Garzin,50,503,-,-,-
12064803,Märkische Höhe,50,605,-,-,-
12064803,Oberbarnim,50,2009,-,-,-
12064804,Rehfelde,50,5310,4654120,4654120,-
12064804,Waldsieversdorf,50,872,-,-,-
12064900,"Altlandsberg, Stadt",41,9653,62593822,62593822,-
12065000,Leegebruch,41,6737,-,-,-
12065010,"Oberhavel, Landkreisverwaltung",32,217088,-,-,-
12065100,Oberkrämer,41,12223,-,-,-
12065200,"Gransee und Gemeinden, Amtsverwaltung",55,8990,4592993,2783624,-
12065200,"Velten, Stadt",41,12535,3592143,-,-
12065201,"Gransee, Stadt",50,5873,2403857,-,-
12065201,Großwoltersdorf,50,742,-,-,-
12065202,Schönermark,50,413,65818,-,-
12065203,Sonnenberg,50,842,150898,-,-
12065203,Stechlin,50,1120,52173,52173,-
12065300,"Liebenwalde, Stadt",41,4404,-,-,-
12065400,"Fürstenberg/Havel, Stadt",41,5807,788135,788135,-
12065400,"Hohen Neuendorf, Stadt",41,26719,19062555,-,-
12065500,"Kremmen, Stadt",41,7505,4029919,-,-
12065500,Mühlenbecker Land,41,15254,-,-,-
12065600,Birkenwerder,41,7912,-,-,-
12065600,Glienicke/Nordbahn,41,12097,-,-,-
12065600,"Hennigsdorf, Stadt",41,26816,21635747,21635747,-
12065600,"Oranienburg, Stadt",41,48570,3864757,3864757,-
12065600,"Zehdenick, Stadt",41,12991,838961,838961,-
12065800,Löwenberger Land,41,8528,-,-,-
12066000,"Vetschau/Spreewald, Stadt",41,7647,5021126,-,-
12066010,"Oberspreewald-Lausitz, Landkreisverwaltung",32,108620,-,-,-
12066100,Altdöbern,50,2344,-,-,-
12066100,"Altdöbern, Amtsverwaltung",55,5390,-,-,-
12066100,Bronkow,50,536,-,-,-
12066102,Luckaitztal,50,744,622757,382301,-
12066102,Neu-Seeland,50,582,-,-,-
12066102,Neupetershain,50,1184,658486,-,-
12066200,"Calau, Stadt",41,7705,3003896,-,-
12066200,"Großräschen, Stadt",41,8461,2783811,2783811,-
12066400,"Senftenberg, Stadt",41,23640,855556,-,-
12066500,Schipkau,41,6797,1340310,1340310,-
12066600,Frauendorf,50,706,-,-,-
12066600,"Lauchhammer, Stadt",41,14333,7015291,7015291,-
12066600,"Lübbenau/Spreewald, Stadt",41,15646,26047411,-,-
12066600,"Ortrand, Amtsverwaltung",55,6016,-,-,-
12066600,"Schwarzheide, Stadt",41,5841,9281997,3581997,5700000
12066601,Großkmehlen,50,1038,-,-,-
12066601,Kroppen,50,716,155000,155000,-
12066601,Lindenau,50,754,298638,298638,-
12066602,"Ortrand, Stadt",50,2034,992936,992936,-
12066603,Tettau,50,768,509642,509642,-
12066700,"Ruhland, Amtsverwaltung",55,7144,-,-,-
12066701,Grünewald,50,533,-,-,-
12066701,Guteborn,50,539,-,-,-
12066701,Hermsdorf,50,730,-,-,-
12066701,Hohenbocka,50,990,-,-,-
12066702,"Ruhland, Stadt",50,3711,167770,167770,-
12066702,Schwarzbach,50,641,-,-,-
12067000,"Eisenhüttenstadt, Stadt",41,24690,8788937,3577668,-
12067000,Schöneiche bei Berlin,41,13002,8530995,2263477,-
12067010,"Oder-Spree, Landkreisverwaltung",32,179627,-,-,-
12067100,Brieskow-Finkenheerd,50,2294,988802,988802,-
12067100,"Brieskow-Finkenheerd, Amtsverwaltung",55,7396,-,-,-
12067100,Grünheide (Mark),41,8912,6805352,6805352,-
12067100,"Storkow (Mark), Stadt",41,9100,7143228,6597553,-
12067101,Groß Lindow,50,1684,10216,10216,-
12067105,Vogelsang,50,734,-,-,-
12067105,Wiesenau,50,1231,62757,62757,-
12067105,Ziltendorf,50,1453,186000,186000,-
12067300,Steinhöfel,-,-,-,-,-
12067300,Tauche,41,3712,881625,-,-
12067400,"Erkner, Stadt",41,11685,3445933,-,-
12067400,"Fürstenwalde/Spree, Stadt",41,31971,27298654,26395111,903543
12067400,Woltersdorf,41,8405,3788045,-,-
12067500,"Neuzelle, Amtsverwaltung",55,6402,1897400,-,-
12067502,Lawitz,50,565,-,-,-
12067503,Neißemünde,50,1602,-,-,-
12067503,Neuzelle,50,4235,-,-,-
12067600,"Beeskow, Stadt",41,7894,4415623,3120018,-
12067600,Berkenbrück,50,1055,168837,-,-
12067600,Briesen (Mark),50,2944,926075,926075,-
12067600,"Odervorland, Amtsverwaltung",55,10295,776079,776079,-
12067600,Rietz-Neuendorf,41,4090,103870,-,-
12067602,Jacobsdorf,50,1864,1482119,1482119,-
12067604,Steinhöfel,50,4432,1784277,1784277,-
12067700,Bad Saarow,50,6324,6872580,-,-
12067700,"Friedland, Stadt",41,2986,-,-,-
12067700,"Scharmützelsee, Amtsverwaltung",55,10671,-,-,-
12067701,Diensdorf-Radlow,50,616,-,-,-
12067702,Langewahl,50,856,1436220,1436220,-
12067704,Reichenwalde,50,1232,-,-,-
12067705,Wendisch Rietz,50,1643,-,-,-
12067800,"Schlaubetal, Amtsverwaltung",55,9741,-,-,-
12067802,Grunow-Dammendorf,50,483,228806,228806,-
12067803,Mixdorf,50,902,-,-,-
12067803,"Müllrose, Stadt",50,4537,296058,296058,-
12067803,Ragow-Merz,50,526,-,-,-
12067804,Schlaubetal,50,1804,-,-,-
12067804,Siehdichum,50,1489,-,-,-
12067900,"Spreenhagen, Amtsverwaltung",55,8675,-,-,-
12067901,Gosen-Neu Zittau,50,3215,-,-,-
12067904,Rauen,50,2000,-,-,-
12067904,Spreenhagen,50,3460,-,-,-
12068000,"Neuruppin, Stadt",41,31890,8063163,8063163,-
12068010,"Ostprignitz-Ruppin, Landkreisverwaltung",32,99518,6330172,6330172,-
12068100,Heiligengrabe,41,4340,1119081,1119081,-
12068300,"Rheinsberg, Stadt",41,7791,1970399,1970399,-
12068400,"Kyritz, Stadt",41,9043,3673791,3673791,-
12068400,"Lindow (Mark), Amtsverwaltung",55,4542,-,-,-
12068401,Herzberg (Mark),50,647,125350,125350,-
12068402,"Lindow (Mark), Stadt",50,2946,398783,398783,-
12068403,Rüthnick,50,458,-,-,-
12068404,Vielitzsee,50,491,-,-,-
12068500,Breddin,50,885,61075,-,-
12068500,"Neustadt (Dosse), Amtsverwaltung",55,7690,6230385,6230385,-
12068501,Dreetz,50,1142,84655,-,-
12068503,"Neustadt (Dosse), Stadt",50,3460,241107,152381,-
12068504,Sieversdorf-Hohenofen,50,686,167023,167023,-
12068504,Stüdenitz-Schönermark,50,587,-,-,-
12068505,Zernitz-Lohm,50,930,101975,-,-
12068700,Dabergotz,50,655,480465,480465,-
12068700,Fehrbellin,41,9012,677183,677183,-
12068700,"Temnitz, Amtsverwaltung",55,5424,1604602,1604602,-
12068700,Wusterhausen/Dosse,41,5775,2527550,-,-
12068703,Märkisch Linden,50,1230,-,-,-
12068704,Storbeck-Frankendorf,50,474,-,-,-
12068704,Temnitzquell,50,781,26601,-,-
12068704,Temnitztal,50,1466,67557,-,-
12068704,Walsleben,50,818,16503,-,-
12068800,"Wittstock/Dosse, Stadt",41,14011,9462779,-,-
12069000,"Bad Belzig, Stadt",41,11066,8498206,7048206,-
12069000,"Niemegk, Amtsverwaltung",55,4682,137145,137145,-
12069000,Schwielowsee,41,10635,4368155,4368155,-
12069004,Mühlenfließ,50,920,-,-,-
12069004,"Niemegk, Stadt",50,2038,663642,-,-
12069004,Planetal,50,896,-,-,-
12069004,Rabenstein/Fläming,50,828,47178,-,-
12069010,"Potsdam-Mittelmark, Landkreisverwaltung",32,219742,-,-,-
12069200,Beetzsee,50,2713,-,-,-
12069200,"Beetzsee, Amtsverwaltung",55,8430,1707900,1707900,-
12069200,Beetzseeheide,50,748,-,-,-
12069200,"Treuenbrietzen, Stadt",41,7571,10065744,3165744,6900000
12069202,"Havelsee, Stadt",50,3234,-,-,-
12069204,Päwesin,50,533,54398,54398,-
12069205,Roskow,50,1202,417494,-,-
12069400,Borkheide,50,2198,1857450,1857450,-
12069400,Borkwalde,50,1996,3360003,3360003,-
12069400,"Brück, Amtsverwaltung",55,11731,2079685,2079685,-
12069400,"Brück, Stadt",50,4230,6827206,6827206,-
12069400,Kleinmachnow,41,19321,-,-,-
12069400,Nuthetal,41,9274,2166187,2166187,-
12069400,Stahnsdorf,41,15912,23200000,-,-
12069402,Golzow,50,1396,743021,743021,-
12069403,Linthe,50,905,-,-,-
12069404,Planebruch,50,1006,-,-,-
12069500,Wiesenburg/Mark,41,4170,9130049,7183850,-
12069600,Kloster Lehnin,41,11147,865160,-,-
12069600,Seddiner See,41,4686,1102381,-,-
12069600,"Teltow, Stadt",41,27380,-,-,-
12069600,"Werder (Havel), Stadt",41,26939,10142017,-,-
12069700,"Beelitz, Stadt",41,13403,20869423,19519142,1331182
12069700,Bensdorf,50,1244,-,-,-
12069700,Michendorf,41,13658,222112,222112,-
12069700,"Wusterwitz, Amtsverwaltung",55,5035,-,-,-
12069705,Rosenau,50,845,-,-,-
12069706,Wusterwitz,50,2946,68468,68468,-
12069800,Buckautal,50,480,-,-,-
12069800,"Ziesar, Amtsverwaltung",55,5928,-,-,-
12069802,Gräben,50,488,-,-,-
12069802,Görzke,50,1207,574282,-,-
12069806,Wenzlow,50,539,-,-,-
12069806,Wollin,50,834,-,-,-
12069806,"Ziesar, Stadt",50,2380,1389976,1389976,-
12069900,Groß Kreutz (Havel),41,8774,318032,318032,-
12070010,"Prignitz, Landkreisverwaltung",32,76245,-,-,-
12070100,"Bad Wilsnack, Stadt",50,2529,293757,293757,-
12070100,"Bad Wilsnack/Weisen, Amtsverwaltung",55,6143,67545,67545,-
12070100,Breese,50,1526,1454466,-,-
12070102,Legde/Quitzöbel,50,609,-,-,-
12070103,Rühstädt,50,474,-,-,-
12070104,Weisen,50,1005,60160,60160,-
12070200,Plattenburg,41,3239,156754,156754,-
12070300,Karstädt,41,5876,-,-,-
12070400,"Wittenberge, Stadt",41,17014,2347545,2347545,-
12070500,Cumlosen,50,719,74982,-,-
12070500,Groß Pankow (Prignitz),41,3871,347244,-,-
12070500,"Lenzen-Elbtalaue, Amtsverwaltung",55,3867,12543,-,-
12070502,Lanz,50,702,48347,-,-
12070502,"Lenzen (Elbe), Stadt",50,2010,446494,-,-
12070502,Lenzerwische,50,436,-,-,-
12070600,Gerdshagen,50,459,-,-,-
12070600,"Meyenburg, Amtsverwaltung",55,4117,65000,65000,-
12070600,"Perleberg, Stadt",41,12222,3942286,-,-
12070600,"Pritzwalk, Stadt",41,11958,2510108,-,-
12070601,Halenbeck-Rohlsdorf,50,524,44542,44542,-
12070602,Kümmernitztal,50,362,-,-,-
12070602,Marienfließ,50,707,-,-,-
12070602,"Meyenburg, Stadt",50,2065,658333,658333,-
12070900,Berge,50,730,-,-,-
12070900,Gumtow,41,3258,-,-,-
12070900,"Putlitz-Berge, Amtsverwaltung",55,4680,-,-,-
12070901,Gülitz-Reetz,50,455,163025,-,-
12070903,Pirow,50,425,-,-,-
12070903,"Putlitz, Stadt",50,2570,1670215,1670215,-
12070903,Triglitz,50,500,-,-,-
12071000,"Guben, Stadt",41,16106,19259903,-,-
12071010,"Spree-Neiße, Landkreisverwaltung",32,110838,23948255,-,-
12071100,Briesen,50,776,485591,-,-
12071100,Burg (Spreewald),50,4162,4414008,4414008,-
12071100,"Burg (Spreewald), Amtsverwaltung",55,8991,5696192,-,-
12071100,Dissen-Striesow,50,962,1208542,1208542,-
12071100,Neuhausen/Spree,41,4854,671802,671802,-
12071101,Guhrow,50,504,72319,72319,-
12071103,Schmogrow-Fehrow,50,804,758691,758691,-
12071104,Werben,50,1783,1649993,1649993,-
12071200,"Döbern, Stadt",50,3109,6397944,-,-
12071200,"Döbern-Land, Amtsverwaltung",55,10203,6788318,6255669,-
12071200,Felixsee,50,1791,1207242,79493,1127749
12071200,"Spremberg, Stadt",41,21341,3724837,3724837,-
12071201,Groß Schacksdorf-Simmersdorf,50,787,7062,-,-
12071201,Jämlitz-Klein Düben,50,431,-,-,-
12071202,Neiße-Malxetal,50,1565,281922,-,-
12071203,Tschernitz,50,1167,3928453,-,-
12071204,Wiesengrund,50,1353,301631,77840,223791
12071400,Kolkwitz,41,9205,2292768,2292768,-
12071600,"Forst (Lausitz), Stadt",41,17370,24434023,-,23835653
12071700,Drachhausen,50,743,-,-,-
12071700,"Drebkau, Stadt",41,5484,4859710,-,-
12071700,Drehnow,50,520,-,-,-
12071700,"Peitz, Amtsverwaltung",55,10618,-,-,-
12071700,Schenkendöbern,41,3444,602854,-,-
12071701,Heinersbrück,50,580,316861,192244,-
12071701,Jänschwalde,50,1550,-,-,-
12071703,"Peitz, Stadt",50,4330,3468671,-,-
12071703,Tauer,50,715,-,-,-
12071703,Teichland,50,1079,-,-,-
12071704,Turnow-Preilack,50,1101,-,-,-
12071800,"Welzow, Stadt",41,3222,148581,148581,-
12072000,Großbeeren,41,9440,2790605,-,-
12072000,"Ludwigsfelde, Stadt",41,28699,717324,-,-
12072000,Rangsdorf,41,11724,7361423,7361423,-
12072010,"Teltow-Fläming, Landkreisverwaltung",32,176568,8839166,-,-
12072200,Am Mellensee,41,7153,2357864,-,-
12072200,"Luckenwalde, Stadt",41,20791,15846200,-,-
12072200,Nuthe-Urstromtal,41,6390,1097236,1097236,-
12072400,"Baruth/Mark, Stadt",41,4209,2536744,2536744,-
12072400,"Dahme/Mark, Amtsverwaltung",55,9113,966527,966527,-
12072400,"Dahme/Mark, Stadt",50,4953,992867,992867,-
12072400,Dahmetal,50,456,-,-,-
12072401,Ihlow,50,660,-,-,-
12072402,Niederer Fläming,50,3044,-,-,-
12072600,"Trebbin, Stadt",41,9751,1088932,1088932,-
12072700,Blankenfelde-Mahlow,41,29174,-,-,-
12072700,Niedergörsdorf,41,6193,1970843,-,-
12072700,"Zossen, Stadt",41,21111,4459609,-,-
12072900,"Jüterbog, Stadt",41,12820,4846309,-,-
12073000,Berkholz-Meyenburg,-,-,-,-,-
12073000,"Oder-Welse, Amtsverwaltung",-,-,-,-,-
12073003,Mark Landin,-,-,-,-,-
12073004,Pinnow,-,-,-,-,-
12073005,Schöneberg,-,-,-,-,-
12073006,Passow,-,-,-,-,-
12073010,"Uckermark, Landkreisverwaltung",32,117891,4993466,4993466,-
12073104,Pinnow,45,915,5474325,-,-
12073105,"Schwedt/Oder, Stadt",44,33642,4422589,4422589,-
12073200,"Prenzlau, Stadt",41,19011,52663,52663,-
12073200,"Schwedt/Oder, Stadt",-,-,-,-,-
12073200,"Templin, Stadt",41,15584,1483232,-,-
12073300,"Brüssow (Uckermark), Amtsverwaltung",55,4377,-,-,-
12073300,"Brüssow, Stadt",50,1797,928487,-,-
12073300,Carmzow-Wallmow,50,579,472803,472803,-
12073302,Göritz,50,788,486827,486827,-
12073304,Schenkenberg,50,640,436057,436057,-
12073305,Schönfeld,50,573,1951328,1951328,-
12073400,Casekow,50,1802,391908,391908,-
12073400,"Gartz (Oder), Amtsverwaltung",55,6387,-,-,-
12073400,"Lychen, Stadt",41,3123,579737,579737,-
12073401,"Gartz (Oder), Stadt",50,2370,689619,689619,-
12073403,Hohenselchow-Groß Pinnow,50,691,397724,397724,-
12073403,Mescherin,50,739,140012,140012,-
12073405,Tantow,50,785,575654,575654,-
12073500,"Gerswalde, Amtsverwaltung",55,4271,53608,53608,-
12073501,Flieth-Stegelitz,50,495,777670,-,-
12073502,Gerswalde,50,1496,1340123,1340123,-
12073503,Milmersdorf,50,1396,3225773,3225773,-
12073504,Mittenwalde,50,387,518539,-,-
12073505,Temmen-Ringenwalde,50,497,76503,-,-
12073600,"Gramzow, Amtsverwaltung",55,6665,120120,-,-
12073602,Gramzow,50,1755,96194,-,-
12073602,Grünow,50,980,-,-,-
12073604,Oberuckersee,50,1595,435147,435147,-
12073604,Randowtal,50,867,523375,523375,-
12073605,Uckerfelde,50,967,106179,106179,-
12073606,Zichow,50,501,104334,-,-
12073800,"Angermünde, Stadt",41,14263,4990489,4990489,-
12073900,Boitzenburger Land,41,2985,1533382,-,-
12073900,Nordwestuckermark,41,4173,2950162,-,-
12073900,Uckerland,41,2495,180146,-,-
13003000,"Rostock, kreisfreie Stadt, Hanse- und Universitätsstadt",30,203981,133583177,22337518,-
13004000,"Schwerin, kreisfreie Stadt, Landeshauptstadt",30,97591,194415194,102705027,18649884
13071000,Grabowhöfe,50,1339,414196,395505,-
13071000,Groß Plasten,50,1038,-,-,-
13071000,Hohen Wangelin,50,592,2021135,1254545,-
13071000,Jabel,50,613,629075,522868,-
13071000,Kargow,50,639,-,-,-
13071000,Klink,50,1039,569665,547338,-
13071000,Klocksin,50,329,98544,98544,-
13071000,"Neustrelitz, Residenzstadt",41,20035,-,-,-
13071000,"Seenlandschaft Waren, Amtsverwaltung",55,9085,-,-,-
13071001,Moltzow,50,851,794140,648763,-
13071001,Peenehagen,50,991,56882,-,-
13071001,Schloen-Dratow,50,836,-,-,-
13071001,Torgelow am See,50,413,-,-,-
13071001,Varchentin,-,-,-,-,-
13071001,Vollrathsruhe,50,405,281884,-,-
13071010,"Mecklenburgische Seenplatte, Landkreisverwaltung",32,247704,114556537,107984194,-
13071100,Beggerow,50,480,2139236,2139236,-
13071100,Borrentin,50,740,1403393,1311093,-
13071100,"Burg Stargard, Stadt",50,5107,1228357,-,-
13071100,Cölpin,50,885,277563,277563,-
13071100,"Demmin-Land, Amtsverwaltung",55,6579,-,-,-
13071100,Groß Nemerow,50,1129,1780638,1780638,-
13071100,Hohenbollentin,50,102,-,-,-
13071100,Hohenmocker,50,443,-,-,-
13071100,Holldorf,50,752,125073,-,-
13071100,Kentzlin,50,191,-,-,-
13071100,Kletzin,50,655,-,-,-
13071100,Lindenberg,50,196,182456,182456,-
13071100,Lindetal,50,1152,-,-,-
13071100,Meesiger,50,218,-,-,-
13071100,"Stargarder Land, Amtsverwaltung",55,9582,-,-,-
13071101,Nossendorf,50,639,224504,203930,-
13071101,Pragsdorf,50,557,494135,-,-
13071101,Sarow,50,701,-,-,-
13071101,Schönfeld,50,352,-,-,-
13071101,Siedenbrünzow,50,438,-,-,-
13071101,Sommersdorf,50,255,-,-,-
13071101,Utzedel,50,426,-,-,-
13071101,Verchen,50,383,-,-,-
13071101,Warrenzin,50,360,-,-,-
13071200,Bredenfelde,50,181,158071,117164,-
13071200,Briggow,50,307,67082,67082,-
13071200,Datzetal,50,874,-,-,-
13071200,"Friedland, Amtsverwaltung",55,7911,-,-,-
13071200,"Friedland, Stadt",50,5941,2287170,2287170,-
13071200,Galenbeck,50,1096,469740,-,-
13071200,Genzkow,-,-,-,-,-
13071200,Grammentin,50,246,-,-,-
13071200,Gülzow,50,390,123682,27013,-
13071200,Ivenack,50,787,1158022,1135694,-
13071200,Jürgenstorf,50,986,59349,-,-
13071200,Kittendorf,50,271,292402,281238,-
13071200,Knorrendorf,50,518,863997,92940,-
13071200,"Stavenhagen, Amtsverwaltung",55,10694,-,-,-
13071201,Mölln,50,512,1527495,1431547,-
13071201,Ritzerow,50,361,510043,470948,-
13071201,Rosenow,50,988,1693609,1528014,-
13071201,"Stavenhagen, Reuterstadt",50,4885,-,-,-
13071201,Zettemin,50,262,621620,569480,-
13071300,Altenhagen,50,305,212261,38091,170340
13071300,"Altentreptow, Stadt",50,5058,4786426,1437886,-
13071300,Bartow,50,411,958416,958416,-
13071300,Basedow,50,674,12730,1410,-
13071300,Breesen,50,497,902599,902599,-
13071300,Breest,50,114,218305,-,-
13071300,Burow,50,865,3387963,-,-
13071300,Duckow,-,-,-,-,-
13071300,Faulenrost,50,591,234527,212964,21563
13071300,Feldberger Seenlandschaft,41,4373,2895050,-,597316
13071300,Gielow,50,1029,72596,-,-
13071300,Gnevkow,50,294,231378,231378,-
13071300,Golchen,50,273,185891,-,-
13071300,Grapzow,50,365,1141856,1141856,-
13071300,Grischow,50,232,66829,66829,-
13071300,Groß Teetzleben,50,664,282576,35842,-
13071300,Gültz,50,508,596557,578561,-
13071300,Kriesow,50,312,-,-,-
13071300,"Kummerow, Seegemeinde",50,551,780409,780409,-
13071300,"Malchin am Kummerower See, Amtsverwaltung",55,11299,-,-,-
13071300,"Malchin, Stadt",50,6790,1769744,1317034,-
13071300,"Treptower Tollensewinkel, Amtsverwaltung",55,12977,45536,45536,-
13071301,"Neukalen, Peenestadt",50,1664,666049,664799,-
13071301,Pripsleben,50,229,274166,-,-
13071301,Röckwitz,50,257,82498,-,-
13071301,Siedenbollentin,50,530,2127590,-,-
13071301,Tützpatz,50,538,661910,-,-
13071301,Werder,50,508,1272067,1272067,-
13071301,Wildberg,50,464,1138999,-,-
13071301,Wolde,50,553,1087369,1087369,-
13071400,Alt Schwerin,50,527,-,-,-
13071400,Fünfseen,50,909,731868,-,-
13071400,Groß Miltzow,50,981,73788,73788,-
13071400,Göhren-Lebbin,50,550,93357,93357,-
13071400,Kublank,50,161,7923,-,-
13071400,"Malchow, Amtsverwaltung",55,9841,3528,-,-
13071400,"Malchow, Inselstadt",50,6064,7132366,624885,-
13071400,"Woldegk, Amtsverwaltung",55,6185,-,-,-
13071401,Neetzka,50,221,27166,-,-
13071401,Nossentiner Hütte,50,580,298984,11752,-
13071401,Penkow,50,275,261665,76671,-
13071401,Petersdorf,-,-,-,-,-
13071401,Schönbeck,50,466,93102,10775,71905
13071401,Schönhausen,50,215,207945,190713,-
13071401,Silz,50,302,-,-,-
13071401,Voigtsdorf,50,102,61846,-,-
13071401,Walow,50,452,300565,300565,-
13071401,"Woldegk, Windmühlenstadt",50,4039,77951,77951,-
13071401,Zislow,50,182,79500,79500,-
13071500,"Mecklenburgische Kleinseenplatte, Amtsverwaltung",55,7940,1644799,-,-
13071500,"Mirow, Stadt",50,3826,1427933,1427933,-
13071501,Priepert,50,320,110877,110877,-
13071501,"Wesenberg, Stadt",50,3021,308883,308883,-
13071501,Wustrow,50,773,-,-,-
13071600,Blankensee,50,1550,191436,-,-
13071600,Blumenholz,50,779,-,-,-
13071600,Carpin,50,830,-,-,-
13071600,Godendorf,50,236,-,-,-
13071600,Grünow,50,321,-,-,-
13071600,Hohenzieritz,50,445,20972,20972,-
13071600,Klein Vielen,50,644,-,-,-
13071600,Kratzeburg,50,555,-,-,-
13071600,"Neustrelitz-Land, Amtsverwaltung",55,7382,-,-,-
13071600,"Waren (Müritz), Stadt",41,20356,1262070,-,-
13071601,Möllenbeck,50,749,400474,-,-
13071601,Userin,50,697,-,-,-
13071601,Wokuhl-Dabelow,50,576,-,-,-
13071700,Beseritz,50,123,-,-,-
13071700,Blankenhof,50,722,-,-,-
13071700,Brunn,50,1059,634346,634346,-
13071700,"Dargun, Stadt",41,4173,-,-,-
13071700,"Neubrandenburg, Vier-Tore-Stadt",41,60740,10044801,1319138,52500
13071700,"Neverin, Amtsverwaltung",55,8800,-,-,-
13071701,Neddemin,50,340,-,-,-
13071701,Neuenkirchen,50,1133,-,-,-
13071701,Neverin,50,1013,-,-,-
13071701,Sponholz,50,752,-,-,-
13071701,Staven,50,368,263241,-,-
13071701,Trollenhagen,50,912,590868,-,-
13071701,Woggersin,50,515,-,-,-
13071701,Wulkenzin,50,1513,-,-,-
13071701,Zirzow,50,350,-,-,-
13071800,"Ankershagen, Schliemanngemeinde",50,507,131249,60567,-
13071800,"Penzliner Land, Amtsverwaltung",55,6595,13733,-,-
13071801,Kuckssee,50,562,944637,99072,834002
13071801,Möllenhagen,50,1493,5310845,21058,4836537
13071801,"Penzlin, Stadt",50,4033,6309362,2026768,875208
13071900,Altenhof,50,320,-,-,-
13071900,Bollewick,50,609,92181,86480,-
13071900,Buchholz,50,124,-,-,-
13071900,Bütow,50,449,-,-,-
13071900,"Demmin, Hansestadt",41,9614,3840000,3840000,-
13071900,Fincken,50,470,-,-,-
13071900,Gotthun,50,314,-,-,-
13071900,Grabow-Below,-,-,-,-,-
13071900,Groß Kelle,50,99,4997,4997,-
13071900,Kieve,50,131,-,-,-
13071900,Leizen,50,449,-,-,-
13071900,Ludorf,-,-,-,-,-
13071900,Lärz,50,469,295024,295024,-
13071900,Massow,-,-,-,-,-
13071900,Melz,50,303,4405,4405,-
13071900,"Röbel-Müritz, Amtsverwaltung",55,13543,172868,172868,-
13071901,Eldetal,50,871,2473,2473,-
13071901,Priborn,50,340,10942,-,-
13071901,Rechlin,50,1827,21518,21518,-
13071901,"Röbel/Müritz, Stadt",50,4812,268828,268828,-
13071901,Schwarz,50,340,-,-,-
13071901,Sietow,50,585,-,-,-
13071901,Stuer,50,250,3193,-,-
13071901,Südmüritz,50,781,54000,54000,-
13071901,Vipperow,-,-,-,-,-
13071901,Wredenhagen,-,-,-,-,-
13071901,Zepkow,-,-,-,-,-
13072000,Bentwisch,50,3556,1868420,1868420,-
13072000,Blankenhagen,50,1123,260241,-,-
13072000,Gelbensande,50,1804,-,-,-
13072000,"Kühlungsborn, Ostseebad, Stadt",41,8027,-,-,-
13072000,Mönchhagen,50,1281,449545,449545,-
13072000,"Rostocker Heide, Amtsverwaltung",55,10483,535991,-,-
13072000,Rövershagen,50,2719,799832,799832,-
13072010,"Rostock, Landkreisverwaltung",32,218559,43005099,34863995,-
13072100,Admannshagen-Bargeshagen,50,2912,198810,198810,-
13072100,"Bad Doberan-Land, Amtsverwaltung",55,12348,1717527,745367,-
13072100,Bartenshagen-Parkentin,50,1343,248473,-,-
13072100,Benitz,50,406,-,-,-
13072100,Bröbberow,50,678,1355310,1260739,-
13072100,"Börgerende-Rethwisch, Ostseebad",50,1602,-,-,-
13072100,Hohenfelde,50,770,-,-,-
13072100,Kassow,50,359,-,-,-
13072100,"Nienhagen, Ostseebad",50,2258,-,-,-
13072100,Reddelich,50,1009,1324783,1324783,-
13072100,Retschow,50,975,689222,-,-
13072100,Rukieten,50,367,-,-,-
13072100,Sanitz,41,6465,-,-,-
13072100,"Schwaan, Amtsverwaltung",55,7963,-,-,-
13072100,"Schwaan, Stadt",50,4951,650001,-,-
13072100,Steffenshagen,50,581,-,-,-
13072101,Vorbeck,50,389,-,-,-
13072101,Wiendorf,50,813,-,-,-
13072101,Wittenbeck,50,898,17950,-,-
13072200,Baumgarten,50,832,-,-,-
13072200,Bernitt,50,1575,26844,-,-
13072200,"Bützow, Stadt",50,7709,179717,-,-
13072200,"Bützow-Land, Amtsverwaltung",55,16154,-,-,-
13072200,Cammin,50,794,115000,-,-
13072200,Dreetz,50,192,-,-,-
13072200,Gnewitz,50,275,-,-,-
13072200,Grammow,50,160,-,-,-
13072200,Jürgenshagen,50,1141,2778,2778,-
13072200,Klein Belitz,50,814,-,-,-
13072200,Nustrow,50,182,38835,-,-
13072200,Penzin,50,139,-,-,-
13072200,Rühn,50,616,-,-,-
13072200,Selpin,50,490,34375,-,-
13072200,"Tessin, Amtsverwaltung",55,7091,-,-,-
13072201,Steinhagen,50,667,52713,-,-
13072201,Stubbendorf,50,165,-,-,-
13072201,Tarnow,50,1087,62503,13886,-
13072201,"Tessin, Blumenstadt",50,4084,2165104,1411764,-
13072201,Thelkow,50,474,30616,30616,-
13072201,Warnow,50,919,-,-,-
13072201,Zarnewanz,50,467,-,-,-
13072201,Zepelin,50,463,-,-,-
13072300,Broderstorf,50,3766,-,-,-
13072300,"Carbäk, Amtsverwaltung",55,7907,1846132,561318,-
13072300,Elmenhorst/Lichtenhagen,50,4189,-,-,-
13072300,"Güstrow, Barlachstadt",41,28926,5149620,1318792,-
13072300,Kritzmow,50,3900,26652,26652,-
13072300,Lambrechtshagen,50,2931,-,-,-
13072300,Papendorf,50,2528,426342,426342,-
13072300,Poppendorf,50,714,-,-,-
13072300,Pölchow,50,945,160208,17079,-
13072300,Roggentin,50,2755,-,-,-
13072300,Satow,41,6247,5420087,-,-
13072300,Stäbelow,50,1359,-,-,-
13072300,"Warnow-West, Amtsverwaltung",55,17297,443979,55486,78381
13072301,Thulendorf,50,672,-,-,-
13072301,Ziesendorf,50,1445,29887,29887,-
13072400,Altkalen,50,790,58883,29477,-
13072400,Behren-Lübchin,50,930,164783,-,-
13072400,Boddin,-,-,-,-,-
13072400,Finkenthal,50,336,14303,14303,-
13072400,"Gnoien, Amtsverwaltung",55,5681,185717,-,-
13072400,"Gnoien, Warbelstadt",50,2714,369657,272145,-
13072400,Lühburg,-,-,-,-,-
13072400,"Neubukow, Schliemannstadt",41,3969,789150,-,-
13072401,Walkendorf,50,911,533805,449080,-
13072500,Glasewitz,50,422,-,-,-
13072500,Groß Schwiesow,50,307,-,-,-
13072500,Gutow,50,1001,-,-,-
13072500,Gülzow-Prüzen,50,1523,202976,23726,-
13072500,"Güstrow-Land, Amtsverwaltung",55,9572,-,-,-
13072500,Klein Upahl,50,229,-,-,-
13072500,Kuhs,50,314,155499,155499,-
13072500,Lohmen,50,819,591329,591329,-
13072500,Lüssow,50,966,452885,123767,-
13072500,Mistorf,50,615,-,-,-
13072500,Mühl Rosin,50,1109,-,-,-
13072500,Plaaz,50,750,-,-,-
13072500,Reimershagen,50,371,-,-,-
13072500,Sarmstorf,50,491,-,-,-
13072501,Zehna,50,655,-,-,-
13072600,"Bad Doberan, Stadt",41,12986,4188250,-,-
13072600,Dobbin-Linstow,50,487,24665,19523,-
13072600,"Graal-Müritz, Ostseeheilbad",41,4210,4326464,4298309,-
13072600,Hoppenrade,50,593,28613,-,-
13072600,"Krakow am See, Amtsverwaltung",55,8721,-,-,-
13072600,"Krakow am See, Stadt",50,3431,215847,-,-
13072600,Kuchelmiß,50,675,296343,233067,-
13072600,Lalendorf,50,3535,536469,53978,-
13072600,"Teterow, Bergringstadt",41,8313,284774,-,-
13072700,Diekhof,-,-,-,-,-
13072700,Dolgen am See,50,637,-,-,-
13072700,Hohen Sprenz,50,515,173516,173516,-
13072700,"Laage, Amtsverwaltung",55,8686,-,-,-
13072700,"Laage, Stadt",50,6233,2878844,2878844,-
13072701,Wardow,50,1301,-,-,-
13072800,Alt Sührkow,50,390,252117,16836,-
13072800,Dahmen,50,460,173089,173089,-
13072800,Dalkendorf,50,259,140585,101860,38725
13072800,Groß Roge,50,600,366229,366229,-
13072800,Groß Wokern,50,1010,542646,542646,-
13072800,Groß Wüstenfelde,50,790,118265,-,-
13072800,Hohen Demzin,50,375,270159,208338,61821
13072800,Jördenstorf,50,1079,1526567,1526567,-
13072800,"Kröpelin, Stadt",41,4809,362580,184416,-
13072800,Lelkendorf,50,414,246918,-,-
13072800,"Mecklenburgische Schweiz, Amtsverwaltung",55,8172,38637,38637,-
13072800,Prebberede,50,740,24863,24863,-
13072800,Schorssow,50,436,325574,325574,-
13072800,Schwasdorf,50,437,61540,61540,-
13072801,Sukow-Levitzow,50,497,401580,6840,81466
13072801,Thürkow,50,378,266386,202345,-
13072801,Warnkenhagen,50,307,429429,45026,384403
13072900,Alt Bukow,50,526,-,-,-
13072900,Am Salzhaff,50,533,-,-,-
13072900,Bastorf,50,1176,22052,-,-
13072900,Biendorf,50,1314,152683,-,-
13072900,Carinerland,50,1348,-,-,-
13072900,Dummerstorf,41,7480,-,-,-
13072900,Kirch Mulsow,-,-,-,-,-
13072900,"Neubukow-Salzhaff, Amtsverwaltung",55,7052,116172,-,-
13072900,"Rerik, Ostseebad, Stadt",50,2155,129360,79711,-
13073000,"Bad Sülze, Stadt",50,1683,-,-,-
13073000,Dettmannsdorf,50,1011,1438468,-,308093
13073000,Deyelsdorf,50,459,-,-,-
13073000,Drechow,50,216,-,-,-
13073000,Eixen,50,690,26902,-,-
13073000,Grammendorf,50,513,-,-,-
13073000,Gransebieth,50,526,-,-,-
13073000,Hugoldsdorf,50,126,61001,-,-
13073000,Lindholz,50,618,-,-,-
13073000,"Putbus, Stadt",41,4475,2966200,2128700,-
13073000,"Recknitz-Trebeltal, Amtsverwaltung",55,8369,537496,238230,299266
13073000,"Sassnitz, Stadt",41,9093,11519712,4659713,-
13073000,"Tribsees, Stadt",50,2527,367309,367309,-
13073010,"Vorpommern-Rügen, Landkreisverwaltung",32,216523,32898540,32898540,-
13073100,Ahrenshagen-Daskow,50,2139,363570,-,-
13073100,Altenpleen,50,963,-,-,-
13073100,"Altenpleen, Amtsverwaltung",55,7607,830314,-,-
13073100,"Binz, Ostseebad",41,5021,1207493,-,-
13073100,Groß Mohrdorf,50,777,90273,90273,-
13073100,Klausdorf,50,683,632833,-,-
13073100,Kramerhof,50,1919,-,-,-
13073100,Preetz,50,1127,-,-,-
13073100,Prohn,50,2138,71035,71035,-
13073100,"Ribnitz-Damgarten, Amtsverwaltung",55,18350,-,-,-
13073100,"Ribnitz-Damgarten, Bernsteinstadt",50,15275,5176480,5176480,-
13073100,Schlemmin,50,281,178156,-,-
13073100,Semlow,50,655,1456687,1443104,-
13073200,Altefähr,50,1280,524062,52079,471983
13073200,"Barth, Amtsverwaltung",55,14457,-,-,-
13073200,"Barth, Stadt",50,7816,11601929,2017673,8212367
13073200,Divitz-Spoldershagen,50,538,391924,-,-
13073200,Dreschvitz,50,758,262501,-,-
13073200,Fuhlendorf,50,831,722597,-,-
13073200,Gingst,50,1294,553332,465006,-
13073200,"Insel Hiddensee, Seebad",50,946,1876278,-,-
13073200,Karnin,50,233,68753,-,-
13073200,Kenz-Küstrow,50,527,191750,-,-
13073200,Kluis,50,383,40194,-,-
13073200,Löbnitz,50,601,699000,24005,-
13073200,Lüdershagen,50,541,262947,262947,-
13073200,Neuenkirchen,50,278,272666,-,-
13073200,Pruchten,50,747,-,-,-
13073200,Rambin,50,924,129525,129525,-
13073200,Saal,50,1471,447850,447850,-
13073200,Samtens,50,2020,649406,323441,-
13073200,Schaprode,50,414,-,-,-
13073200,Trent,50,648,62160,62160,-
13073200,Trinwillershagen,50,1152,580878,-,-
13073200,Ummanz,50,561,498309,294646,-
13073200,"West-Rügen, Amtsverwaltung",55,9506,-,-,-
13073300,"Bergen auf Rügen, Amtsverwaltung",55,20517,-,-,-
13073300,"Bergen auf Rügen, Stadt",50,13702,5828168,-,-
13073300,Buschvitz,50,227,-,-,-
13073300,"Garz/Rügen, Stadt",50,2189,262544,254008,-
13073300,Gustow,50,594,143074,-,-
13073300,Lietzow,50,242,-,-,-
13073300,Parchtitz,50,745,40340,-,-
13073300,Patzig,50,427,159655,110526,-
13073300,Poseritz,50,946,177235,177235,-
13073300,Ralswiek,50,250,597695,531337,-
13073300,Rappin,50,306,54951,54951,-
13073300,Sehlen,50,889,474115,-,-
13073400,"Ahrenshoop, Ostseebad",50,636,1825025,-,-
13073400,"Born a. Darß, Seebad",50,1036,1116655,-,-
13073400,"Darß/ Fischland, Amtsverwaltung",55,6325,-,-,-
13073400,"Dierhagen, Ostseebad",50,1505,1971113,-,-
13073400,"Prerow, Ostseebad",50,1289,1611718,1611718,-
13073401,Wieck a. Darß,50,708,-,-,-
13073401,"Wustrow, Ostseebad",50,1151,986598,709636,-
13073500,"Franzburg, Stadt",50,1244,2591540,4919,-
13073500,"Franzburg-Richtenb., Amtsverwaltung",55,7267,-,-,-
13073500,Glewitz,50,541,267205,71990,-
13073500,Gremersdorf-Buchholz,50,606,-,-,-
13073500,"Grimmen, Stadt",41,9070,4610150,-,-
13073500,"Marlow, Stadt",41,4480,2322977,1878293,-
13073500,Millienhagen-Oebelitz,50,311,29708,-,-
13073500,Papenhagen,50,520,13348,-,-
13073500,"Richtenberg, Stadt",50,1282,232538,-,-
13073500,Splietsdorf,50,492,-,-,-
13073500,Velgast,50,1498,335251,-,-
13073500,Weitenhagen,50,242,125672,-,-
13073500,Wendisch Baggendorf,50,531,-,-,-
13073500,"Zingst, Ostseeheilbad",41,2945,6541739,-,-
13073600,Elmenhorst,50,680,210923,-,210923
13073600,"Miltzow, Amtsverwaltung",55,6889,-,-,-
13073600,Sundhagen,50,5120,27278,-,-
13073601,Wittenhagen,50,1089,199996,199996,-
13073700,"Baabe, Ostseebad",50,947,346559,-,-
13073700,"Göhren, Ostseebad",50,1305,978420,-,252863
13073700,Lancken-Granitz,50,475,324551,202012,-
13073700,"Mönchgut-Granitz, Amtsverwaltung",55,7246,606851,606851,-
13073700,"Sellin, Ostseebad",50,2550,4654591,1766249,444986
13073701,"Mönchgut, Ostseebad",50,1294,166197,166197,-
13073701,Zirkow,50,675,520299,75047,-
13073800,Groß Kordshagen,50,289,-,-,-
13073800,Jakobsdorf,50,443,91089,91089,-
13073800,Kummerow,-,-,-,-,-
13073800,Lüssow,50,821,-,-,-
13073800,Neu Bartelshagen,-,-,-,-,-
13073800,Niepars,50,2381,-,-,-
13073800,"Niepars, Amtsverwaltung",55,9331,320000,280000,-
13073800,Pantelitz,50,901,-,-,-
13073800,Steinhagen,50,2532,200871,-,-
13073800,"Stralsund, Hansestadt",41,54083,92179619,87181713,-
13073800,Wendorf,50,851,29151,-,-
13073801,Zarrendorf,50,1113,-,-,-
13073900,Altenkirchen,50,889,593090,490369,-
13073900,Breege,50,577,614329,497851,-
13073900,Dranske,50,1056,1233940,1233940,-
13073900,"Glowe, Ostseebad",50,972,166597,127043,-
13073900,Lohme,50,470,2769099,2599330,-
13073900,"Nord-Rügen, Amtsverwaltung",55,7546,219487,-,-
13073900,Putgarten,50,186,551270,258153,-
13073900,Sagard,50,2413,568674,35772,-
13073900,Süderholz,41,3946,327487,327487,-
13073901,Wiek,50,983,6122619,-,-
13074010,"Nordwestmecklenburg, Landkreisverwaltung",32,157007,53484039,50842063,-
13074100,Bad Kleinen,50,3768,2452658,17853,893527
13074100,Barnekow,50,580,542049,-,-
13074100,Bobitz,50,2492,2778350,2778350,-
13074100,Dorf Mecklenburg,50,3202,2389746,1780390,609356
13074100,"Dorf Mecklenburg-Bad Kleinen, Amtsverwaltung",55,14110,21386,-,21386
13074100,Groß Stieten,50,595,726437,572808,153629
13074100,Hohen Viecheln,50,689,967575,967575,-
13074100,Lübow,50,1567,2259554,1904900,-
13074100,Metelsdorf,50,491,-,-,-
13074100,Ventschow,50,726,1972098,1972098,-
13074200,Dragun,50,718,1880000,-,-
13074200,"Gadebusch, Amtsverwaltung",55,9886,-,-,-
13074200,"Gadebusch, Stadt",50,5139,10185280,-,-
13074200,Kneese,50,343,-,-,-
13074200,Krembz,50,884,-,-,-
13074200,Mühlen Eichsen,50,957,901808,-,-
13074200,Roggendorf,50,991,2066233,-,-
13074200,Rögnitz,50,191,-,-,-
13074200,Veelböken,50,663,587008,587008,-
13074300,Bernstorf,50,375,129195,129195,-
13074300,"Grevesmühlen-Land, Amtsverwaltung",55,8468,-,-,-
13074300,Gägelow,50,2457,765896,-,-
13074300,Plüschow,-,-,-,-,-
13074300,Roggenstorf,50,459,183440,-,-
13074300,Rüting,50,540,114503,31486,-
13074300,Stepenitztal,50,1728,696197,696197,-
13074300,Testorf-Steinfort,50,638,746461,342351,377193
13074300,Upahl,50,1641,1187986,-,-
13074300,Warnow,50,630,115367,-,-
13074400,"Boltenhagen, Ostseebad",50,2418,1664240,-,-
13074400,Damshagen,50,1285,367273,367273,-
13074400,Hohenkirchen,50,1053,822019,9845,-
13074400,Kalkhorst,50,1745,3728058,-,-
13074400,"Klütz, Stadt",50,3055,1936010,1662505,-
13074400,"Klützer Winkel, Amtsverwaltung",55,10326,553898,-,-
13074400,Zierow,50,770,-,-,-
13074500,Alt Meteln,50,1181,857205,163780,-
13074500,Brüsewitz,50,1879,1840052,929052,-
13074500,Cramonshagen,50,515,44700,-,-
13074500,Dalberg-Wendelstorf,50,545,1022510,184667,-
13074500,Gottesgabe,50,755,101446,-,-
13074500,Grambow,50,643,513853,-,-
13074500,"Insel Poel, Ostseebad",41,2518,1521443,10416,-
13074500,Klein Trebbow,50,1078,2855671,-,756160
13074500,Lübstorf,50,1439,-,-,-
13074500,Lützow,50,1540,1793197,141000,-
13074500,"Lützow-Lübstorf, Amtsverwaltung",55,13379,810000,-,-
13074500,Perlin,50,377,299371,70181,-
13074500,Pingelshagen,50,546,-,-,-
13074500,Pokrent,50,671,36736,36736,-
13074500,Schildetal,50,739,713743,713743,-
13074500,Seehof,50,945,1534830,-,-
13074500,Zickhusen,50,526,-,-,-
13074600,Benz,50,645,508110,508110,-
13074600,Blowatz,50,1107,1091787,-,-
13074600,Boiensdorf,50,515,292225,292225,-
13074600,"Grevesmühlen, Stadt",41,10264,15468986,-,-
13074600,Hornstorf,50,1283,2342310,2342310,-
13074600,Krusenhagen,50,590,672799,672799,-
13074600,Neuburg,50,2164,2181202,-,-
13074600,"Neuburg, Amtsverwaltung",55,6304,134558,134558,-
13074700,Bibow,50,364,-,-,-
13074700,Glasin,50,814,184112,-,-
13074700,Jesendorf,50,506,146611,93292,-
13074700,Lübberstorf,50,234,67906,67906,-
13074700,"Neukloster, Stadt",50,3977,7502061,-,6663516
13074700,"Neukloster-Warin, Amtsverwaltung",55,10780,-,-,-
13074700,Passee,50,199,79966,-,-
13074700,"Warin, Stadt",50,3082,892467,13409,-
13074700,"Wismar, Hansestadt",41,43447,77068904,7352770,-
13074700,Zurow,50,1292,504268,504268,-
13074700,Züsow,50,312,639072,377888,261184
13074800,Carlow,50,1184,825629,825629,-
13074800,Dechow,50,181,192400,192400,-
13074800,Groß Molzahn,50,390,-,-,-
13074800,Holdorf,50,409,202631,197800,-
13074800,Königsfeld,50,944,1669,1669,-
13074800,"Rehna, Amtsverwaltung",55,9579,1024150,1024150,-
13074800,"Rehna, Stadt",50,3528,2509532,-,-
13074800,Rieps,50,371,1030143,1030143,-
13074800,Schlagsdorf,50,1270,629047,629047,-
13074800,Thandorf,50,187,111046,33739,77307
13074800,Utecht,50,404,308360,-,21421
13074800,Wedendorfersee,50,711,-,-,-
13074900,"Dassow, Stadt",50,3990,949553,949553,-
13074900,Grieben,50,161,10510,10510,-
13074900,Groß Siemz,-,-,-,-,-
13074900,Lockwisch,-,-,-,-,-
13074900,Lüdersdorf,50,5204,10524175,10210383,-
13074900,Menzendorf,50,247,55535,55535,-
13074900,Niendorf,-,-,-,-,-
13074900,Roduchelstorf,50,245,69120,-,-
13074900,"Schönberg, Stadt",50,4423,4780639,4780639,-
13074900,"Schönberger Land, Amtsverwaltung",55,17946,195722,-,-
13074900,Selmsdorf,50,3071,3223387,3223387,-
13074900,Siemz-Niendorf,50,605,-,-,-
13075000,Brietzig,50,176,-,-,-
13075000,Fahrenwalde,50,271,-,-,-
13075000,Groß Luckow,50,190,26048,-,-
13075000,Jatznick,50,2184,-,-,-
13075000,Koblentz,50,209,6020,6020,-
13075000,Krugsdorf,50,466,-,-,-
13075000,"Strasburg (Uckermark), Stadt",41,4308,2357046,2357046,-
13075000,"Uecker-Randow-Tal, Amtsverwaltung",55,6717,-,-,-
13075001,Nieden,50,152,-,-,-
13075001,Papendorf,50,203,-,-,-
13075001,Polzow,50,247,52224,-,-
13075001,Rollwitz,50,850,22821,-,-
13075001,Schönwalde,50,398,-,-,-
13075001,Viereck,50,918,25662,-,-
13075001,Zerrenthin,50,453,44767,-,-
13075010,"Vorpommern-Greifswald, Landkreisverwaltung",32,226158,122250202,10632672,44173686
13075100,"Am Peenestrom, Amtsverwaltung",55,14133,-,-,-
13075100,Buggenhagen,50,202,228889,52818,176071
13075100,"Karlshagen, Ostseebad",50,2855,623258,519301,-
13075100,Krummin,50,218,-,-,-
13075100,"Lassan, Stadt",50,1232,501620,329997,-
13075100,Lütow,50,414,22751,-,-
13075100,Mölschow,50,728,16852,-,-
13075100,"Usedom-Nord, Amtsverwaltung",55,8464,-,-,-
13075101,Peenemünde,50,339,-,-,-
13075101,Sauzin,50,390,48467,48467,-
13075101,"Trassenheide, Ostseebad",50,756,-,-,-
13075101,"Wolgast, Stadt",50,11068,10647929,3475542,3623124
13075101,Zemitz,50,609,78938,78938,-
13075101,"Zinnowitz, Ostseebad",50,3786,592063,588524,-
13075200,Ahlbeck,50,621,1807258,235448,523524
13075200,"Altwarp, Fischerdorf",50,422,420064,-,-
13075200,"Am Stettiner Haff, Amtsverwaltung",55,10335,-,-,-
13075200,Benz,50,1084,17663,17663,-
13075200,Dargen,50,553,-,-,-
13075200,"Eggesin, Stadt",50,4766,21115237,-,13000000
13075200,Garz,50,271,-,-,-
13075200,Grambin,50,417,217000,-,-
13075200,Hintersee,50,320,30512,-,-
13075200,Kamminke,50,226,29134,29134,-
13075200,Korswandt,50,582,-,-,-
13075200,"Koserow, Ostseebad",50,1554,959760,23617,-
13075200,Leopoldshagen,50,604,883812,392350,-
13075200,Liepgarten,50,790,667863,162373,229332
13075200,"Loddin, Seebad",50,886,184331,-,-
13075200,Luckow,50,546,174026,-,-
13075200,Lübs,50,329,504111,-,-
13075200,Meiersberg,50,401,101576,-,-
13075200,Mellenthin,50,434,55789,18637,-
13075200,Mönkebude,50,748,788743,53614,725558
13075200,"Usedom Süd, Amtsverwaltung",55,10886,-,-,-
13075201,Pudagla,50,468,2002382,2002382,-
13075201,Rankwitz,50,516,11960,-,-
13075201,Stolpe auf Usedom,50,342,-,-,-
13075201,"Usedom, Stadt",50,1454,1744498,86208,-
13075201,Vogelsang-Warsin,50,371,136348,-,-
13075201,"Zempin, Seebad",50,928,83090,76578,-
13075201,Zirchow,50,580,95038,9967,-
13075201,"Ückeritz, Seebad",50,1008,547447,547447,-
13075300,"Anklam-Land, Amtsverwaltung",55,9194,9224914,-,9185757
13075300,Bandelin,50,566,1911612,-,450895
13075300,Bargischow,50,283,31772,31772,-
13075300,Blesewitz,50,241,1083782,-,293756
13075300,Boldekow,50,617,478639,478639,-
13075300,Bugewitz,50,228,288319,284784,-
13075300,Butzow,50,424,431293,353142,78151
13075300,Ducherow,50,2252,1748863,1616838,-
13075300,Gribow,50,137,224955,169622,55333
13075300,Groß Kiesow,50,1217,166825,9694,20334
13075300,Groß Polzin,50,376,498250,-,-
13075300,"Gützkow, Stadt",50,3057,3056616,2928021,-
13075300,Iven,50,174,432134,-,-
13075300,Karlsburg,-,-,-,-,-
13075300,Klein Bünzow,50,653,557609,-,-
13075300,Krien,50,682,1920586,1143526,-
13075300,Krusenfelde,50,151,203290,-,-
13075300,Lühmannsdorf,-,-,-,-,-
13075300,Medow,50,506,710043,410167,299876
13075300,Murchin,50,819,267806,-,-
13075300,Neu Kosenow,50,467,-,-,-
13075300,"Züssow, Amtsverwaltung",55,11394,153927,153927,-
13075301,Karlsburg,50,1752,583248,550723,-
13075301,Neetzow-Liepen,50,823,3249289,-,2516210
13075301,Neuenkirchen,50,213,240467,240467,-
13075301,Postlow,50,298,143700,72272,71428
13075301,Rossin,50,169,7707,-,-
13075301,Rubkow,50,609,533773,-,-
13075301,Sarnow,50,350,531650,-,-
13075301,Schmatzin,50,273,162806,-,-
13075301,Spantekow,50,1043,4794253,2505981,-
13075301,Stolpe an der Peene,50,273,909717,795796,113921
13075301,Wrangelsburg,50,241,241954,-,-
13075301,Ziethen,50,420,754067,-,-
13075301,Züssow,50,1274,126265,-,-
13075400,Alt Tellin,50,382,613020,18887,-
13075400,Bentzin,50,844,44687,-,-
13075400,Daberkow,50,316,268186,239237,-
13075400,"Jarmen, Stadt",50,2867,2040789,32909,-
13075400,"Jarmen-Tutow, Amtsverwaltung",55,6566,-,-,-
13075400,Kruckow,50,647,189944,-,-
13075401,Tutow,50,992,549796,89958,-
13075401,Völschow,50,518,216533,191851,-
13075500,"Anklam, Hansestadt",41,11990,18956973,-,-
13075500,Behrenhoff,50,854,131345,-,-
13075500,Dargelin,50,368,98230,98230,-
13075500,Dersekow,50,1177,365246,-,-
13075500,Diedrichshagen,-,-,-,-,-
13075500,Hinrichshagen,50,930,-,-,-
13075500,"Landhagen, Amtsverwaltung",55,10810,4966570,-,2288071
13075500,Levenhagen,50,413,28035,-,-
13075500,Mesekenhagen,50,1066,59075,-,-
13075500,"Pasewalk, Stadt",41,9627,2615682,2572873,-
13075501,Neuenkirchen,50,2373,166228,-,-
13075501,Wackerow,50,1524,109643,-,-
13075501,Weitenhagen,50,2105,250140,250140,-
13075600,Bergholz,50,311,217683,111643,-
13075600,Blankensee,50,575,126941,126941,-
13075600,Boock,50,587,-,-,-
13075600,Glasow,50,155,168519,154520,-
13075600,Grambow,50,879,110839,31891,-
13075600,Krackow,50,599,330422,330422,-
13075600,Löcknitz,50,3301,301806,214355,-
13075600,"Löcknitz-Penkun, Amtsverwaltung",55,10600,-,-,-
13075600,Nadrensee,50,379,91925,91925,-
13075600,"Ueckermünde, Seebad, Stadt",41,8851,560213,476728,-
13075601,"Penkun, Stadt",50,1794,1436258,387662,697556
13075601,Plöwen,50,295,73813,-,-
13075601,Ramin,50,697,46840,-,-
13075601,Rossow,50,446,-,-,-
13075601,Rothenklempenow,50,582,125028,116809,8219
13075700,Brünzow,50,686,55013,55013,-
13075700,Hanshagen,50,910,-,-,-
13075700,Katzow,50,627,52725,-,-
13075700,Kemnitz,50,1161,-,-,-
13075700,Kröslin,50,1787,318286,-,-
13075700,Loissin,50,783,32485,-,-
13075700,"Lubmin, Amtsverwaltung",55,10592,3060085,1904059,1156026
13075700,"Lubmin, Seebad",50,2200,-,-,-
13075700,Neu Boltenhagen,50,571,-,-,-
13075701,Rubenow,50,771,100553,-,-
13075701,Wusterhusen,50,1096,-,-,-
13075800,Görmin,50,879,84730,33868,-
13075800,"Loitz, Stadt",50,4298,3509047,590235,-
13075800,"Peenetal/Loitz, Amtsverwaltung",55,5983,-,-,-
13075801,Sassen-Trantow,50,806,138654,97480,-
13075900,Altwigshagen,50,385,692216,692216,-
13075900,Ferdinandshof,50,2611,2818518,2818518,-
13075900,"Greifswald, Universitäts- und Hansestadt",41,55896,45249866,15737506,-
13075900,Hammer a. d. Uecker,50,465,13054,-,-
13075900,Heinrichswalde,50,370,-,-,-
13075900,"Heringsdorf, Ostseebad",41,5935,17384324,203735,-
13075900,"Torgelow-Ferdinandshof, Amtsverwaltung",55,13877,-,-,-
13075901,Rothemühl,50,292,-,-,-
13075901,"Torgelow, Stadt",50,9006,4868820,4868820,-
13075901,Wilhelmsburg,50,748,541948,-,-
13076000,Blievenstorf,50,426,399205,341525,-
13076000,Brenz,50,489,794673,-,-
13076000,"Hagenow, Stadt",41,12107,3768281,-,-
13076000,"Ludwigslust, Stadt",41,12040,2588873,-,-
13076000,"Neustadt-Glewe, Amtsverwaltung",55,7540,-,-,-
13076001,"Neustadt-Glewe, Stadt",50,6625,10078902,-,-
13076010,"Ludwigslust-Parchim, Landkreisverwaltung",32,209297,126349955,-,11353133
13076200,Bengerstorf,50,500,48985,-,-
13076200,Besitz,50,448,-,-,-
13076200,"Boizenburg-Land, Amtsverwaltung",55,6845,-,-,-
13076200,Brahlstorf,50,676,-,-,-
13076200,Dersenow,50,473,84694,-,-
13076200,Domsühl,50,1317,7245,7245,-
13076200,Gresse,50,634,443319,-,-
13076200,Greven,50,789,-,-,-
13076200,Groß Godems,50,390,139662,-,-
13076200,Karrenzin,50,519,297557,297557,-
13076200,Lewitzrand,50,1351,359718,201838,-
13076200,"Parchimer Umland, Amtsverwaltung",55,7998,3499640,3499640,-
13076201,Neu Gülze,50,791,537092,-,-
13076201,Nostorf,50,675,-,-,-
13076201,Obere Warnow,50,763,177225,84075,-
13076201,Rom,50,781,230774,208154,-
13076201,Schwanheide,50,692,-,-,-
13076201,Spornitz,50,1191,1261191,811821,-
13076201,Stolpe,50,324,176790,7940,-
13076201,Teldau,50,789,-,-,-
13076201,Tessin b. Boizenburg,50,378,1562,1562,-
13076201,Ziegendorf,50,623,378878,25200,-
13076201,Zölkow,50,739,202201,177241,-
13076300,Barkhagen,50,580,-,-,-
13076300,"Plau am See, Amtsverwaltung",55,7940,-,-,-
13076301,Ganzlin,50,1373,-,-,-
13076301,"Plau am See, Stadt",50,5987,1681176,271510,-
13076400,Blankenberg,50,377,-,-,-
13076400,"Boizenburg/Elbe, Stadt",41,11036,12455696,12189836,-
13076400,Borkow,50,423,33096,-,-
13076400,"Brüel, Stadt",50,2611,2636689,2612601,-
13076400,Dabel,50,1329,367949,-,-
13076400,"Dömitz, Stadt",50,2908,2286443,2286443,-
13076400,"Dömitz-Malliß, Amtsverwaltung",55,8352,514868,514868,-
13076400,Grebs-Niendorf,50,550,654616,8926,-
13076400,Hohen Pritz,50,368,-,-,-
13076400,Karenz,50,234,200238,-,-
13076400,Kobrow,50,402,-,-,-
13076400,Kuhlen-Wendorf,50,771,-,-,-
13076400,Malk Göhren,50,408,568826,561614,-
13076400,Malliß,50,1073,1802947,1687541,-
13076400,"Sternberger Seenlandschaft, Amtsverwaltung",55,11783,72617,21792,-
13076401,Kloster Tempzin,50,566,3140,3140,-
13076401,Mustin,50,348,72747,-,-
13076401,Neu Kaliß,50,1907,1925149,1832403,-
13076401,"Sternberg, Stadt",50,3812,987342,987342,-
13076401,Vielank,50,1272,1072277,1072277,-
13076401,Weitendorf,50,343,-,-,-
13076401,Witzin,50,433,-,-,-
13076500,Dümmer,50,1578,-,-,-
13076500,"Eldenburg Lübz, Amtsverwaltung",55,11684,1214211,14211,-
13076500,Gallin-Kuppentin,50,434,4502,4502,-
13076500,Gischow,-,-,-,-,-
13076500,Granzin,50,357,232699,22931,154644
13076500,Holthusen,50,962,2392774,85037,-
13076500,Klein Rogahn,50,1359,-,-,-
13076500,Kreien,50,340,-,-,-
13076500,Kritzow,50,474,9560,-,-
13076500,"Lübz, Stadt",50,5960,2218200,528100,-
13076500,Marnitz,-,-,-,-,-
13076500,"Stralendorf, Amtsverwaltung",55,11722,1901538,59650,-
13076501,Gehlsbach,50,547,158552,6050,63808
13076501,Pampow,50,3011,488682,132180,-
13076501,Passow,50,683,56174,-,34758
13076501,Ruhner Berge,50,1717,69506,69506,-
13076501,Schossin,50,248,-,-,-
13076501,Siggelkow,50,840,-,-,-
13076501,Stralendorf,50,1342,-,-,-
13076501,Suckow,-,-,-,-,-
13076501,Tessenow,-,-,-,-,-
13076501,Warsow,50,676,331493,18184,-
13076501,Werder,50,332,-,-,-
13076501,Wittenförden,50,2410,-,-,-
13076501,Zülow,50,136,-,-,-
13076600,Dobbertin,50,1070,3159227,-,-
13076600,"Goldberg, Stadt",50,3250,4631021,4631021,-
13076600,"Goldberg-Mildenitz, Amtsverwaltung",55,6264,-,-,-
13076600,Mestlin,50,767,280738,280738,-
13076600,"Wittenburg, Amtsverwaltung",55,9112,-,-,-
13076601,Neu Poserin,50,498,431130,431130,-
13076601,Techentin,50,679,87751,-,-
13076601,"Wittenburg, Stadt",50,6237,17579696,-,4926059
13076601,Wittendörp,50,2875,834669,39273,-
13076700,Balow,50,311,679102,-,-
13076700,Brunow,50,300,-,-,-
13076700,Dambeck,50,281,251836,-,-
13076700,Eldena,50,1172,367818,-,-
13076700,Gallin,50,576,-,-,-
13076700,Gorlosen,50,451,59922,-,-
13076700,"Grabow, Amtsverwaltung",55,10741,-,-,-
13076700,"Grabow, Stadt",50,5433,7473365,-,-
13076700,Karstädt,50,602,320350,-,-
13076700,Kogel,50,674,10909,10909,-
13076700,Kremmin,50,249,108660,-,-
13076700,Lüttow-Valluhn,50,814,-,-,-
13076700,Milow,50,372,127965,-,-
13076700,Möllenbeck,50,190,160300,-,-
13076700,"Zarrentin, Amtsverwaltung",55,10125,1842067,-,-
13076701,Muchow,50,281,61386,61386,-
13076701,Prislich,50,713,453688,453688,-
13076701,Vellahn,50,2755,1703728,1703728,-
13076701,"Zarrentin am Schaalsee, Stadt",50,5306,19249786,-,-
13076701,Zierzow,50,386,399083,-,-
13076800,Alt Zachun,50,352,970429,25510,-
13076800,Bandenitz,50,518,1228248,1228248,-
13076800,Banzkow,50,2675,2075936,-,-
13076800,Barnin,50,452,-,-,-
13076800,Belsch,50,221,-,-,-
13076800,Bobzin,50,253,-,-,-
13076800,Bresegard bei Picher,50,282,-,-,-
13076800,Bülow,50,328,-,-,-
13076800,Cambs,50,612,-,-,-
13076800,"Crivitz, Amtsverwaltung",55,24482,-,-,-
13076800,"Crivitz, Stadt",50,4604,1890841,-,-
13076800,Demen,50,848,-,-,-
13076800,Dobin am See,50,2008,-,-,-
13076800,Friedrichsruhe,50,879,12066,12066,-
13076800,Gammelin,50,479,726759,-,-
13076800,Gneven,50,350,-,-,-
13076800,Groß Krams,50,175,-,-,-
13076800,"Hagenow-Land, Amtsverwaltung",55,8461,-,-,-
13076800,Hoort,50,564,2043661,2043661,-
13076800,Hülseburg,50,155,-,-,-
13076800,Kirch Jesar,50,645,62500,-,-
13076800,Kuhstorf,50,718,499661,-,-
13076800,Langen Brütz,50,477,-,-,-
13076800,Leezen,50,2164,-,-,-
13076800,"Lübtheen, Stadt",41,4644,7410471,1530165,5880306
13076800,Moraas,50,466,-,-,-
13076800,"Parchim, Stadt",41,18158,12947334,-,-
13076801,Picher,50,614,39925,39925,-
13076801,Pinnow,50,2029,-,-,-
13076801,Plate,50,3230,-,-,-
13076801,Pritzier,50,431,82146,82146,-
13076801,Pätow-Steegen,50,406,-,-,-
13076801,Raben Steinfeld,50,1054,-,-,-
13076801,Redefin,50,540,-,-,-
13076801,Setzin,-,-,-,-,-
13076801,Strohkirchen,50,303,-,-,-
13076801,Sukow,50,1500,-,-,-
13076801,Toddin,-,-,-,-,-
13076801,Toddin,50,883,-,-,-
13076801,Tramm,50,840,-,-,-
13076801,Warlitz,50,456,-,-,-
13076801,Zapel,50,432,-,-,-
13076900,Alt Krenzlin,50,746,1011474,1011474,-
13076900,Bresegard bei Eldena,50,188,23129,-,-
13076900,Groß Laasch,50,919,398056,398056,-
13076900,Göhlen,50,551,529444,529444,-
13076900,Leussow,-,-,-,-,-
13076900,"Ludwigslust-Land, Amtsverwaltung",55,8263,-,-,-
13076900,Lübesse,50,670,1073700,-,-
13076900,Lüblow,50,560,804212,-,-
13076901,Rastow,50,1891,7000277,7000277,-
13076901,Sülstorf,50,829,936903,-,-
13076901,Uelitz,50,483,513121,-,-
13076901,Warlow,50,484,571436,-,-
13076901,Wöbbelin,50,942,525063,-,-
14400000,Kommunaler Sozialverband Sachsen,22,4051465,-,-,-
14511000,"Chemnitz, Stadt",30,243828,197221124,197221124,-
14521000,Amtsberg,40,3644,3723612,3723612,-
14521000,"Annaberg-Buchholz, Stadt",37,18991,1873071,-,-
14521000,"Aue, Stadt",-,-,-,-,-
14521000,Bad Schlema,-,-,-,-,-
14521000,"Breitenbrunn/Erzgeb., Hochschulort",40,4904,728288,-,-
14521000,Crottendorf,40,3920,1462688,1462688,-
14521000,Drebach,40,4945,-,-,-
14521000,"Ehrenfriedersdorf, Stadt",40,4393,-,-,-
14521000,"Eibenstock, Stadt",40,6926,33469,33469,-
14521000,Gelenau/Erzgeb.,40,4146,-,-,-
14521000,Großolbersdorf,40,2751,3547010,1114081,-
14521000,Großrückerswalde,40,3273,-,-,-
14521000,"Grünhain-Beierfeld, Stadt",40,5561,2071926,-,-
14521000,Hohndorf,40,3377,121864,121864,-
14521000,Jahnsdorf/Erzgeb.,40,5331,353336,353336,-
14521000,"Johanngeorgenstadt, Stadt",40,3605,5958467,-,-
14521000,"Jöhstadt, Stadt",40,2513,1385343,-,-
14521000,"Lößnitz, Stadt",40,7717,102809,-,-
14521000,"Marienberg, Stadt",37,16390,5996259,5996259,-
14521000,Mildenau,40,3395,200000,-,-
14521000,Neukirchen/Erzgeb.,40,6822,953555,953555,-
14521000,"Oberwiesenthal, Kurort, Stadt",40,1984,-,-,-
14521000,"Oelsnitz/Erzgeb., Stadt",40,11038,5763915,5763915,-
14521000,"Olbernhau, Stadt",40,10263,275415,275415,-
14521000,Raschau-Markersbach,40,4819,-,-,-
14521000,"Schneeberg, Stadt",40,13394,4720301,4720301,-
14521000,"Schwarzenberg/Erzgeb., Stadt",37,15811,-,-,-
14521000,Schönheide,40,4100,-,-,-
14521000,Sehmatal,40,6103,104604,-,-
14521000,Stützengrün,40,3076,1655788,1655788,-
14521000,"Thalheim/Erzgeb., Stadt",40,5978,3367720,-,-
14521000,Thermalbad Wiesenbad,40,3095,205313,-,-
14521000,"Thum, Stadt",40,4776,181182,181182,-
14521000,"Wolkenstein, Stadt",40,3786,3713123,-,-
14521001,"Elterlein, Stadt",45,2691,183559,183559,-
14521002,"Geyer, Stadt",44,3310,2351958,-,-
14521005,"Scheibenberg, Stadt",44,1996,1042272,1042272,-
14521005,"Schlettau, Stadt",45,2265,189000,189000,-
14521006,Tannenberg,45,1025,331155,331155,-
14521007,"Zwönitz, Stadt",44,11495,-,-,-
14521010,"Erzgebirgskreis, Landkreisverwaltung",32,323009,46794112,46794112,-
14521100,Bärenstein,44,2208,272093,272093,-
14521103,Königswalde,45,2144,303011,-,-
14521201,Deutschneudorf,45,844,59577,-,-
14521202,Heidersdorf,45,743,-,-,-
14521205,"Seiffen/Erzgeb., Kurort",44,1878,1592072,-,457553
14521300,Auerbach,45,2318,656661,656661,-
14521301,Burkhardtsdorf,44,5989,4507232,-,-
14521302,Gornsdorf,45,1944,2843235,2577361,-
14521304,Niederdorf,45,1311,1953864,-,-
14521305,"Stollberg/Erzgeb., Stadt",47,11230,15018275,15018275,-
14521500,"Aue-Bad Schlema, Stadt",37,19117,6420563,6420563,-
14521500,Börnichen/Erzgeb.,50,948,-,-,-
14521500,"Lauter-Bernsbach, Stadt",40,8335,1524993,1524993,-
14521500,"Pockau-Lengefeld, Stadt",40,7370,1151650,-,-
14521500,"Wildenstein, Verwaltungsverbandverwaltung",55,4093,-,-,-
14521502,Grünhainichen,50,3145,1058704,-,-
14521503,"Lugau/Erzgeb., Stadt",44,7562,2471001,2471001,-
14521504,Niederwürschnitz,45,2534,2919113,-,-
14521802,Gornau/Erzgeb.,45,3697,5006561,-,-
14521806,"Zschopau, Stadt, Motorradstadt",47,8845,2584460,-,-
14521900,Bockau,45,2131,161213,-,-
14521907,Zschorlau,44,5107,-,-,-
14522000,"Augustusburg, Stadt",40,4473,2192738,1258665,-
14522000,"Brand-Erbisdorf, Stadt",37,8991,2523595,2477960,-
14522000,Claußnitz,40,2946,-,-,-
14522000,"Döbeln, Stadt",37,23812,9406014,9406014,-
14522000,Eppendorf,40,3868,754364,-,-
14522000,Erlau,40,3141,522779,-,-
14522000,"Flöha, Stadt",37,10287,4321622,-,-
14522000,"Frankenberg/Sa., Stadt, Garnisonsstadt",40,13587,4693030,-,-
14522000,"Frauenstein, Stadt",40,2679,3605305,3414233,-
14522000,"Freiberg, Stadt, Universitätsstadt",37,40772,11703354,11703354,-
14522000,"Geringswalde, Stadt",40,4119,481116,-,-
14522000,Großhartmannsdorf,40,2393,778332,778332,-
14522000,"Großschirma, Stadt",40,5303,1130489,-,-
14522000,Großweitzschen,40,2630,891799,-,-
14522000,"Hainichen, Stadt",37,8303,6603750,-,-
14522000,Halsbrücke,40,5018,-,-,-
14522000,"Hartha, Stadt",40,6639,4969785,4969785,-
14522000,Hartmannsdorf,40,4377,3860183,-,-
14522000,Kriebstein,40,1973,-,-,-
14522000,Königshain-Wiederau,40,2550,336666,336666,-
14522000,"Leisnig, Stadt",40,8136,1800773,1800773,-
14522000,Leubsdorf,40,3220,143283,143283,-
14522000,Lichtenau,40,6976,139745,-,-
14522000,"Lunzenau, Stadt",40,3953,-,-,-
14522000,Mulda/Sa.,40,2400,1595451,1595451,-
14522000,Neuhausen/Erzgeb.,40,2483,950393,-,-
14522000,Niederwiesa,40,4718,2047783,2047783,-
14522000,Oberschöna,40,3191,27404,27404,-
14522000,"Oederan, Stadt",40,7702,3000000,3000000,-
14522000,"Penig, Stadt",40,8240,22816,-,-
14522000,Rechenberg-Bienenmühle,40,1770,754407,468000,-
14522000,Reinsberg,40,2812,1620700,-,-
14522000,Rossau,40,3325,1400000,1400000,-
14522000,"Roßwein, Stadt",40,7216,2104623,-,-
14522000,Striegistal,40,4581,3323800,3323800,-
14522000,"Waldheim, Stadt",40,9188,-,-,-
14522000,Wechselburg,40,1747,476493,476493,-
14522010,"Mittelsachsen, Landkreisverwaltung",32,297896,8308398,-,-
14522200,"Burgstädt, Stadt",44,10446,5550234,-,-
14522203,Mühlau,45,2117,2047661,2047661,-
14522205,Taura,45,2294,335942,-,-
14522303,Lichtenberg/Erzgeb.,44,2620,715407,-,-
14522304,Ostrau,-,-,-,-,-
14522305,Weißenborn/Erzgeb.,45,2430,-,-,-
14522306,Zschaitz-Ottewig,-,-,-,-,-
14522500,Bobritzsch-Hilbersdorf,40,5637,2109399,2109399,-
14522500,Jahnatal,40,4677,436814,-,-
14522602,Königsfeld,45,1374,-,-,-
14522604,"Rochlitz, Stadt, Stadt des Roten Porphyr",47,5569,-,-,-
14522605,Seelitz,45,1660,-,-,-
14522606,Zettlitz,45,656,-,-,-
14522900,Altmittweida,45,1851,-,-,-
14522900,Dorfchemnitz,45,1470,168600,-,-
14522903,"Mittweida, Stadt, Hochschulstadt",47,13880,-,-,-
14522905,"Sayda, Stadt",44,1696,2271654,2271654,-
14523000,"Adorf/Vogtl., Stadt",40,4624,2470527,-,-
14523000,"Auerbach/Vogtl., Stadt",37,17590,7861894,7861894,-
14523000,Bad Brambach,40,1610,789797,360013,-
14523000,"Bad Elster, Stadt",40,3569,3220015,-,-
14523000,Ellefeld,40,2483,884200,-,-
14523000,"Elsterberg, Stadt",40,3704,70000,70000,-
14523000,"Klingenthal, Stadt",37,7467,1796696,-,-
14523000,"Lengenfeld, Stadt",40,6890,1739613,-,-
14523000,"Markneukirchen, Stadt",40,7173,3708104,3708104,-
14523000,Neumark,40,2911,3557116,-,-
14523000,"Pausa-Mühltroff, Stadt",40,4698,3844878,-,-
14523000,"Plauen, Stadt, Hochschulstadt",37,65714,52298063,52298063,-
14523000,Pöhl,40,2407,1868524,-,-
14523000,"Rodewisch, Stadt",40,6207,6701975,6701975,-
14523000,Steinberg,40,2696,-,-,-
14523000,Weischlitz,40,5675,2363778,-,-
14523001,Limbach,45,1393,-,-,-
14523002,"Netzschkau, Stadt",44,3687,900000,-,-
14523010,"Vogtlandkreis, Landkreisverwaltung",32,221461,36421325,-,-
14523102,Mühlental,45,1207,-,-,-
14523103,"Schöneck/Vogtl., Stadt",44,2892,1951370,1951370,-
14523200,Bergen,50,915,292000,-,-
14523200,Bösenbrunn,45,1070,-,-,-
14523200,Eichigt,45,1097,115220,39266,-
14523200,"Jägerswald, Verwaltungsverbandverwaltung",55,4768,-,-,-
14523203,"Oelsnitz/Vogtl., Stadt",47,10196,6109189,6109189,-
14523204,Theuma,50,979,445357,445357,-
14523204,Tirpersdorf,50,1376,-,-,-
14523204,Triebel/Vogtl.,45,1144,49005,-,-
14523204,Werda,50,1498,1259726,-,-
14523402,Neuensalz,45,2051,-,-,-
14523404,"Treuen, Stadt",44,7643,6105243,-,-
14523500,Muldenhammer,40,2842,2620406,-,-
14523500,Rosenbach/Vogtl.,40,3991,1712002,-,-
14523501,Heinsdorfergrund,45,1935,-,-,-
14523503,"Reichenbach im Vogtland, Stadt",47,20024,13366359,13366359,-
14523701,"Falkenstein/Vogtl., Stadt",44,7490,7212276,-,-
14523701,Grünbach,45,1664,249905,-,-
14523702,Neustadt/Vogtl.,45,949,339443,339443,-
14524000,Callenberg,40,4786,73507,-,-
14524000,Fraureuth,40,4967,4213563,-,-
14524000,Gersdorf,40,3748,2665966,-,-
14524000,"Glauchau, Stadt",37,21745,12163153,12163153,-
14524000,"Hartenstein, Stadt",40,4467,-,-,-
14524000,"Hohenstein-Ernstthal, Stadt",37,14038,1999259,-,-
14524000,Langenbernsdorf,40,3431,525715,-,-
14524000,Langenweißbach,40,2396,1064482,1064482,-
14524000,Lichtentanne,40,6031,2341420,-,-
14524000,Mülsen,40,10786,-,-,-
14524000,Neukirchen/Pleiße,40,3765,651450,651450,-
14524000,"Oberlungwitz, Stadt",40,5741,-,-,-
14524000,Reinsdorf,40,7135,4776722,4776722,-
14524000,"Werdau, Stadt",37,21029,3059031,-,-
14524000,"Wildenfels, Stadt",40,3474,1474062,-,-
14524000,"Wilkau-Haßlau, Stadt",40,9590,9383107,7627108,1678584
14524000,"Zwickau, Stadt, Hochschulstadt",37,87524,1296786,1296786,-
14524010,"Zwickau, Landkreisverwaltung",32,310555,26050961,-,-
14524100,Crinitzberg,45,1805,3212848,3212848,-
14524101,Hartmannsdorf b. Kirchberg,45,1348,528890,528890,-
14524101,Hirschfeld,45,1070,148191,148191,-
14524101,"Kirchberg, Stadt",44,7850,4637943,4637943,-
14524400,"Crimmitschau, Stadt",47,18881,-,-,-
14524400,Dennheritz,45,1273,-,-,-
14524401,"Limbach-Oberfrohna, Stadt",47,23818,-,-,-
14524402,Niederfrohna,45,2223,-,-,-
14524502,Oberwiera,45,1017,621604,621604,-
14524502,Remse,45,1655,374069,-,-
14524502,"Waldenburg, Stadt",44,3990,2175542,-,-
14524800,Bernsdorf,45,2125,313247,313247,-
14524801,"Lichtenstein/Sa., Stadt",44,10994,3954951,-,-
14524801,"Meerane, Stadt",44,13843,14968857,-,-
14524802,Schönberg,45,849,36282,36282,-
14524802,St. Egidien,45,3161,986532,986532,-
14612000,"Dresden, Stadt",30,560829,-,-,-
14625000,Arnsdorf,40,4914,3091443,-,-
14625000,"Bautzen, Stadt, Hochschulstadt",37,38027,-,-,-
14625000,"Bernsdorf, Stadt",40,6239,2814952,-,-
14625000,Burkau,40,2613,-,-,-
14625000,Cunewalde,40,4516,2643725,2643725,-
14625000,Demitz-Thumitz,40,2669,121500,121500,-
14625000,Doberschau-Gaußig,40,4228,-,-,-
14625000,Elsterheide,40,3324,1055809,1055809,-
14625000,"Elstra, Stadt",40,2677,-,-,-
14625000,Großdubrau,40,4089,-,-,-
14625000,"Großröhrsdorf, Stadt",40,9437,4455074,-,-
14625000,Göda,40,2961,159190,159190,-
14625000,Haselbachtal,40,3953,1620000,1620000,-
14625000,Hochkirch,40,2186,-,-,-
14625000,"Hoyerswerda, Stadt",37,31181,18925751,18925751,-
14625000,"Kamenz, Stadt",37,17145,2011150,-,-
14625000,Kubschütz,40,2447,-,-,-
14625000,Königswartha,40,3470,888525,888525,-
14625000,"Lauta, Stadt",40,7863,2101418,-,-
14625000,Lohsa,40,5068,3401040,-,-
14625000,Malschwitz,40,4883,355326,355326,-
14625000,Neukirch/Lausitz,40,4772,996771,-,-
14625000,Ottendorf-Okrilla,40,9955,4136000,-,-
14625000,Oßling,40,2182,3272400,3272400,-
14625000,"Radeberg, Stadt",37,18770,-,-,-
14625000,Radibor,40,3148,-,-,-
14625000,Schmölln-Putzkau,40,2946,-,-,-
14625000,Schwepnitz,40,2450,4339152,-,1137102
14625000,Sohland a. d. Spree,40,6422,154831,154831,-
14625000,Spreetal,40,1722,-,-,-
14625000,Steinigtwolmsdorf,40,2598,755148,-,-
14625000,Wachau,40,4239,-,-,-
14625000,"Weißenberg, Stadt",40,3031,371721,-,-
14625000,"Wilthen, Stadt",40,4725,1760518,1760518,-
14625000,"Wittichenau, Stadt",40,5639,1535333,1535333,-
14625010,"Bautzen, Landkreisverwaltung",32,295621,46282829,46282829,-
14625100,"Am Klosterwasser, Verwaltungsverbandverwaltung",55,7149,-,-,-
14625100,Crostwitz,50,1035,177345,177345,-
14625101,Frankenthal,45,891,132237,-,-
14625101,Großharthau,44,2958,1064866,914555,150311
14625101,Großnaundorf,45,921,442500,442500,-
14625103,Lichtenberg,45,1608,1164637,1164637,-
14625103,Nebelschütz,50,1203,740659,-,-
14625104,Ohorn,45,2475,2948666,2948666,-
14625104,Panschwitz-Kuckau,50,2045,560041,560041,-
14625104,"Pulsnitz, Stadt",44,7315,4962443,4962443,-
14625104,Räckelwitz,50,1136,354559,354559,-
14625105,Ralbitz-Rosenthal,50,1730,385537,385537,-
14625105,Steina,45,1669,771579,771579,-
14625201,Großpostwitz/O.L.,44,2713,1869369,-,-
14625203,Obergurig,45,2047,642789,-,-
14625303,Neschwitz,44,2409,269577,269577,-
14625304,Puschwitz,45,783,-,-,-
14625500,"Schirgiswalde-Kirschau, Stadt",40,6004,682952,682952,-
14625602,"Kamenz, Stadt",-,-,-,-,-
14625605,Schönteichen,-,-,-,-,-
14625700,"Bischofswerda, Stadt",47,10757,2035160,-,-
14625705,Rammenau,45,1328,71080,-,-
14625802,"Königsbrück, Stadt",44,4658,779830,-,-
14625803,Laußnitz,45,1840,-,-,-
14625803,Neukirch,45,1607,67131,-,-
14626000,Boxberg/O.L.,40,4260,-,-,-
14626000,"Görlitz, Stadt, Hochschulstadt",37,55310,15605709,-,3383887
14626000,"Herrnhut, Stadt",40,5770,1022552,-,-
14626000,Krauschwitz i.d. O.L.,40,3221,2919413,2408930,-
14626000,Leutersdorf,40,3378,-,-,-
14626000,Markersdorf,40,3753,685254,685254,-
14626000,Mittelherwigsdorf,40,3521,-,-,-
14626000,"Niesky, Stadt",37,9112,2965296,-,-
14626000,Oderwitz,40,4752,422842,422842,-
14626000,"Ostritz, Stadt",40,2240,459250,459250,-
14626000,"Seifhennersdorf, Stadt",40,3596,-,-,-
14626000,"Zittau, Stadt, Hochschulstadt",37,25593,15062502,-,-
14626001,Großschweidnitz,45,1260,-,-,-
14626002,Lawalde,45,1779,37495,-,-
14626002,"Löbau, Stadt",47,14574,13394562,-,-
14626004,Rosenbach,45,1530,195642,-,-
14626010,"Görlitz, Landkreisverwaltung",32,246617,107177198,57177198,50000000
14626200,"Diehsa, Verwaltungsverbandverwaltung",55,6321,-,-,-
14626201,Hohendubrau,50,1819,227295,227295,-
14626202,Königshain,45,1153,152973,-,-
14626203,Mücka,50,951,678672,-,-
14626204,Quitzdorf am See,50,1222,165502,-,-
14626204,"Reichenbach/O.L., Stadt",44,4658,10616144,-,-
14626205,Vierkirchen,45,1627,372748,-,-
14626205,Waldhufen,50,2329,733741,-,-
14626205,Weißkeißel,45,1196,-,-,-
14626206,"Weißwasser/O.L., Stadt",47,15172,5207670,-,-
14626300,"Bad Muskau, Stadt",44,3621,2296378,2114478,181900
14626300,"Weißer Schöps/Neiße, Verwaltungsverbandverwaltung",55,7769,-,-,-
14626301,Gablenz,45,1567,-,-,-
14626302,Horka,50,1547,279951,279951,-
14626302,Kodersdorf,50,2271,251034,251034,-
14626302,Kreba-Neudorf,45,836,295849,-,98791
14626303,Neißeaue,50,1624,276600,276600,-
14626304,Rietschen,44,2423,-,-,-
14626305,Schöpstal,50,2327,288540,288540,-
14626400,Dürrhennersdorf,45,857,-,-,-
14626401,Großschönau,44,5243,3394425,3394425,-
14626401,Hainewalde,45,1525,-,-,-
14626403,"Neusalza-Spremberg, Stadt",44,3140,1015200,-,-
14626405,Schönbach,45,1049,642400,642400,-
14626500,"Ebersbach-Neugersdorf, Stadt",40,11161,847187,-,-
14626500,Kottmar,40,7003,601325,601325,-
14626501,Hähnichen,45,1190,-,-,-
14626504,"Rothenburg/O.L., Stadt",44,4130,505015,-,-
14626600,"Bernstadt a. d. Eigen, Stadt",44,3162,-,-,-
14626605,Schönau-Berzdorf a. d. Eigen,45,1445,352189,-,-
14626700,Bertsdorf-Hörnitz,45,1980,1283180,777504,505676
14626701,Groß Düben,45,1051,209519,-,-
14626702,"Jonsdorf, Kurort",45,1442,342953,-,-
14626704,Olbersdorf,44,4407,5010224,2338697,-
14626704,Oybin,45,1281,870592,870592,-
14626704,Schleife,44,2528,2812470,-,274617
14626705,Trebendorf,45,728,-,-,-
14626800,Beiersdorf,45,1058,704190,-,-
14626804,Oppach,44,2245,295678,295678,-
14627000,"Coswig, Stadt",37,20396,-,-,-
14627000,Diera-Zehren,40,3189,-,-,-
14627000,Ebersbach,40,4382,995479,995479,-
14627000,"Großenhain, Stadt",37,18306,4077397,4077397,-
14627000,"Gröditz, Stadt",40,6900,4380025,4380025,-
14627000,Hirschstein,40,1946,2101477,1972564,-
14627000,Klipphausen,40,10472,17600584,17600584,-
14627000,Käbschütztal,40,2753,2136796,977549,-
14627000,"Lommatzsch, Stadt",40,4759,1376226,1376226,-
14627000,"Meißen, Stadt",37,28961,8450995,-,-
14627000,Moritzburg,40,8221,4747057,-,-
14627000,Niederau,40,4082,93750,93750,-
14627000,"Nossen, Stadt",40,10483,2118364,2118364,-
14627000,Priestewitz,40,3122,-,-,-
14627000,"Radebeul, Stadt",37,33160,11198496,-,-
14627000,"Radeburg, Stadt",40,7519,281145,-,-
14627000,"Riesa, Stadt",37,29454,25990010,-,-
14627000,Stauchitz,40,3044,903911,-,-
14627000,"Strehla, Stadt",40,3639,2051989,-,-
14627000,Thiendorf,40,3730,844374,844374,-
14627000,Weinböhla,40,10676,1287819,1287819,-
14627000,Zeithain,40,5517,-,-,-
14627010,"Meißen, Landkreisverwaltung",32,240406,5284271,-,-
14627402,Röderaue,44,2527,941904,941904,-
14627403,Wülknitz,45,1585,213899,-,-
14627500,Glaubitz,45,1928,-,-,-
14627501,Nünchritz,44,5384,87500,87500,-
14627801,Lampertswalde,45,2553,471367,-,-
14627802,Schönfeld,44,1718,283127,283127,-
14628000,Bannewitz,40,11149,6660037,-,-
14628000,"Dippoldiswalde, Stadt",37,13935,1824003,-,-
14628000,Dorfhain,45,1067,1181849,1181849,-
14628000,Dürrröhrsdorf-Dittersbach,40,4296,1518968,1518968,-
14628000,"Freital, Stadt",37,39404,-,-,-
14628000,"Glashütte, Stadt",40,6468,-,-,-
14628000,"Heidenau, Stadt",40,16778,-,-,-
14628000,"Hohnstein, Stadt",40,3172,1425256,1425256,-
14628000,Kreischa,40,4599,914569,914569,-
14628000,"Neustadt in Sachsen, Stadt",40,11986,2469070,-,-
14628000,"Rabenau, Stadt",40,4303,69160,-,-
14628000,"Sebnitz, Stadt",37,9561,4071026,4071026,-
14628000,"Stolpen, Stadt",40,5484,5361690,-,-
14628000,"Wilsdruff, Stadt",40,14598,31042991,-,-
14628001,Hartmannsdorf-Reichenau,45,1033,237070,237070,-
14628002,Klingenberg,44,6724,4216867,-,-
14628004,"Tharandt, Stadt",44,5205,5989095,-,-
14628010,"Sächsische Schweiz-Osterzgebirge, Landkreisverwaltung",32,245233,36023390,-,-
14628100,"Altenberg, Stadt",44,7604,18607688,-,-
14628101,Hermsdorf/Erzgeb.,45,742,308681,308681,-
14628102,Lohmen,44,3040,3633910,-,-
14628103,"Stadt Wehlen, Stadt",45,1565,1284043,-,-
14628200,"Bad Gottleuba-Berggießhübel, Stadt",44,5423,2740033,2740033,-
14628200,Bahretal,45,2116,1558123,1433065,-
14628202,"Liebstadt, Stadt",45,1218,309186,309186,-
14628400,"Bad Schandau, Stadt",44,3430,1421911,1421911,-
14628403,Rathmannsdorf,45,886,-,-,-
14628403,Reinhardtsdorf-Schöna,45,1289,240093,-,-
14628900,Dohma,45,1984,-,-,-
14628900,"Dohna, Stadt",44,6072,-,-,-
14628901,Gohrisch,45,1735,207944,-,-
14628902,"Königstein/Sächs. Schw., Stadt",44,2137,853798,853798,-
14628902,Müglitztal,45,1861,-,-,-
14628902,"Pirna, Stadt",47,40069,6353333,-,-
14628903,"Rathen, Kurort",45,332,-,-,-
14628903,Rosenthal-Bielatal,45,1551,-,-,-
14628903,Struppen,45,2417,892647,892647,-
14713000,"Leipzig, Stadt",30,604780,816690130,524327620,243189098
14729000,Bennewitz,40,5146,-,-,-
14729000,"Borna, Stadt",37,19497,180000,180000,-
14729000,Borsdorf,40,8249,1789908,-,-
14729000,"Brandis, Stadt",40,9772,4357637,-,-
14729000,"Böhlen, Stadt",40,6769,3759937,3759937,-
14729000,"Colditz, Stadt",40,8398,4196322,4196322,-
14729000,"Frohburg, Stadt",40,12321,2927864,-,-
14729000,"Geithain, Stadt",37,6914,11390,11390,-
14729000,"Grimma, Stadt",37,27679,6817902,6817902,-
14729000,"Groitzsch, Stadt",40,7486,2903561,-,-
14729000,Großpösna,40,5530,1125712,1125712,-
14729000,"Kitzscher, Stadt",40,5015,1410268,1410268,-
14729000,Machern,40,6589,12687690,12687690,-
14729000,"Markkleeberg, Stadt",37,25334,1037041,1037041,-
14729000,"Markranstädt, Stadt",40,16197,4473985,4473985,-
14729000,Neukieritzsch,40,7104,3061610,3061610,-
14729000,"Regis-Breitingen, Stadt",40,3873,346023,-,-
14729000,"Rötha, Stadt",40,6607,5296726,5296726,-
14729000,Thallwitz,40,3540,4826247,3695637,-
14729000,"Trebsen/Mulde, Stadt",40,3743,-,-,-
14729000,"Wurzen, Stadt",37,16166,4390062,-,-
14729000,"Zwenkau, Stadt",40,9221,7276315,-,-
14729010,"Leipzig, Landkreisverwaltung",32,260256,17847213,17847213,-
14729100,"Bad Lausick, Stadt",44,8040,1841938,-,-
14729103,Otterwisch,45,1348,251260,251260,-
14729500,Lossatal,40,6110,1402360,-,-
14729700,Belgershain,45,3472,2127046,-,-
14729703,"Naunhof, Stadt",44,8805,6390863,-,-
14729703,Parthenstein,45,3531,845465,-,-
14729801,Elstertrebnitz,45,1272,178753,178753,-
14729803,"Pegau, Stadt",44,6528,5984645,4684645,-
14730000,"Bad Düben, Stadt",40,7804,9321445,8821445,500000
14730000,Cavertitz,40,2116,801376,-,-
14730000,"Dahlen, Stadt",40,4218,1003186,-,-
14730000,"Delitzsch, Stadt",37,25992,-,-,-
14730000,Doberschütz,40,4028,1190900,1190900,-
14730000,"Eilenburg, Stadt",37,16425,8137231,-,-
14730000,Laußig,40,3608,2261374,2261374,-
14730000,Liebschützberg,40,2875,935471,-,-
14730000,Löbnitz,40,2110,1542355,-,-
14730000,Mockrehna,40,4921,-,-,-
14730000,"Mügeln, Stadt",40,5608,2589600,-,-
14730000,Naundorf,40,2172,-,-,-
14730000,"Oschatz, Stadt",37,14256,10374986,-,-
14730000,Rackwitz,40,5488,11877922,-,-
14730000,"Schkeuditz, Stadt",37,19403,829802,-,-
14730000,"Taucha, Stadt",40,15834,14258820,-,-
14730000,Wermsdorf,40,5178,1857484,1857484,-
14730000,Wiedemar,40,5543,5236413,5236413,-
14730010,"Nordsachsen, Landkreisverwaltung",32,200974,164872459,590750,1132269
14730100,"Eilenburg-West, Verwaltungsverbandverwaltung",55,5843,-,-,-
14730101,Dreiheide,45,2077,-,-,-
14730101,Jesewitz,50,3055,877061,-,-
14730103,"Torgau, Stadt",47,20155,16047645,-,-
14730103,Zschepplin,50,2788,620380,-,-
14730200,Arzberg,45,1864,671477,-,-
14730200,Beilrode,44,4205,367062,-,-
14730300,"Dommitzsch, Stadt",44,2274,2925536,2925536,-
14730301,Elsnig,45,1383,125739,-,-
14730303,Trossin,45,1246,324286,324286,-
14730500,"Belgern-Schildau, Stadt",40,7509,4687111,4687111,-
14730601,Krostitz,44,4168,-,-,-
14730602,Schönwölkau,45,2671,178985,178985,-
15001000,"Dessau-Roßlau, kreisfreie Stadt",30,75983,7970481,1183338,-
15002000,"Halle (Saale), kreisfreie Stadt",30,226894,603585647,242618978,-
15003000,"Magdeburg, kreisfreie Stadt, Landeshauptstadt",30,241011,449621905,-,25367986
15081000,"Arendsee (Altmark), Stadt",41,6374,784980,-,-
15081000,"Kalbe (Milde), Stadt",41,7152,1241693,-,-
15081000,"Klötze, Stadt",41,9799,38179,38179,-
15081010,"Altmarkkreis Salzwedel, Landkreisverwaltung",32,81144,28299779,-,-
15081100,"Apenburg-Winterfeld, Flecken",50,1682,-,-,-
15081100,Beetzendorf,50,2982,-,-,-
15081100,"Beetzendorf-Diesdorf, Verbandsgemeindeverwaltung",55,12578,397813,-,-
15081100,Dähre,50,1344,183425,183425,-
15081101,"Diesdorf, Flecken",50,2150,2354,2354,-
15081102,Jübar,50,1533,-,-,-
15081102,Kuhfelde,50,1047,-,-,-
15081104,Rohrberg,50,1000,-,-,-
15081105,Wallstawe,50,840,7411,7411,-
15081500,"Gardelegen, Hansestadt",41,22023,1941181,-,-
15081500,"Salzwedel, Hansestadt",41,23218,12932948,12932948,-
15082000,"Köthen (Anhalt), Stadt",41,24033,8095097,-,-
15082000,"Sandersdorf-Brehna, Stadt",41,14159,2050272,2050272,-
15082000,"Zerbst/Anhalt, Stadt",41,21369,173255,-,-
15082000,"Zörbig, Stadt",41,9032,813931,-,-
15082010,"Anhalt-Bitterfeld, Landkreisverwaltung",32,153972,72245466,21245466,-
15082100,Muldestausee,41,11613,6443295,2743295,3700000
15082100,"Raguhn-Jeßnitz, Stadt",41,8777,52295,-,-
15082500,"Aken (Elbe), Stadt",41,7224,4412300,-,-
15082500,"Bitterfeld-Wolfen, Stadt",41,36707,15993640,4993640,-
15082600,Osternienburger Land,41,8059,3749134,3749134,-
15082700,"Südliches Anhalt, Stadt",41,12999,3041601,-,-
15083000,Barleben,41,9114,1431331,-,-
15083000,"Haldensleben, Stadt",41,19174,1722455,-,-
15083000,Niedere Börde,41,6855,13817791,13817791,-
15083000,Sülzetal,41,8692,5101476,-,-
15083010,"Börde, Landkreisverwaltung",32,168641,35625291,35625291,-
15083100,Angern,50,1913,-,-,-
15083100,"Elbe-Heide, Verbandsgemeindeverwaltung",55,13386,19094678,19094678,-
15083100,"Oebisfelde-Weferlingen, Stadt",41,13055,16045103,-,-
15083100,"Wanzleben-Börde, Stadt",41,13883,13944933,-,-
15083101,Burgstall,50,1480,38317,-,-
15083101,Colbitz,50,3306,836258,836258,-
15083103,Loitsche-Heinrichsberg,50,937,7981,7981,-
15083104,Rogätz,50,2196,-,-,-
15083105,Westheide,50,1663,59022,59022,-
15083105,Zielitz,50,1891,1500680,-,-
15083200,Altenhausen,50,1010,112814,12814,100000
15083200,Beendorf,50,797,-,-,-
15083200,"Flechtingen, Verbandsgemeindeverwaltung",55,12608,21258777,21258777,-
15083201,Bülstringen,50,855,-,-,-
15083201,Calvörde,50,3235,718204,-,-
15083202,Erxleben,50,2705,22474,-,-
15083202,Flechtingen,50,2700,1629442,-,-
15083203,Ingersleben,50,1306,95024,-,-
15083300,"Obere Aller, Verbandsgemeindeverwaltung",55,13746,3071966,-,-
15083301,Eilsleben,50,3610,628694,628694,-
15083302,Harbke,50,1719,59027,-,-
15083303,Hötensleben,50,3467,533185,-,-
15083304,Sommersdorf,50,1315,22036,-,-
15083305,Ummendorf,50,930,483290,-,192985
15083305,Völpke,50,1123,-,-,-
15083305,Wefensleben,50,1582,507103,-,-
15083400,Am Großen Bruch,50,2020,86873,86873,-
15083400,Ausleben,50,1572,522227,522227,-
15083400,"Westliche Börde, Verbandsgemeindeverwaltung",55,8372,14503328,7653262,-
15083402,"Gröningen, Stadt",50,3395,1388411,1388411,-
15083403,"Kroppenstedt, Stadt",50,1385,335192,-,335192
15083500,"Oschersleben (Bode), Stadt",41,18715,10820819,10820819,-
15083500,"Wolmirstedt, Stadt",41,12218,130000,-,-
15083800,Hohe Börde,41,18823,12880778,2787373,10093405
15084000,Elsteraue,41,7828,5901388,5537914,-
15084000,"Teuchern, Stadt",41,7913,5415396,-,667653
15084000,"Weißenfels, Stadt",41,37874,32713256,-,-
15084000,"Zeitz, Stadt",41,28390,27902086,16162637,-
15084010,"Burgenlandkreis, Landkreisverwaltung",32,175011,36683873,36683873,-
15084100,"An der Finne, Verbandsgemeindeverwaltung",55,11249,15794610,15794610,-
15084100,An der Poststraße,50,1573,1236836,-,-
15084100,"Bad Bibra, Stadt",50,2576,3686550,2501134,680000
15084101,"Eckartsberga, Stadt",50,2240,38776,-,-
15084101,Finne,50,1185,436504,344167,-
15084101,Finneland,50,994,791223,666083,-
15084102,Kaiserpfalz,50,1633,20031,-,-
15084102,Lanitz-Hassel-Tal,50,1048,13678,-,-
15084200,"Droyßiger-Zeitzer Forst, Verbandsgemeindeverwaltung",55,8538,5763306,-,2669695
15084201,Droyßig,50,1869,2170977,769066,-
15084202,Gutenborn,50,1743,1011448,1011448,-
15084202,Kretzschau,50,2332,3241,3241,-
15084204,Schnaudertal,50,906,20255,20255,-
15084205,Wetterzeube,50,1688,138605,-,-
15084300,Balgstädt,50,1062,-,-,-
15084300,"Unstruttal, Verbandsgemeindeverwaltung",55,14810,3674390,3674390,-
15084301,"Freyburg (Unstrut), Stadt",50,4444,358354,358354,-
15084301,Gleina,50,1161,-,-,-
15084301,Goseck,50,1018,120331,120331,-
15084302,Karsdorf,50,1443,2618545,-,814500
15084302,"Laucha an der Unstrut, Stadt",50,2714,5099299,-,4596533
15084303,"Nebra (Unstrut), Stadt",50,2968,2320242,-,2225479
15084400,Meineweh,50,991,1703551,-,360000
15084400,"Wethautal, Verbandsgemeindeverwaltung",55,8688,8477494,8477494,-
15084403,Mertendorf,50,1587,2737511,487511,-
15084403,Molauer Land,50,988,107146,-,-
15084403,"Osterfeld, Stadt",50,2362,5813979,-,2080000
15084404,Schönburg,50,1043,764320,284320,480000
15084404,"Stößen, Stadt",50,878,536978,108418,-
15084405,Wethau,50,839,1281874,86183,215691
15084500,"Hohenmölsen, Stadt",41,9254,459312,-,-
15084500,"Lützen, Stadt",41,8245,5743978,4069378,-
15084500,"Naumburg (Saale), Stadt",41,32222,8139736,-,-
15085000,"Ballenstedt, Stadt",41,8470,2039256,2039256,-
15085000,"Falkenstein/Harz, Stadt",41,5005,824693,824693,-
15085000,"Ilsenburg (Harz), Stadt",41,9516,1002234,1002234,-
15085000,"Osterwieck, Stadt",41,11163,25583126,-,13362000
15085000,"Thale, Stadt",41,17059,30095503,-,-
15085000,"Wernigerode, Stadt",41,32369,32164425,29336224,-
15085010,"Harz, Landkreisverwaltung",32,207872,116605707,-,72903513
15085100,Ditfurt,50,1424,729188,-,-
15085100,"Vorharz, Verbandsgemeindeverwaltung",55,11794,1187491,1187491,-
15085101,Groß Quenstedt,50,851,1292813,-,-
15085101,Harsleben,50,2162,1792956,-,-
15085101,Hedersleben,50,1266,28272,-,-
15085102,"Schwanebeck, Stadt",50,2359,1526047,1526047,-
15085102,Selke-Aue,50,1311,-,-,-
15085103,"Wegeleben, Stadt",50,2421,2162012,-,-
15085500,"Blankenburg (Harz), Stadt",41,19319,21872419,-,-
15085500,"Halberstadt, Stadt",41,38050,18706423,-,-
15085500,"Harzgerode, Stadt",41,7514,4014129,2614129,400000
15085500,Huy,41,6720,29099846,6051345,11344388
15085500,"Quedlinburg, Welterbestadt",41,23344,25420458,-,10000000
15085700,Nordharz,41,7722,2864310,-,120000
15085800,"Oberharz am Brocken, Stadt",41,9827,30531393,1424105,15090648
15086000,"Genthin, Stadt",41,13594,4736328,4736328,-
15086000,"Jerichow, Stadt",41,6633,1271110,762110,509000
15086000,"Möckern, Stadt",41,12679,447965,447965,-
15086010,"Jerichower Land, Landkreisverwaltung",32,88878,24872516,24872516,-
15086500,Biederitz,41,8516,9875888,5821441,-
15086500,"Burg, Stadt",41,22391,25722617,-,10163072
15086500,Elbe-Parey,41,6455,4344416,-,-
15086500,"Gommern, Stadt",41,10192,8206185,-,-
15086500,Möser,41,8418,6143178,5426870,374891
15087000,"Eisleben, Lutherstadt",41,22642,18853585,-,15000000
15087000,"Hettstedt, Stadt",41,13042,31413266,15553658,-
15087000,"Sangerhausen, Stadt",41,25723,33363688,-,7838586
15087010,"Mansfeld-Südharz, Landkreisverwaltung",32,130693,102007726,21384807,-
15087100,"Arnstein, Stadt",41,6215,2546354,2046354,-
15087100,Berga,50,1663,550097,550097,-
15087100,"Goldene Aue, Verbandsgemeindeverwaltung",55,9203,2447341,-,-
15087101,Brücken-Hackpfüffel,50,984,386809,386809,-
15087101,Edersleben,50,956,1201983,201983,-
15087102,"Kelbra (Kyffhäuser), Stadt",50,3215,3291876,250000,296857
15087104,Wallhausen,50,2385,674831,674831,-
15087200,Ahlsdorf,50,1518,3794979,395680,217299
15087200,Benndorf,50,1937,92517,-,-
15087200,Blankenheim,50,1144,610403,-,500000
15087200,Bornstedt,50,787,700000,-,700000
15087200,"Mansfelder Grund-Helbra, Verbandsgemeindeverwaltung",55,13746,1303805,1103805,-
15087200,Südharz,41,8925,3418157,3418157,-
15087202,Helbra,50,3683,2124290,734403,189887
15087202,Hergisdorf,50,1449,2354547,379547,1975000
15087202,Klostermansfeld,50,2141,1290213,90213,-
15087204,Wimmelburg,50,1087,1751,1751,-
15087500,"Allstedt, Stadt",41,7628,4521171,-,-
15087500,"Gerbstedt, Stadt",41,6751,12960334,2637210,3823124
15087500,"Mansfeld, Stadt",41,8286,9870510,2800273,1270237
15087600,Seegebiet Mansfelder Land,41,8532,6116033,-,5703537
15088000,"Bad Dürrenberg, Solestadt",41,11510,8786208,8726208,-
15088000,Kabelsketal,41,8814,56000,-,-
15088000,"Merseburg, Stadt",41,33887,7972466,7972466,-
15088000,Schkopau,41,10908,106330,-,-
15088010,"Saalekreis, Landkreisverwaltung",32,182380,45175172,45175172,-
15088100,Barnstädt,50,934,-,-,-
15088100,"Weida-Land, Verbandsgemeindeverwaltung",55,7440,-,-,-
15088101,Farnstädt,50,1450,-,-,-
15088102,Nemsdorf-Göhrendorf,50,809,-,-,-
15088102,Obhausen,50,2142,-,-,-
15088103,"Schraplau, Stadt",50,1048,913864,135277,778587
15088103,Steigra,50,1057,451128,94738,-
15088500,"Bad Lauchstädt, Goethestadt",41,8904,8959350,8423122,-
15088500,"Braunsbedra, Stadt",41,10372,-,-,-
15088500,"Landsberg, Stadt",41,14685,19346605,-,-
15088500,"Leuna, Stadt",41,14078,45900,-,-
15088500,"Mücheln (Geiseltal), Stadt",41,8186,2663000,2663000,-
15088500,Petersberg,41,9415,9432953,9432953,-
15088500,"Querfurt, Stadt",41,10053,7398595,5398595,-
15088500,Teutschenthal,41,13065,8244870,8244870,-
15088600,"Wettin-Löbejün, Stadt",41,9671,18897810,5681710,4216100
15088900,Salzatal,41,11392,569953,-,-
15089000,"Bernburg (Saale), Stadt",41,31202,7595481,-,-
15089000,"Staßfurt, Stadt",41,23604,26559050,20348866,-
15089010,"Salzlandkreis, Landkreisverwaltung",32,182849,94487438,21778466,68770396
15089100,Borne,50,1145,2054972,-,1615951
15089100,Börde-Hakel,50,2918,7769399,623693,5284973
15089100,Bördeaue,50,1764,5635660,-,991852
15089100,"Egeln, Stadt",50,3144,4932558,-,1936611
15089100,"Egelner Mulde, Verbandsgemeindeverwaltung",55,10370,245061,245061,-
15089103,Wolmirsleben,50,1399,2102763,-,520810
15089200,"Alsleben (Saale), Stadt",50,2568,4357751,-,1864545
15089200,Bördeland,41,7509,7024652,3655132,3369520
15089200,"Saale-Wipper, Verbandsgemeindeverwaltung",55,9589,11739173,-,4826325
15089201,Giersleben,50,921,219947,-,-
15089201,"Güsten, Stadt",50,3922,7749370,-,2919659
15089201,Ilberstedt,50,961,1109365,-,889467
15089202,Plötzkau,50,1217,2369400,-,1336902
15089500,"Aschersleben, Stadt",41,25859,44098071,-,3117131
15089500,"Calbe (Saale), Stadt",41,8318,6084933,-,719408
15089500,"Hecklingen, Stadt",41,6580,14054217,132854,11031130
15089500,"Könnern, Stadt",41,7984,17055585,6933585,-
15089500,"Nienburg (Saale), Stadt",41,5729,28935936,-,18077025
15089500,"Schönebeck (Elbe), Stadt",41,30498,4339993,4339993,-
15089600,"Barby, Stadt",41,7945,3941999,-,2997582
15089700,"Seeland, Stadt",41,7662,2955702,628202,2327500
15090000,"Bismark (Altmark), Stadt",41,7735,385749,-,-
15090000,"Tangermünde, Stadt",41,10180,1268750,-,-
15090010,"Stendal, Landkreisverwaltung",32,107023,107956444,34887368,73069076
15090100,"Arneburg, Stadt",50,1406,23016,-,-
15090100,"Arneburg-Goldbeck, Verbandsgemeindeverwaltung",55,8349,287067,-,-
15090101,Eichstedt (Altmark),50,840,-,-,-
15090101,Goldbeck,50,1378,403372,350555,52817
15090102,Hassel,50,889,-,-,-
15090102,Hohenberg-Krusemark,50,1165,274301,274301,-
15090102,Iden,50,754,-,-,-
15090104,Rochau,50,986,45262,45262,-
15090106,"Werben (Elbe), Hansestadt",50,931,103036,103036,-
15090200,"Elbe-Havel-Land, Verbandsgemeindeverwaltung",55,7787,2597164,2597164,-
15090202,Kamern,50,1183,6709,6709,-
15090203,Klietz,50,1419,1855460,500743,-
15090204,"Sandau (Elbe), Stadt",50,804,72148,72148,-
15090204,Schollene,50,1085,95880,95880,-
15090205,Schönhausen (Elbe),50,2110,586363,579788,6575
15090206,Wust-Fischbeck,50,1186,-,-,-
15090300,Aland,50,1304,-,-,-
15090300,Altmärkische Höhe,50,1765,312769,93085,219684
15090300,Altmärkische Wische,50,838,539872,-,-
15090300,"Seehausen (Altmark), Verbandsgemeindeverwaltung",55,9342,1000000,-,-
15090305,"Seehausen (Altmark), Hansestadt",50,4625,1534823,-,1179488
15090306,Zehrental,50,810,-,-,-
15090500,"Havelberg, Hansestadt",41,6219,5563465,-,2170860
15090500,"Osterburg (Altmark), Hansestadt",41,9403,1189756,1105769,-
15090500,"Stendal, Hansestadt",41,37731,3137959,3137959,-
15090600,"Tangerhütte, Stadt",41,10277,7902492,2269368,5633124
15091000,"Annaburg, Stadt",41,6461,314993,314993,-
15091000,"Bad Schmiedeberg, Stadt",41,8025,26840981,5727328,2371737
15091000,"Coswig (Anhalt), Stadt",41,11253,23495299,6695299,-
15091000,"Gräfenhainichen, Stadt",41,11331,3769695,-,3759369
15091000,"Kemberg, Stadt",41,9425,4420166,-,134669
15091010,"Wittenberg, Landkreisverwaltung",32,122693,45303555,-,12908612
15091100,"Oranienbaum-Wörlitz, Stadt",41,8061,17490143,-,10888727
15091100,"Zahna-Elster, Stadt",41,9105,1421540,1421540,-
15091500,"Jessen (Elster), Stadt",41,13750,2678985,2673913,-
15091500,"Wittenberg, Lutherstadt",41,45282,71888264,-,-
16051000,"Erfurt, kreisfreie Stadt",30,218618,65784058,65784058,-
16052000,"Gera, kreisfreie Stadt",30,95160,55216025,55216025,-
16053000,"Jena, kreisfreie Stadt",30,110055,1690504,-,-
16054000,"Suhl, kreisfreie Stadt",30,35783,5738800,-,-
16055000,"Weimar, kreisfreie Stadt",30,65344,42883774,-,-
16056000,"Eisenach, kreisfreie Stadt",-,-,-,-,-
16061010,"Eichsfeld, Landkreisverwaltung",32,103068,6608957,6608957,-
16061100,Asbach-Sickenberg,-,-,-,-,-
16061100,Berlingerode,50,1198,268937,-,-
16061100,Brehme,50,1085,191250,-,-
16061100,Dietzenrode/Vatterode,-,-,-,-,-
16061100,Ecklingerode,50,683,788207,-,-
16061100,Ferna,50,532,-,-,-
16061100,"Lindenberg/Eichsfeld, Verwaltungsgemeinschaftsverwaltung",55,6570,8463869,8463869,-
16061100,Tastungen,50,257,20742,-,-
16061101,Teistungen,50,2434,708921,-,-
16061101,Uder,-,-,-,-,-
16061101,Wehnde,50,381,-,-,-
16061200,Asbach-Sickenberg,50,100,-,-,-
16061200,Birkenfelde,50,531,325753,-,-
16061200,Dietzenrode/Vatterode,50,126,-,-,-
16061200,Eichstruth,50,83,19651,-,-
16061200,Lenterode,50,313,9881,-,-
16061200,Lutter,50,711,-,-,-
16061200,Mackenrode,50,314,157867,157867,-
16061200,Röhrig,50,223,-,-,-
16061200,Schönhagen,50,148,38162,-,-
16061200,Steinheuterode,50,285,-,-,-
16061200,Thalwenden,50,356,147161,-,-
16061200,Uder,50,2660,-,-,-
16061200,"Uder, Verwaltungsgemeinschaftsverwaltung",55,6416,-,-,-
16061201,Wüstheuterode,50,566,-,-,-
16061300,Büttstedt,50,868,591551,591551,-
16061300,"Dingelstädt, Stadt",-,-,-,-,-
16061300,"Dingelstädt, Verwaltungsgemeinschaftsverwaltung",-,-,-,-,-
16061300,Effelder,50,1218,367991,-,-
16061300,Großbartloff,50,902,365743,365743,-
16061300,Helmsdorf,-,-,-,-,-
16061300,Kallmerode,-,-,-,-,-
16061300,Kefferhausen,-,-,-,-,-
16061300,Kreuzebra,-,-,-,-,-
16061300,Küllstedt,50,1266,327024,-,-
16061300,Silberhausen,-,-,-,-,-
16061300,"Westerwald-Oberreichsfeld, Verwaltungsgemeinschaftsverwaltung",55,4699,-,-,-
16061301,Wachstedt,50,445,5778,5778,-
16061400,Bernterode (bei Heilbad Heiligenstadt),-,-,-,-,-
16061400,Deuna,-,-,-,-,-
16061400,Dieterode,50,78,-,-,-
16061400,"Eichsfelder Kessel, Verwaltungsgemeinschaftsverwaltung",-,-,-,-,-
16061400,"Ershausen/Geismar, Verwaltungsgemeinschaftsverwaltung",55,4950,-,-,-
16061400,Geismar,50,1035,188592,188592,-
16061400,Gerterode,-,-,-,-,-
16061400,Hausen,-,-,-,-,-
16061400,Kella,50,482,9340,9340,-
16061400,Kleinbartloff,-,-,-,-,-
16061400,Krombach,50,177,-,-,-
16061400,Niederorschel,-,-,-,-,-
16061400,Niederorschel,41,5476,3423588,-,-
16061400,Pfaffschwende,50,306,-,-,-
16061400,Schwobfeld,50,105,28000,-,-
16061400,Sickerode,50,138,41500,41500,-
16061400,Volkerode,50,239,24957,24957,-
16061401,Schimberg,50,2158,109665,109665,-
16061401,Wiesenfeld,50,232,2613,-,-
16061500,"Heilbad Heiligenstadt, Stadt",41,16890,2656445,-,-
16061500,"Leinefelde-Worbis, Stadt",41,20094,30106012,-,-
16061600,Am Ohmberg,41,3599,769782,769782,-
16061600,Breitenworbis,50,3173,1088986,-,-
16061600,Buhla,50,469,-,-,-
16061600,"Eichsfeld-Wipperaue, Verwaltungsgemeinschaftsverwaltung",55,7119,-,-,-
16061600,Gernrode,50,1462,100000,-,-
16061600,Haynrode,50,698,342557,254370,-
16061600,Kirchworbis,50,1317,-,-,-
16061700,Sonnenstein,41,4284,1259447,-,-
16061800,Arenshausen,50,1016,285011,-,-
16061800,Bornhagen,50,242,119700,-,-
16061800,Burgwalde,50,224,14190,-,-
16061800,"Dingelstädt, Stadt",41,10768,3317104,-,-
16061800,Freienhagen,50,293,61764,61764,-
16061800,Fretterode,50,181,46490,46490,-
16061800,Gerbershausen,50,597,-,-,-
16061800,"Hanstein-Rusteberg, Verwaltungsgemeinschaftsverwaltung",55,5586,130000,-,-
16061800,Hohengandern,50,599,219388,-,-
16061800,Kirchgandern,50,593,-,-,-
16061800,Lindewerra,50,259,-,-,-
16061800,Marth,50,322,-,-,-
16061800,Rohrberg,50,223,-,-,-
16061800,Rustenfelde,50,515,284805,284805,-
16061800,Schachtebich,50,236,-,-,-
16061801,Wahlhausen,50,286,88800,88800,-
16061900,Bodenrode-Westhausen,50,1051,720239,-,-
16061900,Geisleden,50,989,897699,-,-
16061900,Glasehausen,50,149,5517,5517,-
16061900,Heuthen,50,726,414096,-,-
16061900,Hohes Kreuz,50,1259,747736,747736,-
16061900,"Leinetal, Verwaltungsgemeinschaftsverwaltung",55,6617,-,-,-
16061900,Reinholterode,50,780,715794,-,-
16061900,Steinbach,50,536,368941,-,-
16061901,Wingerode,50,1127,290302,-,-
16062010,"Nordhausen, Landkreisverwaltung",32,81760,11176855,-,-
16062100,"Nordhausen, Stadt",41,41220,33058061,33058061,-
16062200,"Bleicherode, Stadt",-,-,-,-,-
16062200,Etzelsrode,-,-,-,-,-
16062200,Friedrichsthal,-,-,-,-,-
16062200,Hohenstein,41,2015,-,-,-
16062200,Kehmstedt,-,-,-,-,-
16062200,Kleinbodungen,-,-,-,-,-
16062200,Kraja,-,-,-,-,-
16062200,Lipprechterode,-,-,-,-,-
16062200,Niedergebra,-,-,-,-,-
16062300,Görsbach,45,983,14838,14838,-
16062300,"Heringen/Helme, Stadt",44,4594,1828237,-,-
16062300,Urbach,45,881,259476,259476,-
16062300,Werther,41,2950,1342297,-,185731
16062400,"Bleicherode, Stadt",44,10012,3526186,-,-
16062400,Großlohra,-,-,-,-,-
16062400,Großlohra,45,836,55159,-,-
16062400,"Hainleite, Verwaltungsgemeinschaftsverwaltung",-,-,-,-,-
16062400,Hainrode/Hainleite,-,-,-,-,-
16062400,Kehmstedt,45,450,-,-,-
16062400,Kleinfurra,-,-,-,-,-
16062400,Kleinfurra,45,984,227500,-,-
16062400,Lipprechterode,45,517,-,-,-
16062400,Niedergebra,45,610,-,-,-
16062400,Nohra,-,-,-,-,-
16062400,Wipperdorf,-,-,-,-,-
16062400,Wolkramshausen,-,-,-,-,-
16062500,"Ellrich, Stadt",41,5346,1067604,-,-
16062500,Harztor,41,7413,4642659,-,-
16062900,Sollstedt,41,2949,1452643,1452643,-
16063010,"Wartburgkreis, Landkreisverwaltung",32,156538,-,-,-
16063100,"Bad Salzungen, Stadt",44,22808,6273164,-,-
16063100,Krayenberggemeinde,41,4927,2064275,-,-
16063100,Leimbach,45,1768,-,-,-
16063200,"Vacha, Stadt",41,4959,3932165,-,-
16063200,Wutha-Farnroda,41,6314,10216,-,-
16063300,"Berka/Werra, Stadt",-,-,-,-,-
16063300,"Berka/Werra, Verwaltungsgemeinschaftsverwaltung",-,-,-,-,-
16063300,Dankmarshausen,-,-,-,-,-
16063300,Dippach,-,-,-,-,-
16063300,Großensee,-,-,-,-,-
16063300,"Werra-Suhl-Tal, Stadt",41,6132,3504316,3504316,-
16063400,Barchfeld-Immelborn,41,4300,20203,-,-
16063400,Brunnhartshausen,-,-,-,-,-
16063400,Dermbach,-,-,-,-,-
16063400,"Dermbach, Verwaltungsgemeinschaftsverwaltung",-,-,-,-,-
16063400,Moorgrund,-,-,-,-,-
16063400,Neidhartshausen,-,-,-,-,-
16063400,Oechsen,-,-,-,-,-
16063400,"Stadtlengsfeld, Stadt",-,-,-,-,-
16063400,Urnshausen,-,-,-,-,-
16063400,Weilar,-,-,-,-,-
16063400,Wiesenthal,-,-,-,-,-
16063400,Zella/Rhön,-,-,-,-,-
16063500,"Eisenach, Stadt",41,40595,20249792,20249792,-
16063600,Berka v. d. Hainich,50,720,-,-,-
16063600,Bischofroda,50,629,-,-,-
16063600,Buttlar,45,1145,257620,257620,-
16063600,"Creuzburg, Stadt",-,-,-,-,-
16063600,Ebenshausen,-,-,-,-,-
16063600,Frankenroda,50,314,-,-,-
16063600,"Geisa, Stadt",44,4756,4379184,-,-
16063600,Gerstengrund,45,67,-,-,-
16063600,"Hainich-Werratal, Verwaltungsgemeinschaftsverwaltung",55,9238,-,-,-
16063600,Hallungen,50,177,68100,-,-
16063600,Ifta,-,-,-,-,-
16063600,Krauthausen,50,1542,-,-,-
16063600,Lauterbach,50,665,-,-,-
16063600,Mihla,-,-,-,-,-
16063600,Nazza,50,526,-,-,-
16063600,Schleid,45,1015,67500,67500,-
16063600,"Treffurt, Stadt",41,5853,2127405,-,-
16063601,"Amt Creuzburg, Stadt",50,4665,687035,687035,-
16063700,Gerstungen,41,9021,2976875,-,-
16063700,"Ruhla, Stadt",44,5194,2299569,2299569,-
16063700,Seebach,45,1747,190374,190374,-
16063800,Diedorf/Rhön,-,-,-,-,-
16063800,Empfertshausen,-,-,-,-,-
16063800,Hörselberg-Hainich,41,6023,8141763,8141763,-
16063800,Unterbreizbach,41,3289,-,-,-
16063801,"Kaltennordheim, Stadt",-,-,-,-,-
16063900,"Bad Liebenstein, Stadt",41,7725,24565,-,-
16063900,Dermbach,44,7024,2220023,-,-
16063900,Empfertshausen,45,523,93100,-,-
16063900,Oechsen,45,599,210639,-,-
16063900,Weilar,45,794,267620,-,-
16063900,Wiesenthal,45,722,473948,-,-
16064010,"Unstrut-Hainich-Kreis, Landkreisverwaltung",32,96506,19543690,-,-
16064100,"Bad Tennstedt, Stadt",50,2403,1330800,-,-
16064100,"Bad Tennstedt, Verwaltungsgemeinschaftsverwaltung",55,6489,159256,-,-
16064100,Ballhausen,50,838,23236,-,-
16064100,Blankenburg,50,163,-,-,-
16064100,Bruchstedt,50,275,43103,-,-
16064100,Großvargula,45,701,-,-,-
16064100,Haussömmern,50,204,58603,58603,-
16064100,Herbsleben,44,2816,-,-,-
16064100,Hornsömmern,50,148,-,-,-
16064100,Kirchheilingen,50,763,2907,-,-
16064100,Klettstedt,-,-,-,-,-
16064100,Kutzleben,50,605,-,-,-
16064100,Mittelsömmern,50,203,6754,6754,-
16064100,Sundhausen,50,366,86864,86864,-
16064100,Tottleben,50,140,5581,-,-
16064100,Unstruttal,41,6089,954035,-,-
16064100,Urleben,50,381,-,-,-
16064200,Menteroda,-,-,-,-,-
16064200,Rodeberg,45,1969,2131316,-,-
16064200,Südeichsfeld,44,6299,5701343,-,-
16064300,Anrode,-,-,-,-,-
16064300,"Bad Langensalza, Stadt",41,16744,8685923,8685923,-
16064300,Kammerforst,45,787,50253,-,-
16064300,Oppershausen,45,291,-,-,-
16064300,Vogtei,44,4220,367072,367072,-
16064400,Dünwald,-,-,-,-,-
16064400,Schönstedt,45,1306,297500,-,-
16064400,Südeichsfeld,-,-,-,-,-
16064400,Unstrut-Hainich,44,5108,2085998,2085998,-
16064500,Körner,45,1611,2188226,2188226,-
16064500,Marolterode,45,298,93912,93912,-
16064500,"Nottertal-Heilinger Höhen, Stadt",44,5826,10458063,10458063,-
16064600,Altengottern,-,-,-,-,-
16064600,Flarchheim,-,-,-,-,-
16064600,Großengottern,-,-,-,-,-
16064600,Heroldishausen,-,-,-,-,-
16064600,"Mühlhausen/Thüringen, Stadt",41,35952,3483949,-,-
16064600,Mülverstedt,-,-,-,-,-
16064600,Schönstedt,-,-,-,-,-
16064600,Unstrut-Hainich,-,-,-,-,-
16064600,"Unstrut-Hainich, Verwaltungsgemeinschaftsverwaltung",-,-,-,-,-
16064600,Weberstedt,-,-,-,-,-
16064600,Weinbergen,-,-,-,-,-
16064900,Bothenheilingen,-,-,-,-,-
16064900,Issersheilingen,-,-,-,-,-
16064900,Kleinwelsbach,-,-,-,-,-
16064900,Körner,-,-,-,-,-
16064900,Marolterode,-,-,-,-,-
16064900,Neunheilingen,-,-,-,-,-
16064900,Obermehler,-,-,-,-,-
16064900,"Schlotheim, Stadt",-,-,-,-,-
16064900,"Schlotheim, Verwaltungsgemeinschaftsverwaltung",-,-,-,-,-
16065010,"Kyffhäuserkreis, Landkreisverwaltung",32,73048,41091590,-,-
16065100,"An der Schmücke, Verwaltungsgemeinschaftsverwaltung",-,-,-,-,-
16065100,Bretleben,-,-,-,-,-
16065100,Etzleben,-,-,-,-,-
16065100,Gorsleben,-,-,-,-,-
16065100,Hauteroda,-,-,-,-,-
16065100,"Heldrungen, Stadt",-,-,-,-,-
16065100,Hemleben,-,-,-,-,-
16065100,Oberheldrungen,-,-,-,-,-
16065100,Oldisleben,-,-,-,-,-
16065100,"Roßleben, Stadt",-,-,-,-,-
16065200,Abtsbessingen,45,485,-,-,-
16065200,"Artern/Unstrut, Stadt",-,-,-,-,-
16065200,Bellstedt,45,161,-,-,-
16065200,"Clingen, Stadt",50,1016,-,-,-
16065200,"Ebeleben, Stadt",44,2668,407136,407136,-
16065200,Freienbessingen,45,186,-,-,-
16065200,"Greußen, Stadt",-,-,-,-,-
16065200,"Greußen, Verwaltungsgemeinschaftsverwaltung",55,2984,-,-,-
16065200,"Großenehrich, Stadt",-,-,-,-,-
16065200,Helbedündorf,41,2153,-,-,-
16065200,Holzsußra,45,260,11149,11149,-
16065200,Niederbösa,50,120,-,-,-
16065200,Oberbösa,50,299,-,-,-
16065200,Rockstedt,45,200,28740,28740,-
16065200,Thüringenhausen,-,-,-,-,-
16065200,Topfstedt,50,543,-,-,-
16065200,Trebra,50,294,-,-,-
16065200,Wasserthaleben,50,366,-,-,-
16065200,Westgreußen,50,346,-,-,-
16065200,Wolferschwenda,-,-,-,-,-
16065300,"Bad Frankenhausen/Kyffhäuser, Stadt",41,9847,11707662,-,-
16065400,Donndorf,-,-,-,-,-
16065400,"Wiehe, Stadt",-,-,-,-,-
16065500,"Artern, Stadt",44,6553,5946525,-,-
16065500,Borxleben,45,275,-,-,-
16065500,Gehofen,45,599,44664,44664,-
16065500,Kalbsrieth,45,604,55388,-,-
16065500,Kyffhäuserland,41,3903,622820,622820,-
16065500,Mönchpfiffel-Nikolausrieth,45,299,4400,-,-
16065500,Reinsdorf,45,798,7669,-,-
16065600,"An der Schmücke, Stadt",44,5949,1399723,-,-
16065600,Borxleben,-,-,-,-,-
16065600,Etzleben,45,265,307513,-,-
16065600,Gehofen,-,-,-,-,-
16065600,Heygendorf,-,-,-,-,-
16065600,Ichstedt,-,-,-,-,-
16065600,Kalbsrieth,-,-,-,-,-
16065600,"Mittelzentrum Artern, Verwaltungsgemeinschaftsverwaltung",-,-,-,-,-
16065600,Mönchpfiffel-Nikolausrieth,-,-,-,-,-
16065600,Nausitz,-,-,-,-,-
16065600,Oberheldrungen,45,728,-,-,-
16065600,Reinsdorf,-,-,-,-,-
16065600,Ringleben,-,-,-,-,-
16065600,Voigtstedt,-,-,-,-,-
16065700,"Roßleben-Wiehe, Stadt",41,7135,2372551,2372551,-
16065700,"Sondershausen, Stadt",41,21342,654393,-,-
16065900,"Greußen, Stadt",41,5654,1687951,1687951,-
16066000,Henneberg,-,-,-,-,-
16066000,"Meiningen, Stadt",44,24522,1117520,1117520,-
16066000,Rippershausen,45,797,-,-,-
16066000,Stepfershausen,-,-,-,-,-
16066000,Sülzfeld,45,823,1639000,1639000,-
16066000,Untermaßfeld,45,1293,-,-,-
16066010,"Schmalkalden-Meiningen, Landkreisverwaltung",32,121432,-,-,-
16066100,Breitungen/Werra,44,4441,1250210,1250210,-
16066100,Fambach,45,1925,270625,-,-
16066100,Rosa,45,679,-,-,-
16066100,Roßdorf,45,566,25863,-,-
16066200,"Zella-Mehlis, Stadt",41,12303,952807,952807,-
16066300,Floh-Seligenthal,41,5647,-,-,-
16066300,Friedelshausen,50,278,53620,53620,-
16066300,Hümpfershausen,-,-,-,-,-
16066300,Mehmels,50,339,228325,228325,-
16066300,Metzels,-,-,-,-,-
16066300,Oepfershausen,-,-,-,-,-
16066300,Rhönblick,41,2619,1174842,-,-
16066300,"Schmalkalden, Stadt",41,19030,15767947,15767947,-
16066300,Schwallungen,50,2204,-,-,-
16066300,Unterkatz,-,-,-,-,-
16066300,Wahns,-,-,-,-,-
16066300,Wallbach,-,-,-,-,-
16066300,Walldorf,-,-,-,-,-
16066300,"Wasungen, Stadt",50,5455,2795982,2795982,-
16066300,"Wasungen-Amt Sand, Verwaltungsgemeinschaftsverwaltung",55,8276,-,-,-
16066400,Altersbach,-,-,-,-,-
16066400,Belrieth,50,335,4998,4998,-
16066400,Bermbach,-,-,-,-,-
16066400,"Brotterode-Trusetal, Stadt",41,5678,2344204,2344204,-
16066400,Christes,50,531,-,-,-
16066400,Dillstädt,50,731,-,-,-
16066400,"Dolmar-Salzbrücke, Verwaltungsgemeinschaftsverwaltung",55,8568,64597,-,-
16066400,Einhausen,50,414,281526,281526,-
16066400,Ellingshausen,50,211,57092,57092,-
16066400,Grabfeld,41,5548,123750,123750,-
16066400,"Haselgrund, Verwaltungsgemeinschaftsverwaltung",-,-,-,-,-
16066400,Kühndorf,50,892,232000,232000,-
16066400,Leutersdorf,50,209,28000,-,-
16066400,Neubrunn,50,517,-,-,-
16066400,Obermaßfeld-Grimmenthal,50,1189,-,-,-
16066400,"Oberschönau, Kurort",-,-,-,-,-
16066400,Ritschenhausen,50,318,-,-,-
16066400,Rohr,50,925,489600,489600,-
16066400,Rotterode,-,-,-,-,-
16066400,Schwarza,50,1118,364187,-,-
16066400,Unterschönau,-,-,-,-,-
16066400,Utendorf,50,414,-,-,-
16066400,Vachdorf,50,764,228168,228168,-
16066400,Viernau,-,-,-,-,-
16066400,Wölfershausen,-,-,-,-,-
16066500,Aschenhausen,-,-,-,-,-
16066500,Birx,50,167,101341,101341,-
16066500,Erbenhausen,50,553,117998,-,-
16066500,Frankenheim/Rhön,50,1052,962117,-,-
16066500,"Hohe Rhön, Verwaltungsgemeinschaftsverwaltung",55,7864,-,-,-
16066500,"Kaltennordheim, Stadt",50,5606,2822039,2822039,-
16066500,Kaltensundheim,-,-,-,-,-
16066500,Kaltenwestheim,-,-,-,-,-
16066500,Melpers,-,-,-,-,-
16066500,Oberkatz,-,-,-,-,-
16066500,Oberweid,50,486,516426,516426,-
16066500,Unterweid,-,-,-,-,-
16066600,Benshausen,-,-,-,-,-
16066700,"Oberhof, Stadt",41,1543,37699,37699,-
16066900,"Steinbach-Hallenberg, Stadt",41,9310,9698098,-,-
16067000,Crawinkel,-,-,-,-,-
16067000,Gräfenhain,-,-,-,-,-
16067000,Luisenthal,45,1180,416111,-,-
16067000,"Ohrdruf, Stadt",44,10103,3639850,-,-
16067000,Wölfis,-,-,-,-,-
16067010,"Gotha, Landkreisverwaltung",32,137254,17999745,-,-
16067100,"Apfelstädtaue, Verwaltungsgemeinschaftsverwaltung",-,-,-,-,-
16067100,Emleben,-,-,-,-,-
16067100,Georgenthal/Thür. Wald,-,-,-,-,-
16067100,Herrenhof,-,-,-,-,-
16067100,Hohenkirchen,-,-,-,-,-
16067100,Petriroda,-,-,-,-,-
16067200,Dachwig,50,1629,-,-,-
16067200,Drei Gleichen,44,8029,1004533,1004533,-
16067200,Döllstädt,50,1063,584592,584592,-
16067200,"Fahner Höhe, Verwaltungsgemeinschaftsverwaltung",55,7134,-,-,-
16067200,Gierstädt,50,792,-,-,-
16067200,Großfahner,50,860,-,-,-
16067200,Schwabhausen,45,800,-,-,-
16067200,Tonna,50,2790,-,-,-
16067200,"Waltershausen, Stadt",41,13144,4742898,71653,-
16067300,Leinatal,-,-,-,-,-
16067300,Nessetal,44,8076,1737061,1737061,-
16067300,Sonneborn,45,1228,-,-,-
16067400,Bad Tabarz,41,4082,7968187,-,-
16067400,Emleben,45,682,-,-,-
16067400,Georgenthal,44,7255,881280,-,-
16067400,Herrenhof,45,733,-,-,-
16067500,"Tambach-Dietharz/Thür. Wald, Stadt",41,4528,126962,126962,-
16067600,Ballstädt,-,-,-,-,-
16067600,Brüheim,-,-,-,-,-
16067600,Bufleben,-,-,-,-,-
16067600,Friedrichswerth,-,-,-,-,-
16067600,Goldbach,-,-,-,-,-
16067600,Haina,-,-,-,-,-
16067600,Hochheim,-,-,-,-,-
16067600,"Mittleres Nessetal, Verwaltungsgemeinschaftsverwaltung",-,-,-,-,-
16067600,Remstädt,-,-,-,-,-
16067600,Sonneborn,-,-,-,-,-
16067600,Wangenheim,-,-,-,-,-
16067600,Warza,-,-,-,-,-
16067600,Westhausen,-,-,-,-,-
16067700,Bienstädt,50,675,34200,-,-
16067700,Eschenbergen,50,717,707678,707678,-
16067700,Friemar,50,1000,224374,224374,-
16067700,Molschleben,50,1033,699253,699253,-
16067700,Nesse-Apfelstädt,41,6024,4265484,-,-
16067700,"Nesseaue, Verwaltungsgemeinschaftsverwaltung",55,5649,-,-,-
16067700,Nottleben,50,430,-,-,-
16067700,Pferdingsleben,50,383,-,-,-
16067700,Tröchtelborn,50,307,199879,-,-
16067700,Tüttleben,50,757,571413,571413,-
16067700,Zimmernsupra,50,347,178283,-,-
16067800,Hörsel,41,4690,3750,3750,-
16067900,"Friedrichroda, Stadt",41,7409,1008224,-,-
16067900,"Gotha, Stadt",41,46508,10183929,-,-
16068000,Alperstedt,-,-,-,-,-
16068000,Elxleben,44,2246,3555430,-,-
16068000,"Gramme-Aue, Verwaltungsgemeinschaftsverwaltung",-,-,-,-,-
16068000,Großmölsen,-,-,-,-,-
16068000,Großrudestedt,-,-,-,-,-
16068000,Kleinmölsen,-,-,-,-,-
16068000,Nöda,-,-,-,-,-
16068000,Ollendorf,-,-,-,-,-
16068000,Udestedt,-,-,-,-,-
16068000,Witterda,45,1048,801215,801215,-
16068010,"Sömmerda, Landkreisverwaltung",32,68290,31391843,-,-
16068100,"An der Marke, Verwaltungsgemeinschaftsverwaltung",-,-,-,-,-
16068100,"Buttstädt, Stadt",-,-,-,-,-
16068100,"Buttstädt, Verwaltungsgemeinschaftsverwaltung",-,-,-,-,-
16068100,Eckstedt,-,-,-,-,-
16068100,Ellersleben,-,-,-,-,-
16068100,Eßleben-Teutleben,-,-,-,-,-
16068100,Großbrembach,-,-,-,-,-
16068100,Guthmannshausen,-,-,-,-,-
16068100,Hardisleben,-,-,-,-,-
16068100,Kleinbrembach,-,-,-,-,-
16068100,Mannstedt,-,-,-,-,-
16068100,Markvippach,-,-,-,-,-
16068100,Olbersleben,-,-,-,-,-
16068100,Rudersdorf,-,-,-,-,-
16068100,Schloßvippach,-,-,-,-,-
16068100,Sprötau,-,-,-,-,-
16068100,"Sömmerda, Stadt",41,18687,11963450,-,-
16068100,Vogelsberg,-,-,-,-,-
16068200,Alperstedt,50,747,586092,464404,121688
16068200,Andisleben,50,592,1156196,1156196,-
16068200,Eckstedt,50,587,-,-,-
16068200,"Gebesee, Stadt",50,2156,139195,-,-
16068200,"Gera-Aue, Verwaltungsgemeinschaftsverwaltung",55,4977,867033,-,-
16068200,"Gramme-Vippach, Verwaltungsgemeinschaftsverwaltung",55,9028,-,-,-
16068200,Großmölsen,50,232,-,-,-
16068200,Großrudestedt,50,1827,575275,575275,-
16068200,Kleinmölsen,50,298,-,-,-
16068200,Markvippach,50,549,-,-,-
16068200,Nöda,50,789,255000,-,-
16068200,Ollendorf,50,419,-,-,-
16068200,Ringleben,50,480,745521,745521,-
16068200,Schloßvippach,50,1337,1108077,-,-
16068200,Sprötau,50,811,-,-,-
16068200,Udestedt,50,760,-,-,-
16068200,Vogelsberg,50,672,-,-,-
16068200,Walschleben,50,1749,4325116,4325116,-
16068300,Buttstädt,41,6614,11371258,-,-
16068400,"Kölleda, Stadt",41,6610,223830,-,-
16068500,Bilzingsleben,-,-,-,-,-
16068500,Büchel,50,237,522334,522334,-
16068500,Frömmstedt,-,-,-,-,-
16068500,Griefstedt,50,240,31364,-,-
16068500,Günstedt,50,708,1122,-,-
16068500,Herrnschwende,-,-,-,-,-
16068500,Kannawurf,-,-,-,-,-
16068500,Kindelbrück,50,3849,2462710,-,-
16068500,"Kindelbrück, Stadt",-,-,-,-,-
16068500,"Kindelbrück, Verwaltungsgemeinschaftsverwaltung",55,5034,-,-,-
16068500,Riethgen,-,-,-,-,-
16068600,Beichlingen,-,-,-,-,-
16068600,Großneuhausen,50,636,-,-,-
16068600,Kleinneuhausen,50,432,-,-,-
16068600,"Kölleda, Stadt",-,-,-,-,-
16068600,"Kölleda, Verwaltungsgemeinschaftsverwaltung",55,3885,-,-,-
16068600,Ostramondra,50,452,-,-,-
16068600,"Rastenberg, Stadt",50,2365,1503599,-,-
16068800,"Weißensee, Stadt",41,3540,8978105,-,-
16068900,Gangloffsömmern,50,940,-,-,-
16068900,Haßleben,50,946,-,-,-
16068900,Henschleben,-,-,-,-,-
16068900,Riethnordhausen,50,993,-,-,-
16068900,Schwerstedt,50,555,-,-,-
16068900,Straußfurt,50,1921,1357792,-,-
16068900,"Straußfurt, Verwaltungsgemeinschaftsverwaltung",55,6621,-,-,-
16068900,Werningshausen,50,636,709789,23276,686513
16068900,Wundersleben,50,630,164426,164426,-
16069000,"Eisfeld, Stadt",-,-,-,-,-
16069000,Sachsenbrunn,-,-,-,-,-
16069010,"Hildburghausen, Landkreisverwaltung",32,61094,12682870,-,10000000
16069100,Auengrund,44,2841,660443,-,598671
16069100,Brünn/Thür.,45,417,-,-,-
16069100,Masserberg,41,2022,9531081,9531081,-
16069100,"Themar, Stadt",-,-,-,-,-
16069200,Ahlstädt,50,126,-,-,-
16069200,Beinerstadt,50,295,-,-,-
16069200,Bischofrod,50,160,-,-,-
16069200,Dingsleben,50,231,-,-,-
16069200,Ehrenberg,50,183,-,-,-
16069200,Eichenberg,50,154,-,-,-
16069200,"Eisfeld, Stadt",41,7292,126105,-,-
16069200,"Feldstein, Verwaltungsgemeinschaftsverwaltung",55,7151,-,-,-
16069200,Grimmelshausen,50,173,-,-,-
16069200,Grub,50,144,-,-,-
16069200,Henfstädt,50,319,-,-,-
16069200,Kloster Veßra,50,273,-,-,-
16069200,Lengfeld,50,384,-,-,-
16069200,Marisfeld,50,409,-,-,-
16069200,Oberstadt,50,323,-,-,-
16069200,Reurieth,50,760,-,-,-
16069200,"Römhild, Stadt",41,6509,-,-,-
16069200,Schleusegrund,41,2542,-,-,-
16069200,Schmeheim,50,250,-,-,-
16069200,St.Bernhard,50,247,54011,54011,-
16069200,"Themar, Stadt",50,2720,1147726,1147726,-
16069300,"Schleusingen, Stadt",41,10443,-,-,-
16069300,Veilsdorf,41,2705,1288158,-,-
16069400,"Bad Colberg-Heldburg, Stadt",-,-,-,-,-
16069400,Gompertshausen,-,-,-,-,-
16069400,"Heldburg, Stadt",50,3337,3001343,-,-
16069400,"Heldburger Unterland, Verwaltungsgemeinschaftsverwaltung",55,7368,-,-,-
16069400,Hellingen,-,-,-,-,-
16069400,"Hildburghausen, Stadt",41,11804,1282211,1282211,-
16069400,Schlechtsart,50,124,39504,39504,-
16069400,Schweickershausen,50,165,-,-,-
16069400,Straufhain,50,2724,143936,143936,-
16069400,"Ummerstadt, Stadt",50,456,392622,392622,-
16069400,Westhausen,50,562,13,13,-
16070000,"Arnstadt, Stadt",-,-,-,-,-
16070000,Wipfratal,-,-,-,-,-
16070010,"Ilm-Kreis, Landkreisverwaltung",32,106942,39595309,-,-
16070200,Angelroda,-,-,-,-,-
16070200,Elgersburg,50,1213,820057,-,-
16070200,Geraberg,-,-,-,-,-
16070200,"Geratal/Plaue, Verwaltungsgemeinschaftsverwaltung",55,4369,280741,-,-
16070200,Martinroda,50,1150,712116,-,-
16070200,Neusiß,-,-,-,-,-
16070200,"Plaue, Stadt",50,2006,1897790,-,-
16070300,Altenfeld,-,-,-,-,-
16070300,Böhlen,-,-,-,-,-
16070300,Friedersdorf,-,-,-,-,-
16070300,Gillersdorf,-,-,-,-,-
16070300,"Großbreitenbach, Stadt",-,-,-,-,-
16070300,"Großbreitenbach, Verwaltungsgemeinschaftsverwaltung",-,-,-,-,-
16070300,Herschdorf,-,-,-,-,-
16070300,Neustadt am Rennsteig,-,-,-,-,-
16070300,Wildenspring,-,-,-,-,-
16070400,"Arnstadt, Stadt",41,28382,28245891,-,-
16070700,Frankenhain,-,-,-,-,-
16070700,Gehlberg,-,-,-,-,-
16070700,Geratal,41,8717,8624450,-,1149769
16070700,Geschwenda,-,-,-,-,-
16070700,Gossel,-,-,-,-,-
16070700,Gräfenroda,-,-,-,-,-
16070700,Liebenstein,-,-,-,-,-
16070700,"Oberes Geratal, Verwaltungsgemeinschaftsverwaltung",-,-,-,-,-
16070700,"Plaue, Stadt",-,-,-,-,-
16070800,Amt Wachsenburg,41,7964,679420,-,-
16070800,Frauenwald,-,-,-,-,-
16070800,"Großbreitenbach, Stadt",41,6072,909463,909463,-
16070800,"Rennsteig, Verwaltungsgemeinschaftsverwaltung",-,-,-,-,-
16070800,Schmiedefeld am Rennsteig,-,-,-,-,-
16070800,"Stadtilm, Stadt",41,8319,3212837,3212837,-
16070800,Stützerbach,-,-,-,-,-
16070900,Alkersleben,50,296,-,-,-
16070900,Bösleben-Wüllersleben,50,626,-,-,-
16070900,Dornheim,50,570,-,-,-
16070900,Elleben,50,881,954895,954895,-
16070900,Elxleben,50,608,-,-,-
16070900,"Ilmenau, Stadt",41,39000,8629954,-,-
16070900,Kirchheim,-,-,-,-,-
16070900,Osthausen-Wülfershausen,50,507,8748,8748,-
16070900,"Riechheimer Berg, Verwaltungsgemeinschaftsverwaltung",55,4119,20000,-,-
16070900,Rockhausen,-,-,-,-,-
16070900,Witzleben,50,631,194787,-,-
16071010,"Weimarer Land, Landkreisverwaltung",32,83056,11943406,-,-
16071100,"Apolda, Stadt",41,22968,7827110,6416249,-
16071100,"Bad Sulza, Stadt",44,8072,6126689,-,-
16071100,Eberstedt,45,205,120000,-,-
16071100,Großheringen,45,630,-,-,-
16071100,Ilmtal-Weinstraße,41,6277,1078890,-,-
16071100,Ködderitzsch,-,-,-,-,-
16071100,Niedertrebra,45,760,41278,41278,-
16071100,Obertrebra,45,242,-,-,-
16071100,Rannstedt,-,-,-,-,-
16071100,Saaleplatte,-,-,-,-,-
16071100,Schmiedehausen,45,338,-,-,-
16071200,Bechstedtstraß,-,-,-,-,-
16071200,Daasdorf a. Berge,-,-,-,-,-
16071200,"Grammetal, Verwaltungsgemeinschaftsverwaltung",-,-,-,-,-
16071200,Hopfgarten,-,-,-,-,-
16071200,Isseroda,-,-,-,-,-
16071200,Kromsdorf,-,-,-,-,-
16071200,Mönchenholzhausen,-,-,-,-,-
16071200,Niederzimmern,-,-,-,-,-
16071200,Nohra,-,-,-,-,-
16071200,Ottstedt a. Berge,-,-,-,-,-
16071200,Troistedt,-,-,-,-,-
16071201,Ilmtal-Weinstraße,-,-,-,-,-
16071300,"Bad Berka, Stadt",41,7364,53998,53998,-
16071300,Ballstedt,-,-,-,-,-
16071300,Ballstedt,45,291,29136,29136,-
16071300,Berlstedt,-,-,-,-,-
16071300,"Buttelstedt, Stadt",-,-,-,-,-
16071300,Ettersburg,-,-,-,-,-
16071300,Ettersburg,45,734,-,-,-
16071300,Grammetal,41,6508,2914052,2914052,-
16071300,Großobringen,-,-,-,-,-
16071300,Heichelheim,-,-,-,-,-
16071300,Kleinobringen,-,-,-,-,-
16071300,Krautheim,-,-,-,-,-
16071300,Leutenthal,-,-,-,-,-
16071300,"Neumark, Stadt",-,-,-,-,-
16071300,"Neumark, Stadt",45,462,-,-,-
16071300,"Nordkreis Weimar, Verwaltungsgemeinschaftsverwaltung",-,-,-,-,-
16071300,Ramsla,-,-,-,-,-
16071300,Rohrbach,-,-,-,-,-
16071300,Sachsenhausen,-,-,-,-,-
16071300,Schwerstedt,-,-,-,-,-
16071300,Vippachedelhausen,-,-,-,-,-
16071300,Wohlsborn,-,-,-,-,-
16071301,Am Ettersberg,44,7102,2745746,2745746,-
16071700,Hohenfelden,50,389,171444,-,-
16071700,Klettbach,50,1275,715239,562129,-
16071700,"Kranichfeld, Stadt",50,3367,5046261,-,-
16071700,"Kranichfeld, Verwaltungsgemeinschaftsverwaltung",55,6270,71695,-,-
16071700,Nauendorf,50,302,173624,-,-
16071700,Rittersdorf,50,270,166657,-,-
16071700,Tonndorf,50,667,562071,562071,-
16071800,"Blankenhain, Stadt",41,6570,10696540,10696540,-
16071800,Buchfart,50,200,-,-,-
16071800,Döbritschen,50,232,-,-,-
16071800,Frankendorf,50,163,-,-,-
16071800,Großschwabhausen,50,1072,1490275,1490275,-
16071800,Hammerstedt,50,186,52557,-,-
16071800,Hetschburg,50,234,-,-,-
16071800,Kapellendorf,50,412,250000,-,-
16071800,Kiliansroda,50,184,22623,22623,-
16071800,Kleinschwabhausen,50,228,227281,-,-
16071800,Lehnstedt,50,329,108876,108876,-
16071800,"Magdala, Stadt",50,1969,1078559,-,-
16071800,Mechelroda,50,258,138968,138968,-
16071800,Mellingen,50,1500,22767,22767,-
16071800,"Mellingen, Verwaltungsgemeinschaftsverwaltung",55,8263,-,-,-
16071800,Oettern,50,122,-,-,-
16071800,Umpferstedt,50,647,177555,177555,-
16071800,Vollersroda,50,202,-,-,-
16071800,Wiegendorf,50,325,31672,31672,-
16072000,Bachfeld,-,-,-,-,-
16072000,"Schalkau, Stadt",-,-,-,-,-
16072010,"Sonneberg, Landkreisverwaltung",32,56167,24889237,-,-
16072100,Goldisthal,45,329,-,-,-
16072100,"Lauscha, Stadt",41,3172,1717099,1717099,-
16072100,"Neuhaus am Rennweg, Stadt",44,8854,4295056,-,-
16072300,Frankenblick,41,5536,1304448,-,-
16072400,Föritztal,41,8339,1023606,1023606,-
16072500,"Schalkau, Stadt",41,3220,96242,-,-
16072800,"Sonneberg, Stadt",41,23159,20283590,20283590,-
16072900,"Steinach, Stadt",41,3558,156000,-,-
16073010,"Saalfeld-Rudolstadt, Landkreisverwaltung",32,101356,14064556,14064556,-
16073100,Altenbeuthen,45,207,-,-,-
16073100,"Bergbahnregion/Schwarzatal, Verwaltungsgemeinschaftsverwaltung",-,-,-,-,-
16073100,Cursdorf,-,-,-,-,-
16073100,Deesbach,-,-,-,-,-
16073100,Hohenwarte,45,161,-,-,-
16073100,Katzhütte,-,-,-,-,-
16073100,Kaulsdorf,44,2313,-,-,-
16073100,Meuselbach-Schwarzmühle,-,-,-,-,-
16073100,"Oberweißbach/Thür. Wald, Stadt",-,-,-,-,-
16073100,Unterwellenborn,41,8398,49084,-,-
16073101,Drognitz,45,615,24375,24375,-
16073200,Cursdorf,50,600,503191,-,-
16073200,Deesbach,50,340,130858,130858,-
16073200,Döschnitz,50,216,36572,-,-
16073200,Katzhütte,50,1231,1063268,-,-
16073200,"Königsee, Stadt",-,-,-,-,-
16073200,Lichte,-,-,-,-,-
16073200,"Lichtetal am Rennsteig, Verwaltungsgemeinschaftsverwaltung",-,-,-,-,-
16073200,Meura,50,390,-,-,-
16073200,Piesau,-,-,-,-,-
16073200,Reichmannsdorf,-,-,-,-,-
16073200,Rohrbach,50,178,113953,-,-
16073200,Schmiedefeld,-,-,-,-,-
16073200,"Schwarzatal, Verwaltungsgemeinschaftsverwaltung",55,8312,19600,19600,-
16073200,Schwarzburg,50,505,424444,342584,81860
16073200,Sitzendorf,50,738,648262,-,146344
16073200,Unterweißbach,50,715,801257,-,172797
16073201,"Schwarzatal, Stadt",50,3399,1490868,-,-
16073300,Allendorf,-,-,-,-,-
16073300,Bechstedt,-,-,-,-,-
16073300,Dröbischau,-,-,-,-,-
16073300,Döschnitz,-,-,-,-,-
16073300,Mellenbach-Glasbach,-,-,-,-,-
16073300,Meura,-,-,-,-,-
16073300,"Mittleres Schwarzatal, Verwaltungsgemeinschaftsverwaltung",-,-,-,-,-
16073300,Oberhain,-,-,-,-,-
16073300,Rohrbach,-,-,-,-,-
16073300,Schwarzburg,-,-,-,-,-
16073300,Sitzendorf,-,-,-,-,-
16073300,Unterweißbach,-,-,-,-,-
16073400,Allendorf,45,334,-,-,-
16073400,Bechstedt,45,143,-,-,-
16073401,"Königsee, Stadt",44,7075,1554826,1510985,-
16073500,"Bad Blankenburg, Stadt",41,6008,5264236,4432417,-
16073500,"Gräfenthal, Stadt",50,1834,143551,-,-
16073500,"Lehesten, Stadt",50,1553,324598,324598,-
16073500,Probstzella,50,2723,644384,-,-
16073500,"Remda-Teichel, Stadt",-,-,-,-,-
16073500,"Schiefergebirge, Verwaltungsgemeinschaftsverwaltung",55,6110,-,-,-
16073600,"Leutenberg, Stadt",41,1999,-,-,-
16073600,"Rudolstadt, Stadt",41,24985,14675915,14675915,-
16073700,"Saalfeld/Saale, Stadt",41,29356,7151475,-,301582
16073900,Uhlstädt-Kirchhasel,41,5340,1315854,1315854,-
16074000,Bollberg,-,-,-,-,-
16074000,Möckern,45,111,-,-,-
16074000,Quirla,-,-,-,-,-
16074000,Ruttersdorf-Lotschen,45,349,-,-,-
16074000,"Stadtroda, Stadt",44,6671,3561113,3561113,-
16074010,"Saale-Holzland-Kreis, Landkreisverwaltung",32,83602,27194757,27194757,-
16074100,Altenberga,50,758,-,-,-
16074100,Bibra,50,267,-,-,-
16074100,Bucha,50,1185,637752,637752,-
16074100,"Bürgel, Stadt",44,3085,3213822,-,-
16074100,Eichenberg,50,370,331346,331346,-
16074100,Freienorla,50,325,12250,-,-
16074100,Graitschen b. Bürgel,45,411,-,-,-
16074100,Großeutersdorf,50,265,-,-,-
16074100,Großpürschütz,50,372,135860,119552,-
16074100,Gumperda,50,395,-,-,-
16074100,Hummelshain,50,598,84835,84835,-
16074100,Kleineutersdorf,50,327,49340,49340,-
16074100,Laasdorf,50,544,256948,-,-
16074100,Lindig,50,234,-,-,-
16074100,Milda,50,719,159602,148164,-
16074100,Nausnitz,45,82,-,-,-
16074100,"Orlamünde, Stadt",50,1079,557694,557694,-
16074100,Poxdorf,45,93,-,-,-
16074100,Reinstädt,50,458,-,-,-
16074100,Rothenstein,50,1151,1591172,-,102419
16074100,Schöps,50,290,-,-,-
16074100,Seitenroda,50,204,-,-,-
16074100,Sulza,50,270,-,-,-
16074100,"Südliches Saaletal, Verwaltungsgemeinschaftsverwaltung",55,10918,116984,116984,-
16074101,Unterbodnitz,-,-,-,-,-
16074101,Zöllnitz,50,1107,725494,725494,-
16074200,"Eisenberg, Stadt",44,10860,3829796,-,-
16074200,Gösen,45,211,62000,62000,-
16074200,Hainspitz,45,559,112355,-,-
16074200,Mertendorf,45,137,-,-,-
16074200,Petersberg,45,285,11907,-,-
16074200,Rauschwitz,45,221,-,-,-
16074300,Albersdorf,45,298,-,-,-
16074300,Bad Klosterlausnitz,44,3409,286000,286000,-
16074300,Bobeck,45,268,-,-,-
16074300,Scheiditz,45,52,-,-,-
16074300,Schlöben,45,930,108000,108000,-
16074300,Schöngleina,45,520,178000,178000,-
16074300,Serba,45,697,-,-,-
16074300,Tautenhain,45,923,-,-,-
16074301,Waldeck,45,221,-,-,-
16074301,Weißenborn,45,1157,7875,7875,-
16074400,"Hermsdorf, Stadt",50,8368,1025318,-,-
16074400,"Hermsdorf, Verwaltungsgemeinschaftsverwaltung",55,11363,-,-,-
16074400,"Kahla, Stadt",41,6895,3561660,3561660,-
16074400,Mörsdorf,50,546,493890,493890,-
16074400,Reichenbach,50,865,811363,-,-
16074400,Schleifreisen,50,414,-,-,-
16074400,St.Gangloff,50,1170,1104477,777318,180124
16074500,Crossen an der Elster,50,1614,705593,121000,485636
16074500,"Dornburg-Camburg, Stadt",50,5356,8432065,5979446,2060796
16074500,"Dornburg-Camburg, Verwaltungsgemeinschaftsverwaltung",55,10195,-,-,-
16074500,Frauenprießnitz,50,815,-,-,-
16074500,Golmsdorf,50,712,481280,305196,-
16074500,Großlöbichau,50,706,-,-,-
16074500,Hainichen,50,190,-,-,-
16074500,Hartmannsdorf,50,661,436792,-,-
16074500,Heideland,50,1753,547500,-,-
16074500,"Heideland-Elstertal-Schkölen, Verwaltungsgemeinschaftsverwaltung",55,7713,300475,-,-
16074500,Jenalöbnitz,50,148,-,-,-
16074500,Lehesten,50,661,-,-,-
16074500,Löberschütz,50,149,-,-,-
16074500,Neuengönna,50,670,22790,-,-
16074500,Rauda,50,291,47281,12500,-
16074500,Silbitz,50,618,237566,-,-
16074500,Tautenburg,50,283,-,-,-
16074500,Thierschneck,50,106,-,-,-
16074501,"Schkölen, Stadt",50,2603,180160,180160,-
16074501,Walpernhain,50,173,140000,140000,-
16074501,Wichmar,50,221,78369,-,78369
16074501,Zimmern,50,178,53515,-,-
16074700,Bremsnitz,50,147,-,-,-
16074700,Eineborn,50,326,-,-,-
16074700,Geisenhain,50,189,-,-,-
16074700,Gneus,50,148,-,-,-
16074700,Großbockedra,50,161,-,-,-
16074700,"Hügelland/Täler, Verwaltungsgemeinschaftsverwaltung",55,4968,-,-,-
16074700,Karlsdorf,50,119,-,-,-
16074700,Kleinbockedra,50,34,-,-,-
16074700,Kleinebersdorf,50,178,-,-,-
16074700,Lippersdorf-Erdmannsdorf,50,455,760325,-,-
16074700,Meusebach,50,84,-,-,-
16074700,Oberbodnitz,50,233,-,-,-
16074700,Ottendorf,50,400,-,-,-
16074700,Rattelsdorf,50,74,53521,43125,-
16074700,Rausdorf,50,206,-,-,-
16074700,Renthendorf,50,388,20000,-,-
16074700,Tautendorf,50,142,-,-,-
16074701,Tissa,50,135,-,-,-
16074701,Trockenborn-Wolfersdorf,50,630,-,-,-
16074701,Tröbnitz,50,450,106882,106882,-
16074701,Unterbodnitz,50,196,-,-,-
16074701,Waltersdorf,50,144,-,-,-
16074701,Weißbach,50,129,7820,7820,-
16075000,Kospoda,45,388,-,-,-
16075000,Linda b. Neustadt an der Orla,-,-,-,-,-
16075000,"Neustadt an der Orla, Stadt",44,8934,-,-,-
16075001,Stanau,-,-,-,-,-
16075010,"Saale-Orla-Kreis, Landkreisverwaltung",32,78296,24374233,3404910,-
16075100,Burgk,-,-,-,-,-
16075100,Dreitzsch,50,405,6543,6543,-
16075100,"Gefell, Stadt",41,2366,1322830,-,346435
16075100,Geroda,50,232,-,-,-
16075100,Lemnitz,50,379,-,-,-
16075100,Miesitz,50,277,-,-,-
16075100,Mittelpöllnitz,50,275,12958,12958,-
16075100,Rosendorf,50,163,-,-,-
16075100,Schmieritz,50,380,-,-,-
16075100,"Triptis, Verwaltungsgemeinschaftsverwaltung",55,5957,-,-,-
16075101,Remptendorf,-,-,-,-,-
16075101,"Triptis, Stadt",50,3723,99389,99389,-
16075101,Tömmelsdorf,50,123,-,-,-
16075200,"Bad Lobenstein, Stadt",41,5606,1909034,1909034,-
16075200,"Tanna, Stadt",41,3341,4302044,4302044,-
16075300,Crispendorf,-,-,-,-,-
16075300,Eßbach,50,228,112000,112000,-
16075300,Gössitz,50,290,-,-,-
16075300,Keila,50,74,-,-,-
16075300,Moxa,50,82,-,-,-
16075300,Paska,50,90,-,-,-
16075300,Peuschen,50,436,4190,4190,-
16075300,"Ranis, Stadt",50,1671,903412,-,-
16075300,"Ranis-Ziegenrück, Verwaltungsgemeinschaftsverwaltung",55,6680,-,-,-
16075300,"Wurzbach, Stadt",41,2920,1164465,547639,616826
16075301,Krölpa,50,2522,1900682,1350555,-
16075301,Schmorda,50,79,-,-,-
16075301,Schöndorf,50,262,-,-,-
16075301,Seisla,50,126,-,-,-
16075301,Wilhelmsdorf,50,203,53816,53816,-
16075301,"Ziegenrück, Stadt",50,617,47750,-,-
16075400,Bucha,-,-,-,-,-
16075400,Dittersdorf,50,454,167057,-,-
16075400,Dreba,-,-,-,-,-
16075400,Görkwitz,50,316,21373,-,-
16075400,Göschitz,50,201,125093,-,-
16075400,Kirschkau,50,196,50833,-,-
16075400,Knau,-,-,-,-,-
16075400,Löhma,50,271,125936,-,-
16075400,Moßbach,50,397,64158,-,-
16075400,Neundorf (bei Schleiz),50,259,-,-,-
16075400,Oettersdorf,50,793,444289,-,-
16075400,Plothen,50,259,124550,-,-
16075400,Pörmitz,50,162,-,-,-
16075400,Remptendorf,41,3181,19268,-,19268
16075400,"Seenplatte, Verwaltungsgemeinschaftsverwaltung",55,3932,-,-,-
16075401,Tegau,50,385,131555,131555,-
16075401,Volkmannsdorf,50,239,-,-,-
16075500,Bodelwitz,50,569,1880,-,-
16075500,Döbritz,50,176,22500,-,-
16075500,Gertewitz,50,126,-,-,-
16075500,Grobengereuth,50,191,-,-,-
16075500,Langenorla,50,1214,-,-,-
16075500,Lausnitz b. Neustadt an der Orla,50,312,90100,90100,-
16075500,Nimritz,50,347,54169,-,-
16075500,Oberoppurg,50,155,-,-,-
16075500,Oppurg,50,1164,77822,77822,-
16075500,"Oppurg, Verwaltungsgemeinschaftsverwaltung",55,5382,-,-,-
16075500,"Pößneck, Stadt",41,11924,7718331,3404906,-
16075500,Quaschwitz,50,69,-,-,-
16075500,"Saalburg-Ebersdorf, Stadt",41,3333,529634,529634,-
16075501,Solkwitz,50,64,31250,31250,-
16075501,Weira,50,378,53000,53000,-
16075501,Wernburg,50,617,88399,88399,-
16075600,"Hirschberg, Stadt",41,2121,3171910,3171910,-
16075600,Rosenthal am Rennsteig,41,3762,39115,-,-
16075800,Birkenhügel,-,-,-,-,-
16075800,Blankenberg,-,-,-,-,-
16075800,Blankenstein,-,-,-,-,-
16075800,Harra,-,-,-,-,-
16075800,Neundorf (bei Lobenstein),-,-,-,-,-
16075800,Pottiga,-,-,-,-,-
16075800,"Saale-Rennsteig, Verwaltungsgemeinschaftsverwaltung",-,-,-,-,-
16075800,Schlegel,-,-,-,-,-
16075800,"Schleiz, Stadt",41,8469,4100719,-,-
16076010,"Greiz, Landkreisverwaltung",32,95016,7524564,-,-
16076100,"Bad Köstritz, Stadt",44,3674,2552317,-,-
16076100,Caaschwitz,45,624,760966,-,-
16076100,Hartmannsdorf,-,-,-,-,-
16076100,"Ronneburg, Stadt",41,5039,4998420,4998420,-
16076200,"Auma-Weidatal, Stadt",41,3332,1005435,-,-
16076200,"Greiz, Stadt",-,-,-,-,-
16076200,"Greiz, Stadt",41,20113,8257095,8257095,-
16076200,Neumühle/Elster,-,-,-,-,-
16076300,Crimla,45,261,-,-,-
16076300,Mohlsdorf-Teichwolframsdorf,41,4549,932662,932662,-
16076300,"Weida, Stadt",44,8014,5262981,5262981,-
16076400,"Berga-Wünschendorf, Stadt",-,-,-,-,-
16076400,"Berga/Elster, Stadt",41,3222,931245,921307,9938
16076400,Braunichswalde,50,619,36795,-,-
16076400,Endschütz,50,325,-,-,-
16076400,Gauern,50,123,-,-,-
16076400,Hilbersdorf,50,198,-,-,-
16076400,Kauern,50,420,117369,-,-
16076400,Langenwolschendorf,45,789,69908,69908,-
16076400,Linda b. Weida,50,416,-,-,-
16076400,"Ländereck, Verwaltungsgemeinschaftsverwaltung",55,7179,-,-,-
16076400,Paitzdorf,50,422,31078,-,-
16076400,Rückersdorf,50,696,-,-,-
16076400,Seelingstädt,50,1159,2010463,-,-
16076400,Teichwitz,50,99,-,-,-
16076400,Weißendorf,45,318,-,-,-
16076400,Wünschendorf/Elster,50,2702,1109219,-,-
16076400,"Zeulenroda-Triebes, Stadt",44,15870,1533203,-,-
16076600,Bocka,50,468,807043,-,-
16076600,"Hohenleuben, Stadt",45,1464,82223,82223,-
16076600,Hundhaupten,50,324,22256,-,-
16076600,Kühdorf,-,-,-,-,-
16076600,Langenwetzendorf,44,4011,211755,211755,-
16076600,Lederhose,50,264,9675,-,-
16076600,Lindenkreuz,50,424,101412,-,-
16076600,"Münchenbernsdorf, Stadt",50,2896,745452,745452,-
16076600,"Münchenbernsdorf, Verwaltungsgemeinschaftsverwaltung",55,5879,-,-,-
16076600,Saara,50,578,100145,-,-
16076600,Schwarzbach,50,218,-,-,-
16076600,Zedlitz,50,707,204,-,-
16076800,"Am Brahmetal, Verwaltungsgemeinschaftsverwaltung",55,4333,-,-,-
16076800,Bethenhausen,50,215,-,-,-
16076800,Brahmenau,50,924,198500,-,-
16076800,Großenstein,50,1182,279466,-,-
16076800,Harth-Pöllnitz,41,2663,1425536,1425536,-
16076800,Hirschfeld,50,99,-,-,-
16076800,Korbußen,50,432,-,-,-
16076800,Pölzig,50,1020,-,-,-
16076800,Reichstädt,50,332,-,-,-
16076800,Schwaara,50,129,-,-,-
16076900,Kraftsdorf,41,3682,369992,-,-
16077000,"Gößnitz, Stadt",44,3399,1596144,-,-
16077000,Heyersdorf,45,108,-,-,-
16077000,Ponitz,45,1455,1838500,1838500,-
16077010,"Altenburger Land, Landkreisverwaltung",32,88028,28191553,-,-
16077100,"Altenburg, Stadt",41,31001,9803429,-,-
16077100,"Altenburger Land, Verwaltungsgemeinschaftsverwaltung",-,-,-,-,-
16077100,Altkirchen,-,-,-,-,-
16077100,Dobitschen,-,-,-,-,-
16077100,Drogen,-,-,-,-,-
16077100,Göhren,-,-,-,-,-
16077100,Göllnitz,-,-,-,-,-
16077100,Göpfersdorf,45,213,69021,69021,-
16077100,Langenleuba-Niederhain,45,1718,-,-,-
16077100,Lumpzig,-,-,-,-,-
16077100,Mehna,-,-,-,-,-
16077100,Nobitz,44,7017,461725,461725,-
16077100,Starkenberg,-,-,-,-,-
16077200,Dobitschen,45,412,-,-,-
16077200,"Meuselwitz, Stadt",41,10219,226044,226044,-
16077200,"Schmölln, Stadt",44,13682,3208424,3208424,-
16077300,"Schmölln, Stadt",-,-,-,-,-
16077400,Fockendorf,50,752,103488,-,-
16077400,Gerstenberg,50,473,-,-,-
16077400,Haselbach,50,800,243783,-,-
16077400,"Pleißenaue, Verwaltungsgemeinschaftsverwaltung",55,5050,28506,-,-
16077400,Treben,50,1166,87500,87500,-
16077400,Windischleuba,50,1859,10288,10288,-
16077500,Göhren,50,403,-,-,-
16077500,Göllnitz,50,316,291900,291900,-
16077500,Kriebitzsch,50,1007,12193,-,-
16077500,Lödla,50,714,239000,-,-
16077500,Mehna,50,256,-,-,-
16077500,Monstab,50,372,6902,6902,-
16077500,Rositz,50,2730,216110,-,-
16077500,"Rositz, Verwaltungsgemeinschaftsverwaltung",55,7538,-,-,-
16077500,Starkenberg,50,1740,-,-,-
16077800,"Lucka, Stadt",41,3503,-,-,-
16077900,Heukewalde,50,190,-,-,-
16077900,Jonaswalde,50,319,-,-,-
16077900,Löbichau,50,942,-,-,-
16077900,Nöbdenitz,-,-,-,-,-
16077900,"Oberes Sprottental, Verwaltungsgemeinschaftsverwaltung",55,2713,-,-,-
16077900,Posterstein,50,445,916399,-,43842
16077900,Thonhausen,50,516,76700,76700,-
16077900,Vollmershain,50,301,-,-,-
16077900,Wildenbörten,-,-,-,-,-
